datetime,underlying_price,NIFTY27JAN2625200CE,NIFTY27JAN2625300CE,NIFTY27JAN2625400CE,NIFTY27JAN2625500CE,NIFTY27JAN2625600CE,NIFTY27JAN2625700CE,NIFTY27JAN2625800CE,NIFTY27JAN2625900CE,NIFTY27JAN2626000CE,NIFTY27JAN2626100CE,NIFTY27JAN2626200CE,NIFTY27JAN2626300CE,NIFTY27JAN2626400CE,NIFTY27JAN2626500CE,NIFTY27JAN2623800PE,NIFTY27JAN2623900PE,NIFTY27JAN2624000PE,NIFTY27JAN2624100PE,NIFTY27JAN2624200PE,NIFTY27JAN2624300PE,NIFTY27JAN2624400PE,NIFTY27JAN2624500PE,NIFTY27JAN2624600PE,NIFTY27JAN2624700PE,NIFTY27JAN2624800PE,NIFTY27JAN2624900PE,NIFTY27JAN2625000PE,NIFTY27JAN2625100PE
2026-01-07 09:15:00,26111.65,0.12662,0.1233,0.11741,0.11730825625506051,0.11005,0.10576,0.10072922909447274,0.09724,0.0957,0.09397,0.09187,0.09041,0.08908,0.08795,0.1784,0.17237,0.16928,0.16328144146453413,0.1576,0.1524,0.14697,0.14105,0.13613,0.13085,0.1264,0.12142,0.11631,0.1115
2026-01-07 09:20:00,26141.4,0.08632,0.10344953898473852,0.11098231542574123,0.11779,0.11197,0.11028,0.10670773057276318,0.10340112031434978,0.09837,0.09619,0.09413,0.09236,0.09057,0.08925,0.17962,0.17477,0.1702659137160491,0.16534,0.15950252164921352,0.1542,0.14753,0.14274,0.13849,0.13282,0.12827377549846056,0.12363,0.11851565004354818,0.11353
2026-01-07 09:25:00,26139.35,0.09147,0.09581460762473255,0.09514,0.09933,0.09599,0.09204,0.09216,0.08954,0.08996,0.08861,0.08697,0.08627,0.08541,0.08517893657966423,0.1801,0.17574,0.17154,0.16567,0.15927,0.15424623552901795,0.14919,0.14245,0.13806,0.13242,0.12877,0.12349,0.11817,0.11446087956433837
2026-01-07 09:30:00,26128.95,0.1086,0.10842,0.1115,0.12248,0.10715,0.11098,0.10345,0.10135618225792344,0.09864,0.09511,0.09304,0.09123,0.08927080353692594,0.08843,0.18174,0.17682452897660295,0.17206,0.16502,0.15755,0.1528695953631366,0.14691,0.14209,0.13721,0.13184,0.12722,0.12252,0.11729,0.112
2026-01-07 09:35:00,26131.9,0.10462,0.10538,0.12459,0.12051,0.11225,0.11294,0.10544,0.102727985047594,0.09896,0.09590440915702642,0.09412,0.09136,0.09014,0.08885,0.18193,0.17717623094240695,0.17226,0.16522,0.15924,0.15334,0.14784,0.1423,0.1372976387256648,0.13219,0.12733,0.12295,0.11707,0.11312885646666858
2026-01-07 09:40:00,26145.15,0.07079,0.07639,0.08313,0.08523,0.08812894209775693,0.08734,0.08783441302802662,0.08638943258130954,0.0845,0.08386,0.08369707517018209,0.08301,0.08262,0.08249,0.18277,0.1782,0.17265,0.16631,0.15883,0.15343,0.14961,0.14337,0.1382,0.13313,0.12864,0.12374,0.11872,0.11452925077032987
2026-01-07 09:45:00,26113.1,0.11925247374393264,0.11837,0.10826,0.11514,0.1083,0.1055,0.10226,0.09956999391621829,0.09741,0.09438,0.09237,0.09075,0.08895455287097381,0.08809,0.18107,0.17468,0.1704,0.16426,0.157,0.15289,0.14697,0.14089,0.13571,0.13075,0.12599,0.12096,0.11591347755753201,0.11071
2026-01-07 09:50:00,26110.0,0.1241568514377788,0.12087,0.10978,0.10780808458960794,0.10550319606265718,0.10476,0.09939,0.0968,0.09542,0.09316,0.09122,0.08945,0.08825985781255981,0.08699,0.180581159733036,0.1745,0.17045,0.16386,0.15681,0.15155,0.14694,0.14103096498119475,0.13566,0.13068,0.12601,0.12092678862398311,0.11607,0.11095
2026-01-07 09:55:00,26108.9,0.13029,0.12175,0.13487,0.12473677955047005,0.12009,0.11328,0.11092118302082847,0.10703313010816586,0.10426,0.10032,0.09739,0.09479,0.09256,0.09083,0.18084,0.17444,0.16945,0.16358,0.15675,0.15172504857725094,0.14636,0.14063,0.1353,0.13057563601060576,0.12571,0.12047,0.11529650085761953,0.10983
2026-01-07 10:00:00,26140.3,0.09239,0.0877,0.115,0.11531,0.11123,0.10752,0.10161,0.1004826830016419,0.09747,0.09470794698195441,0.09255,0.09062,0.08911,0.0915272076752126,0.1828,0.17745,0.1717,0.16515,0.16067,0.15356,0.1481,0.14259,0.1374487728481134,0.13216,0.12774,0.12248,0.1173590198936051,0.1122
2026-01-07 10:05:00,26142.95,0.09688137962407604,0.08237,0.11304,0.1131051814628551,0.11037,0.11308,0.11004,0.10336,0.10275,0.09909,0.09616,0.09328684624800596,0.09181,0.09023,0.18298,0.17622,0.1714,0.16534,0.15961,0.15374,0.14828,0.14278,0.13766,0.13236,0.12794,0.12247,0.11739,0.11183
2026-01-07 10:10:00,26159.15,0.10591,0.11189,0.09886,0.10243619272041128,0.10290670579165864,0.10433513891926878,0.10588,0.1023591320441795,0.10021620692397609,0.09746,0.09524,0.09264,0.09117,0.08945,0.1848344650555057,0.17867055857022668,0.17292,0.16683,0.16078720195730326,0.15501,0.14937,0.14421,0.13893,0.1335,0.12947,0.12462,0.11843,0.11309
2026-01-07 10:15:00,26183.8,0.12049,0.09722,0.11136,0.09406,0.09202,0.09272668990459641,0.09326,0.08786,0.08838,0.08771253221094163,0.0865888902113781,0.08527,0.08415,0.08510132642945074,0.18267,0.17855211143439276,0.17425,0.16842,0.16269,0.15663,0.15173,0.14572,0.14048,0.13536,0.13028,0.12548,0.12019,0.115
2026-01-07 10:20:00,26169.15,0.13492,0.11376,0.12267,0.11138669964012629,0.10785,0.10292487492845843,0.09695,0.09399,0.09285,0.0907339927824159,0.08918,0.08778,0.08646,0.08546,0.18381,0.17694,0.1723906806283672,0.1675,0.16154065411122132,0.15603399537706344,0.15024,0.14514079029851604,0.13994,0.13449,0.12949,0.12431,0.11901,0.11379
2026-01-07 10:25:00,26152.25,0.14819,0.11685,0.1055,0.10144,0.09465493205744695,0.09328019382448029,0.09325,0.09388,0.0911,0.08994158548162531,0.08801,0.08672,0.0857,0.08459,0.18279,0.1759,0.17076027712248873,0.16540671303900378,0.16026,0.15459,0.14949,0.14378,0.13834,0.13291,0.12889,0.1234,0.11784,0.11258
2026-01-07 10:30:00,26130.45,0.14045,0.13392,0.12199,0.11584523483787555,0.11048332647628806,0.10631,0.10164,0.09839,0.09595102850091394,0.09407,0.09185420918279884,0.09000673211433709,0.0883,0.08712,0.18145,0.17666,0.17139,0.16528,0.15951057240713976,0.15318,0.14805,0.14233,0.13686,0.1314,0.12709,0.1217,0.11602,0.11174505266878669
2026-01-07 10:35:00,26133.05,0.13848,0.13213,0.12246648051442317,0.11483840572111348,0.109,0.10357,0.10375,0.09754,0.09843,0.09513428208416456,0.09299,0.09122821303769184,0.08935,0.08769,0.18189876875690802,0.17607,0.17133,0.16478,0.15931338509218995,0.15317,0.1486,0.142521939371893,0.13675,0.13159,0.12694,0.12169,0.11634418423353664,0.11086
2026-01-07 10:40:00,26144.05,0.1319621050068237,0.1239,0.11656867668613753,0.11069,0.10628781481422299,0.10253,0.09977745399487187,0.09761,0.09496,0.0927280808783178,0.09067,0.08891096338371794,0.08738,0.08609,0.18288,0.17732297231080407,0.17204,0.1655,0.15977,0.15409,0.14898,0.14327,0.13781,0.13264,0.12761,0.12222781527629299,0.11697,0.11208670045258791
2026-01-07 10:45:00,26141.15,0.12448,0.120268403342297,0.11456,0.114,0.10828,0.10332,0.10041,0.09745,0.09479726349850448,0.09195,0.09043,0.08885,0.08722533980743476,0.08575,0.18131,0.1766,0.1709487100965789,0.16533,0.15938,0.15392,0.14844,0.14292,0.13762,0.13204,0.12718,0.12241,0.11676,0.1121478358661323
2026-01-07 10:50:00,26146.85,0.15441,0.12166,0.12264,0.12576,0.11054435014991838,0.10062,0.10355491719358768,0.10421,0.10121,0.09751,0.09502,0.09229,0.09052,0.08866,0.18168,0.17658520900312835,0.17128,0.1657,0.15997977753625672,0.15411,0.14865,0.14331,0.13772,0.13245,0.12747,0.12241,0.11671,0.11127
2026-01-07 10:55:00,26168.55,0.11618,0.09908,0.10582,0.10209848993480834,0.10027,0.09883,0.09819,0.09465,0.09529,0.09256,0.0906,0.08877,0.08737,0.08584,0.18331,0.17727,0.17315,0.16687,0.16117,0.1557134767699595,0.1501,0.14478,0.13937,0.13411,0.12903,0.12353061840574475,0.11815,0.11277
2026-01-07 11:00:00,26160.15,0.14217,0.10926,0.12493,0.12832,0.11709,0.11632,0.11182,0.10649,0.10367,0.0996,0.09689,0.09419,0.09188,0.08834630948785228,0.18281,0.17727,0.17264,0.16635,0.1609260506898092,0.155,0.14973,0.1444,0.13896,0.1334,0.12844,0.12318,0.11743,0.11204
2026-01-07 11:05:00,26182.1,0.08900397149687127,0.06317,0.10803,0.11224,0.11009,0.10412,0.09991,0.09817,0.09503826998872007,0.0919,0.0899897660987387,0.08838,0.08688,0.0856,0.18446,0.17867,0.17404,0.16776,0.16186,0.15647486310884118,0.15102,0.14572,0.1403638289462906,0.13508,0.1298690883285996,0.12479,0.11928,0.11373
2026-01-07 11:10:00,26166.7,0.10995602512517404,0.10165,0.12041,0.11279289140364894,0.10432,0.10239102587032892,0.09653,0.09486689763046467,0.09205,0.08991,0.08867,0.0868932939189096,0.08535,0.08431,0.18353,0.1772,0.17284,0.16679,0.16173,0.15382,0.1498925012884038,0.14469,0.13988,0.13401,0.12902522064042007,0.1239,0.11804,0.11274
2026-01-07 11:15:00,26148.15,0.15103,0.12068,0.11816299174089674,0.11697,0.10479,0.10114,0.10383,0.10015,0.09801,0.09552818375928158,0.09307,0.0912571479549932,0.08902,0.08724,0.18212,0.17646,0.17107289560821384,0.16562,0.1597,0.15445,0.14843,0.14362,0.13802,0.13232,0.12745186613707588,0.12244,0.11685,0.11124
2026-01-07 11:20:00,26148.9,0.13325,0.1294708404297883,0.13221,0.10563,0.10438,0.10039074898842199,0.09484,0.09535,0.09244281631825362,0.0912,0.08892,0.08742,0.0862,0.08517,0.1818709918113631,0.17612,0.17222,0.16569,0.16006778133948293,0.15412,0.14849,0.14368,0.13808,0.13238,0.1278,0.12220401092780246,0.11682,0.11139
2026-01-07 11:25:00,26140.4,0.14019,0.13835831341150867,0.13724,0.11602,0.10911,0.10542744373745598,0.1008537562551843,0.09746594156465813,0.09524060621971055,0.09357,0.09156028724079303,0.08967,0.08807,0.08663,0.18106831654548736,0.17534,0.17146,0.16493,0.15901,0.15337,0.14813817567641116,0.14296,0.13721,0.13166,0.12663197069196364,0.12146,0.1159,0.11031
2026-01-07 11:30:00,26144.45,0.13223,0.1238,0.13491,0.12795,0.10692,0.10959,0.11051,0.10497,0.10338,0.09905,0.0955,0.0933,0.09089,0.08913,0.18165,0.17587,0.17124,0.16588,0.1595,0.15428283711985918,0.1487039574252443,0.14324,0.13734,0.13195,0.12677,0.12154,0.11602,0.11071
2026-01-07 11:35:00,26160.05,0.1379,0.10954,0.12705,0.11342,0.1144,0.09898,0.09861,0.0955,0.09382,0.09112,0.08876,0.08773664899767297,0.08612,0.08473,0.18262,0.17686,0.17249,0.16689,0.16051,0.15488,0.14989,0.1443,0.13873,0.13333,0.12776,0.12249262635667557,0.11739,0.11192
2026-01-07 11:40:00,26147.1,0.1293661177815853,0.12168,0.13513,0.11628,0.12094,0.10735,0.10434,0.10029259040764384,0.09677,0.09297,0.09119,0.08937,0.08741,0.08616,0.18184,0.17607,0.17108771567625164,0.16608,0.15948,0.15385,0.14842,0.14309581763150514,0.13755,0.13244,0.12735,0.12187,0.11653,0.11076
2026-01-07 11:45:00,26136.15,0.15533,0.13021,0.12347,0.11394042924772478,0.10991914227327154,0.10719,0.10479,0.09917,0.09782,0.09505,0.09244,0.09021,0.08867683981424102,0.08711,0.18118,0.17565,0.17036923197427042,0.16517,0.15878,0.15314,0.14771,0.14255,0.13711,0.13168,0.12657,0.12108,0.11582030501409649,0.11045
2026-01-07 11:50:00,26138.65,0.15371,0.12839,0.12183,0.10693,0.11294,0.10108275934202915,0.09573,0.09332,0.09232,0.08996,0.08826,0.08661,0.0858778620132572,0.08458,0.18163,0.17566,0.17026472849955634,0.16488,0.15896,0.15312,0.1477,0.14256,0.13713152121705482,0.13173,0.127,0.12127,0.11611,0.11082
2026-01-07 11:55:00,26126.7,0.15560713083813885,0.13681,0.12324723242362623,0.11165,0.11006,0.10405,0.10053,0.0968,0.09586,0.09281354781574928,0.09077,0.08914589091311355,0.08749,0.08637,0.18119,0.1756515603224031,0.17019,0.16413,0.1582,0.15235,0.14692,0.14193,0.13603,0.13077,0.12604,0.12062,0.11541,0.11042
2026-01-07 12:00:00,26121.55,0.16447,0.14018,0.12062,0.11229289566201818,0.1067215710637941,0.10525,0.10099,0.09795,0.09557,0.09277,0.09077,0.08877,0.08752442847847926,0.08587,0.18089,0.17468,0.17036,0.16382,0.15788,0.1523411625795485,0.14659,0.14120486471161062,0.13584,0.13042,0.12544,0.12036,0.11541,0.11002
2026-01-07 12:05:00,26110.95,0.17059,0.14532884013602418,0.12592,0.11854,0.11393,0.10904,0.10471,0.10030732388378273,0.09754657033002574,0.09505,0.09261,0.09097746820568407,0.0893055978972079,0.08731,0.18024,0.17388,0.16946,0.16361,0.15775525138674318,0.152059722299634,0.14608,0.14106,0.13542,0.13009,0.12564,0.12023,0.1149,0.10954
2026-01-07 12:10:00,26110.45,0.16897269900740144,0.14699,0.12624,0.12268,0.11388874894879894,0.10926,0.10682,0.10029,0.10023,0.09643,0.09378,0.09151,0.08936,0.0895281979214006,0.18051,0.17387,0.1684262386621716,0.16336,0.15632,0.15152,0.14588,0.14087,0.13554,0.13007,0.12538,0.11999,0.11469,0.10926
2026-01-07 12:15:00,26107.4,0.1726,0.14730686467208381,0.1281,0.11917198696254726,0.11242544926896628,0.11083,0.10355,0.10125,0.09722,0.09467,0.09205,0.09009,0.08853,0.08725,0.18033,0.17372,0.16902,0.16318,0.15679,0.15137993138889744,0.14568,0.14051,0.1352,0.13013,0.1254,0.11967,0.1149770157487619,0.11014942646847604
2026-01-07 12:20:00,26103.3,0.14749,0.15113,0.12846,0.12228,0.11176,0.1131,0.10716,0.10184,0.09835,0.09590476010472135,0.09375,0.09145,0.08962,0.0882,0.18064,0.17369,0.16828172752124787,0.16293,0.15675,0.15088,0.1457695245302052,0.14057,0.13537,0.12972,0.12512,0.1199,0.115,0.11056757455259808
2026-01-07 12:25:00,26106.55,0.14529,0.13463835764596555,0.12654,0.11526,0.11023,0.10932,0.10306,0.09924,0.09688,0.09433,0.09216,0.0903114514820035,0.08851,0.08719,0.18086,0.17367,0.16924,0.16338,0.15697,0.15111,0.14608933507622596,0.1408,0.13569152186930464,0.13065871125595963,0.12583,0.12057,0.11544,0.11046
2026-01-07 12:30:00,26108.85,0.13861531280915837,0.13189,0.12764,0.12135,0.11389,0.1097,0.1052,0.10143,0.09905,0.09602,0.09375,0.09150192573458937,0.08962,0.0881,0.17935032890377156,0.17382,0.1680457611985236,0.1624271935729252,0.15713,0.15127,0.14704,0.141194362135734,0.13591852399588583,0.13053,0.12554,0.12044,0.11535,0.11008
2026-01-07 12:35:00,26106.25,0.13895,0.1286962480257899,0.1212467820043341,0.11553,0.11035,0.10842,0.10552,0.10146,0.09871,0.09611,0.09355,0.09112120395542382,0.08912,0.09000662312405744,0.17976,0.17473,0.169,0.16316,0.15719,0.15237,0.14602,0.14097,0.13531,0.13035,0.12571,0.12036,0.11516,0.11057286511087014
2026-01-07 12:40:00,26103.5,0.11991,0.11696,0.11289,0.10667,0.10291,0.09959333251614845,0.09545,0.09235,0.0917,0.08965,0.08826,0.08653,0.0853,0.08439,0.1796,0.17457,0.16884,0.16299,0.15724,0.15153,0.14638,0.14079,0.13557,0.13083,0.12552,0.12089,0.11587,0.11143907731879922
2026-01-07 12:45:00,26084.3,0.13611,0.13107,0.1253,0.11451,0.11253,0.10675,0.10228095348097528,0.0982,0.09613,0.09317,0.09116,0.08921,0.08769040088845324,0.08642,0.1774956435917225,0.17193,0.16655521088914416,0.16086,0.156,0.15028,0.14511,0.1395,0.13425,0.12896,0.12449,0.11932229075570161,0.11438713322280959,0.10937
2026-01-07 12:50:00,26084.8,0.13576,0.13076,0.12502,0.11425,0.11181,0.10873,0.10386,0.09994,0.09747,0.09457,0.09258,0.09051728946628164,0.08887,0.08759,0.17985,0.17281,0.16768,0.16159,0.15605,0.15118,0.14514092254273056,0.13954,0.13415,0.12916865953357778,0.1243,0.1192,0.11391,0.10931214120558752
2026-01-07 12:55:00,26089.25,0.13253919928949373,0.12780242427196656,0.12235,0.1206,0.11469,0.10908,0.10466,0.10084,0.0984,0.0947,0.09279,0.09043,0.08873,0.08741,0.17909541166355386,0.1734161521449603,0.16774,0.16189,0.15657,0.15117,0.14577,0.13937,0.13418,0.1288,0.12429,0.11934,0.11381,0.10923873143315993
2026-01-07 13:00:00,26099.15,0.13774,0.12917290778703674,0.12114,0.11955,0.11469,0.10982,0.10508156515777764,0.10038,0.09815,0.09453,0.09202,0.09013,0.0883,0.087,0.17939,0.17435,0.1685562288452976,0.16276,0.15729,0.1513,0.1458467311621171,0.14022,0.13486548615816754,0.12951,0.12442,0.11914,0.1141,0.10896
2026-01-07 13:05:00,26103.3,0.1224105705582406,0.11724,0.11793174299196936,0.11697,0.11188,0.10731,0.1025,0.09934,0.09665,0.09357251653516616,0.09115,0.08926,0.0873,0.08606,0.17966,0.17414711220911364,0.16866,0.16285,0.15729,0.15201,0.14642,0.14034,0.13517,0.1298354446199505,0.12461,0.11956,0.11452,0.10938
2026-01-07 13:10:00,26105.85,0.13259,0.11512,0.1175245707147108,0.11921,0.10758,0.10426,0.10056,0.09767790034203756,0.09497,0.09178,0.08993,0.08809,0.08670967216942944,0.08572,0.1789,0.17454,0.16883,0.16274,0.15661,0.15176,0.14599232321447653,0.14036,0.13536,0.13023814754101234,0.12528,0.11997,0.11473,0.10925
2026-01-07 13:15:00,26097.2,0.13545,0.12209,0.11944022161367567,0.11571301269384046,0.11389,0.10820995719025095,0.10413437249596323,0.10025,0.09667,0.09342,0.0919,0.08937,0.0877938728477482,0.08674,0.17932,0.17401,0.16878,0.16261,0.15718,0.1512,0.14514,0.14012,0.13495628638657603,0.1298,0.1249,0.11945,0.11408,0.10916
2026-01-07 13:20:00,26097.45,0.13528,0.12192,0.12229,0.11051,0.10726,0.10272,0.09787,0.09553,0.0935,0.09048,0.08899,0.08751881765627843,0.08593,0.08506,0.17786,0.17271,0.16753503585977594,0.16248,0.15609,0.15123,0.14535,0.14014768134203542,0.1348,0.12982,0.12453478975147003,0.11942523770830442,0.11434689194509307,0.10935
2026-01-07 13:25:00,26076.35,0.13635,0.13632,0.13447,0.11507,0.11124,0.10481,0.10174,0.09783,0.09578,0.09306,0.09102,0.09124968064653567,0.09043256593590002,0.08975243072319511,0.17677,0.17141,0.16651,0.16114,0.15549322607499036,0.14992,0.14396,0.13872,0.13332851518407235,0.1280614253147832,0.12294,0.11771,0.11287,0.10858620876773972
2026-01-07 13:30:00,26070.0,0.14088,0.13882441250327493,0.13783,0.11987,0.11361,0.10953729007382618,0.10439103914352502,0.10029,0.09795,0.09434,0.09254,0.09022,0.08856,0.08830620747611433,0.17822,0.17166,0.16631234269408307,0.16075,0.15539,0.14993,0.14413698566361638,0.13846,0.1331474350204346,0.12764,0.12272,0.11749869614126886,0.11258,0.1072
2026-01-07 13:35:00,26074.55,0.151065074218163,0.14152012419625257,0.13547,0.12112,0.1144,0.11189,0.10505,0.10046,0.09766,0.09457,0.09234,0.09017,0.0882,0.08695,0.17852,0.1725923523409441,0.16691,0.16108,0.15549293585700055,0.14990510744694654,0.14467,0.13862,0.1328,0.1281,0.12259,0.11738,0.11229,0.10733031027278508
2026-01-07 13:40:00,26074.2,0.13798,0.13149,0.13567,0.12103,0.11374,0.11020933631328236,0.104,0.10033,0.09781,0.09458686022795025,0.09207,0.09026,0.08842,0.08693,0.17851,0.17132,0.16666,0.16104,0.15485,0.1496896922325759,0.14464,0.13877,0.13308,0.12729,0.12293,0.11799,0.11254206856943662,0.10731
2026-01-07 13:45:00,26072.8,0.14352048512860627,0.1375,0.13079135697489408,0.12452,0.11755,0.1126,0.10713,0.10257,0.10008,0.09637,0.09394,0.09167,0.08976,0.08827,0.17844,0.17242899010533583,0.16658,0.16074,0.15498495762421635,0.14982,0.14267,0.13852,0.1328108074167641,0.1272,0.12272,0.11748,0.11227,0.10712
2026-01-07 13:50:00,26083.4,0.1311,0.13079,0.13071,0.11458,0.1109,0.10573,0.09955,0.09775,0.09571,0.09249,0.09049,0.08864,0.08724,0.086,0.17862699189153866,0.1727187950442947,0.16703,0.1612540474138051,0.15547,0.15029,0.14357,0.13909,0.13359,0.12796,0.1235,0.11838,0.11309,0.10797
2026-01-07 13:55:00,26079.6,0.13406,0.13344572816397857,0.13283,0.12454,0.11271,0.11314,0.10699380722516977,0.10267,0.09951,0.09595,0.09371,0.09128,0.089289790479487,0.0879,0.17644,0.17088,0.1663,0.16097,0.15524,0.14995,0.14426961623271056,0.13868,0.13319,0.1277,0.12323,0.11758,0.11262,0.10823324283316177
2026-01-07 14:00:00,26088.65,0.12683,0.12726,0.12030308871240517,0.11522047082622983,0.10839,0.10736,0.10616,0.10137513531440483,0.09891,0.09497,0.09279710559963297,0.09048,0.08855,0.08723,0.17765502515148252,0.17215882037796845,0.16664,0.16202,0.15453,0.15055,0.14487,0.13898,0.13368,0.12808,0.12366,0.11826,0.11304,0.10766
2026-01-07 14:05:00,26096.3,0.11994,0.12171,0.11491,0.11938,0.10453,0.10799,0.10284,0.09928177209016253,0.09620306353167453,0.09296,0.09098,0.08867112069289469,0.0871,0.08586,0.17797,0.17139,0.16710170177419692,0.16253,0.15631589509745644,0.15048,0.14520983172696625,0.13967,0.13406,0.1293,0.1241,0.11873,0.11363,0.10818
2026-01-07 14:10:00,26100.95,0.11527,0.11807,0.11166,0.11718,0.11077,0.10686,0.10024,0.09667,0.09492,0.09140293732427102,0.08935408851921305,0.08774,0.086129886665097,0.08509,0.17716891250482592,0.17169,0.16716475909639242,0.16284,0.15557,0.15079,0.1446,0.14033,0.13485,0.12967985726971876,0.12445,0.11951,0.11389,0.10872
2026-01-07 14:15:00,26097.3,0.1254866095416275,0.12055,0.11426,0.11114,0.10676735721383376,0.10373,0.09785,0.09599286143205875,0.09355,0.09092,0.0891558760311156,0.08749,0.08602,0.08474,0.17776,0.17148,0.16773,0.16193,0.15535,0.15096,0.14437,0.13993,0.13446,0.12926,0.12455,0.11925,0.11381,0.10886
2026-01-07 14:20:00,26090.7,0.12516,0.12549,0.11905045390129078,0.11458,0.10805,0.10504004675148769,0.10217,0.09626,0.09463,0.09177,0.08988,0.0878445716807413,0.08632,0.0852,0.17653216626350338,0.17108,0.16806,0.16129,0.15707,0.15093,0.14504,0.13955719334553504,0.13371,0.12826,0.12397,0.11856,0.11323,0.10826
2026-01-07 14:25:00,26090.45,0.1254,0.12569,0.11921126793747913,0.11309,0.11201,0.10649812042336958,0.10202,0.09924520550962869,0.09695,0.09333,0.09125,0.08910975827746785,0.08744,0.08588,0.17707,0.1725168221740049,0.16806,0.16128,0.15769,0.14994,0.14486,0.14014,0.134,0.12826,0.12384,0.11834,0.11312,0.10767
2026-01-07 14:30:00,26098.65,0.11775,0.11726674160815824,0.11338,0.11283,0.108,0.10375,0.0957,0.09374,0.09245,0.08931,0.08759,0.08626898711056569,0.08508,0.08388,0.17759,0.1716,0.16859,0.16182,0.15844,0.15109,0.14578,0.14087,0.13488,0.12884,0.12387521750329406,0.11906,0.11385,0.11018998547124903
2026-01-07 14:35:00,26088.15,0.12742,0.12736,0.12038,0.12188,0.1129,0.10654,0.10546,0.10076,0.09843,0.09465,0.09268,0.09026,0.0892265867970192,0.08820931123819632,0.17696,0.17096,0.16667843153913095,0.16168909747259708,0.15715,0.15041,0.1454461735891194,0.14,0.13416,0.12901300173070276,0.12393,0.11829,0.11314248376069551,0.10792
2026-01-07 14:40:00,26097.55,0.11889,0.12046,0.12077697902523242,0.12266,0.10834,0.11052,0.10398,0.10004,0.0976,0.09418,0.0917598548365249,0.09003,0.08824,0.0868,0.1780233087942769,0.17267,0.16855,0.1631336898027383,0.15778,0.15104,0.14536,0.14082,0.13497,0.12892,0.12414,0.11889,0.11311,0.10835344123450547
2026-01-07 14:45:00,26107.25,0.12396,0.11763,0.1223,0.1067,0.10319,0.10394,0.09526,0.09287,0.09155,0.08889,0.08749,0.08584,0.08476,0.0837,0.17859423171590813,0.17329,0.16884229020758543,0.16401,0.15796187103012038,0.15169,0.14639,0.14074249842038222,0.13506,0.12989,0.12485,0.11942592307923874,0.11414,0.10918
2026-01-07 14:50:00,26098.4,0.13162,0.13675,0.12915,0.12292,0.11776765876547982,0.11258,0.10664,0.1023,0.0996,0.09579,0.09332,0.09112,0.09037546690325023,0.08958269360822504,0.17642,0.17285592496273566,0.16839,0.16346,0.15807,0.15112,0.14581,0.14057,0.1343,0.12831,0.1241,0.11836353007432066,0.1132,0.108
2026-01-07 14:55:00,26113.35,0.13149,0.12732,0.11988,0.1167,0.10902,0.10408,0.10127,0.09787199541730154,0.09552,0.09223,0.09015,0.08829536927527677,0.0865,0.08529,0.17946,0.1737,0.16935,0.1639764629254769,0.15885,0.15268275770168038,0.14645,0.14127,0.13550968789616172,0.12937,0.12507,0.11986,0.11433,0.10908
2026-01-07 15:00:00,26123.1,0.12276,0.11978,0.11306,0.11132,0.10302,0.10129555937976943,0.09855,0.0946,0.09262639660209962,0.09028,0.08881,0.08709,0.08574236707928107,0.08446,0.17827,0.17432548179427462,0.16948,0.1653,0.15908,0.15355,0.1473,0.14211,0.13767,0.13048,0.12578,0.12037,0.11508,0.11121202351878282
2026-01-07 15:05:00,26133.7,0.11118,0.11022,0.11108082827862918,0.11163,0.10334,0.10225,0.09753,0.09433,0.09232827341040366,0.08993,0.08822,0.08652,0.0851949612595795,0.08421,0.17893,0.175,0.16966,0.16599,0.15900383973154195,0.15163,0.14746,0.14188516867784295,0.13677,0.13081,0.12618,0.12072,0.11529,0.10998
2026-01-07 15:10:00,26142.1,0.09884,0.11876,0.11059,0.11222,0.10533,0.10244,0.09801,0.09482,0.09307,0.0906,0.08896,0.08737,0.08575,0.08255170189835383,0.17966349494640507,0.17441,0.17030022953802865,0.16564,0.16034,0.15424,0.14886168288636686,0.14318159922869056,0.13766,0.13155,0.12641,0.12179,0.11633,0.11055
2026-01-07 15:15:00,26147.8,0.10654,0.11355,0.10582,0.09637,0.09611284199646548,0.09213,0.08989,0.086,0.08722,0.08611,0.08507,0.08366,0.08305,0.08238,0.17951,0.1759,0.17108,0.16531,0.16019089928145624,0.15482,0.14842,0.14365,0.13775,0.13182,0.12758,0.12182651608145087,0.11657,0.11235079574294367
2026-01-07 15:20:00,26138.3,0.11792,0.12203,0.1136,0.10598,0.0986,0.09832,0.09507,0.0919928116364762,0.09046,0.08884,0.08713,0.08594360500313761,0.08502,0.08402,0.18137,0.1742,0.17198,0.1652030226572325,0.1599,0.15239,0.14836,0.14335,0.13727,0.13102,0.12552,0.12142,0.11616,0.11054
2026-01-07 15:25:00,26139.7,0.11638,0.12088,0.11254,0.10921004805572114,0.09944,0.09616,0.09398,0.09147,0.09192,0.09000680178600588,0.08703,0.08549,0.08686635285668295,0.08710818172958885,0.17936,0.17731,0.17159,0.16754,0.16085,0.15228,0.14936,0.14228,0.13722,0.13148641498629166,0.12627,0.12052,0.11608,0.11012
2026-01-08 09:15:00,26101.75,0.11678,0.12809795539792748,0.09164,0.11444,0.09806,0.1029,0.09933,0.0938,0.09226,0.09026,0.08847,0.08694454714614396,0.08673,0.08567,0.18174,0.17806,0.17069,0.1615602855340482,0.15934,0.15375932033110268,0.148,0.14234,0.13554,0.13056,0.12504,0.11964,0.11443,0.10991185250839416
2026-01-08 09:20:00,26109.7,0.10711,0.1038582696729413,0.0813,0.09165,0.09017,0.09083,0.08783,0.08752667737649113,0.08606373633360268,0.08478,0.08368,0.08269,0.08519616982127745,0.08605083744713031,0.18347474481537973,0.17724,0.17249,0.16333833984354756,0.15934,0.15404,0.14616,0.14272,0.13626,0.13099,0.12580104906171066,0.12062510101218356,0.11556,0.11016
2026-01-08 09:25:00,26087.55,0.10989,0.11026874514867539,0.10509,0.09447,0.09178,0.0908,0.08627,0.0861,0.08568,0.08435,0.08393756111485152,0.08332,0.08302946637720236,0.08234,0.18263,0.17720327510759362,0.17156,0.1635706588658366,0.15850005205217343,0.15257,0.14449,0.14138,0.13473,0.12985,0.12516,0.12037,0.11455,0.10927
2026-01-08 09:30:00,26063.1,0.13321,0.11121,0.10224,0.1061,0.09787,0.09834,0.09432,0.0918,0.091,0.08905,0.0876973343019483,0.08686820936870614,0.0856,0.0849,0.18109,0.17429,0.16925,0.16237269131280072,0.15695,0.15213,0.14305,0.14003,0.13411,0.12873732298702914,0.12378014300890214,0.11873695419014652,0.11362822145640677,0.10857
2026-01-08 09:35:00,26053.95,0.14005,0.13029773525267707,0.12412363440737803,0.1235,0.10269,0.11067,0.10566,0.10007,0.09883,0.09570124712732311,0.09332163942692964,0.0915,0.09,0.0907217737736819,0.17789,0.173508874820969,0.16867,0.1625672434058017,0.15635,0.15153,0.1452480414969354,0.13941,0.13378,0.12774,0.12355,0.11742,0.11243,0.10685
2026-01-08 09:40:00,26092.65,0.08686049895588067,0.07222,0.10736,0.10182,0.09554,0.0984562541566366,0.09243,0.09023,0.08867,0.08688,0.08594945778360684,0.08526,0.08421344582093987,0.08339,0.18193584896470208,0.17621,0.17119,0.16453,0.15915,0.15415,0.14546,0.14211,0.13591,0.13053,0.12522613386625805,0.11998329540695757,0.11483585771240543,0.10987
2026-01-08 09:45:00,26077.7,0.12038,0.09884,0.1027501980562153,0.1063,0.09633,0.09896,0.09438,0.09359424812136875,0.09236,0.09023,0.08831,0.08718,0.08581,0.08713342756140469,0.18062,0.17472,0.17048,0.16608,0.1590615738259415,0.15256,0.14601,0.14108,0.13532082567892176,0.12961,0.12496,0.11967,0.11477,0.10919
2026-01-08 09:50:00,26070.8,0.12674,0.12348,0.12264,0.11765164400313549,0.11308202063669802,0.1098,0.10385,0.09989,0.09784,0.09522,0.09286,0.09054,0.0886857191762831,0.08742,0.1802,0.17457,0.1698,0.16429,0.15795,0.15191,0.14635666514019469,0.14061,0.13485,0.12954,0.12542,0.11937,0.11424,0.10999736351701996
2026-01-08 09:55:00,26089.4,0.11893,0.11495822520685159,0.10995,0.10776,0.1017,0.09898,0.09518,0.09178,0.09022945552015454,0.0884,0.08717599773927208,0.08609,0.08468,0.08383,0.18197,0.17577,0.17225,0.16643,0.16020059217486998,0.15377,0.14812,0.14291,0.13688959715637614,0.1313,0.12645,0.12111,0.11698125680652943,0.11341162038309742
2026-01-08 10:00:00,26081.9,0.12612,0.11463,0.11541,0.09567,0.0905,0.09307,0.09216,0.08846618233073456,0.08683,0.08602140634421701,0.08485027729202378,0.08348,0.08295,0.08222,0.18152,0.17531,0.17055,0.16595,0.15977,0.15308,0.14762,0.1424,0.13636317007028764,0.13036,0.12591,0.12012,0.1156,0.1098
2026-01-08 10:05:00,26068.05,0.13746,0.12556,0.10291,0.10101469361463024,0.09975,0.09371,0.09099975201406721,0.08884,0.0876782916961518,0.08659,0.08564,0.08442,0.08374,0.08403645825925,0.1829,0.17444,0.1704,0.16505,0.15844,0.15236,0.1465,0.14209,0.13589,0.13005,0.12496116064987792,0.11972,0.11452,0.10903
2026-01-08 10:10:00,26050.3,0.1658098869797308,0.13736,0.11243,0.11244,0.1050995808843863,0.10496,0.09910348159255687,0.09617,0.09397,0.09127,0.08964,0.08765,0.0861855018325351,0.08499,0.18178,0.1745,0.16974,0.1632627170399416,0.15727,0.15117,0.1453,0.1407,0.1342,0.1289,0.1237,0.11806,0.11296112893474959,0.10770803007456593
2026-01-08 10:15:00,26055.25,0.12383,0.13428,0.109,0.10141,0.0969,0.09307011944021525,0.08984978001471494,0.0878,0.08731,0.08648,0.08509,0.08406,0.08321,0.08447735584087154,0.18044,0.17472,0.17055,0.16423,0.15803,0.15249,0.14583,0.14138,0.135,0.12954,0.12443,0.11939,0.11427,0.11005583768168826
2026-01-08 10:20:00,26034.9,0.12029662483838459,0.11514,0.11445,0.10932,0.10163,0.10165,0.09571,0.09396,0.09295,0.091,0.08918,0.08756,0.0863602907301414,0.08519,0.17801,0.17343,0.16923,0.16312,0.15709,0.15112,0.14533,0.14027,0.13414,0.12859,0.1235,0.11824,0.11347,0.10802
2026-01-08 10:25:00,26034.15,0.1257211549488641,0.12074,0.11495,0.11027994581602231,0.10612584208457063,0.102666260494943,0.09973,0.09619,0.09422,0.09199225313599335,0.09026,0.08852,0.08737,0.08689674686208174,0.17913,0.17425029235461056,0.16889709059716407,0.1633,0.15706,0.15089,0.14552104035427726,0.14023,0.13396,0.1288,0.12336203298990028,0.11819,0.11354463557287701,0.10930839233477566
2026-01-08 10:30:00,26034.2,0.13043,0.12296,0.11721,0.11248,0.10654,0.10325,0.0989,0.09655,0.09430548915821678,0.09269,0.09096,0.08901,0.0893417292564795,0.0894035672358535,0.17902597613603777,0.17341,0.16898756764313527,0.16481,0.15625,0.15166,0.1458390441337939,0.14016236694860534,0.1344,0.12945,0.12358,0.11841,0.11343,0.10783
2026-01-08 10:35:00,26040.5,0.11556,0.1184,0.10955,0.10308,0.09929,0.09834,0.09467198062971866,0.0917,0.0908,0.08918,0.08801,0.08685684540902258,0.08555,0.08562179157090317,0.1804,0.17383,0.1696973229435584,0.16525,0.15832264325416326,0.15173,0.14627,0.14086,0.13472,0.12929,0.12429,0.119,0.11438,0.10882
2026-01-08 10:40:00,26027.15,0.12731,0.12778,0.11939,0.11406409657066215,0.10746,0.10523,0.09862,0.09633840827006039,0.09385,0.09162524440901022,0.09018,0.0885466919980884,0.08723419881042503,0.08618,0.17956,0.17298,0.16771325107743576,0.162,0.15683,0.15077738373073601,0.14466,0.13962,0.13434,0.12845,0.12352,0.11748,0.11285285198310695,0.10803
2026-01-08 10:45:00,26033.1,0.12731612086510116,0.12128693860001047,0.11577,0.10722,0.10373491454140735,0.10168,0.09616,0.09329,0.09228,0.0904,0.08908,0.08753,0.08787974714178903,0.08815090181632773,0.17855,0.1738156134537455,0.16848,0.1635,0.15712660810004817,0.15125,0.14402,0.1402,0.13407,0.12838,0.12398,0.11885,0.11398,0.10838
2026-01-08 10:50:00,26029.85,0.11819,0.12603,0.10632,0.1050119159322151,0.09795,0.09934,0.09510944429731029,0.09317,0.09208,0.09060702586648177,0.08927,0.08758,0.08634,0.0867272296231623,0.17836,0.17331064301986598,0.16804,0.16287,0.15642,0.15122,0.1454,0.14014,0.13441,0.1293,0.12408,0.11841,0.11399,0.10857
2026-01-08 10:55:00,26018.95,0.12741,0.13303,0.11808816747524234,0.10692,0.10451840352581576,0.10154,0.09625,0.09308,0.09332,0.09144,0.08964,0.08828,0.08684,0.08605,0.17825,0.1725,0.16730535073008193,0.16215,0.1557,0.15049,0.14465,0.13969,0.13433,0.12864374225416847,0.12321063733229291,0.11767,0.1138,0.10917187792994351
2026-01-08 11:00:00,26016.4,0.12889,0.11864,0.10849,0.11085,0.1006,0.10269,0.09771,0.0946,0.09377,0.09163,0.09011750078095644,0.08867,0.08761,0.08722290730558106,0.1791905732881835,0.17348074592571858,0.16772364435826478,0.16178,0.15696,0.15064371383308944,0.14414,0.13982,0.13425417878790213,0.12894,0.1245,0.11922,0.1147699639207512,0.11039498694842421
2026-01-08 11:05:00,26011.95,0.13223,0.12934,0.11954535090390454,0.11196,0.10841,0.1012,0.09888,0.09649,0.09405537856116217,0.09243,0.0908935194502105,0.08952176015890989,0.08817,0.08698,0.18173490010543325,0.1758,0.16808,0.16128,0.15550478635611995,0.15004,0.14464237241451391,0.13952,0.13506,0.12899,0.12417082208377472,0.11898,0.11392,0.1088
2026-01-08 11:10:00,26009.35,0.15363583242063408,0.13098,0.11365,0.10859,0.10287703998723773,0.10029,0.09856,0.09508094291555659,0.09308192116302302,0.09127,0.08993,0.08862,0.0876,0.08655,0.17986,0.17346,0.16717266361764618,0.16112,0.15558399956061894,0.14987,0.14503345127425357,0.14024,0.13516435366335733,0.13021594692101768,0.12544,0.11999,0.11509,0.10994
2026-01-08 11:15:00,26005.55,0.1326399085064328,0.12268,0.1073,0.10588,0.10003,0.09851,0.09432,0.09407,0.09316,0.09112,0.09024030555829145,0.08896,0.08812493863195948,0.08703,0.18067,0.17517,0.171,0.16463608239860492,0.15872756133755092,0.15248,0.14687,0.14114,0.13579,0.13133,0.12617,0.1210747981319124,0.11597,0.11087
2026-01-08 11:20:00,25984.4,0.14374,0.13566,0.11071,0.10416,0.09902,0.09585373404656458,0.09553,0.09345,0.09251,0.0916,0.09065,0.08947,0.09062126022111036,0.09022195124307571,0.17931,0.17519,0.17042,0.16514,0.1596,0.1542518200038739,0.14908,0.14263,0.13824,0.13264,0.12703,0.12199,0.11699,0.11194
2026-01-08 11:25:00,25968.0,0.13393,0.14451,0.12659015954202796,0.11621,0.10783,0.10532,0.10246,0.09972,0.09817,0.09555,0.09412960828477529,0.09258,0.0912,0.09028,0.17885256052526574,0.17343,0.16954,0.1644,0.15998,0.15381009720758754,0.14793444611371764,0.14131,0.13656,0.1308552550645158,0.12547,0.12017,0.11526,0.10994
2026-01-08 11:30:00,25968.05,0.1690344383887553,0.14451,0.12898230170319938,0.1184455852793921,0.10996,0.10584,0.10141282311970795,0.09904,0.09660106661294741,0.09499689851750312,0.09381,0.0924,0.09118,0.09058,0.18023189511627183,0.17458,0.17075,0.16507857077669405,0.15924665658418805,0.15315,0.14693,0.1421,0.13492,0.13068,0.12595,0.12068,0.11592,0.11084
2026-01-08 11:35:00,25971.65,0.1291585181628051,0.1251873080012959,0.12047,0.11888,0.11249,0.10861,0.10423,0.10083,0.09857,0.09641,0.09465,0.09281,0.09139,0.09075384478864724,0.1807108899305377,0.17483,0.17042,0.16424763302773118,0.15823,0.15199,0.146458726609154,0.140829343378623,0.13508,0.13000200108902266,0.12493,0.11964434258971979,0.11426,0.10886
2026-01-08 11:40:00,25983.85,0.13538,0.11016,0.11307,0.10963,0.10398514763376888,0.10171,0.09882718492378284,0.09626,0.09523,0.09304,0.09174,0.0905,0.08937,0.08904,0.17934,0.17566,0.17105,0.16527841518584008,0.15934452179747818,0.15302,0.1472390216584654,0.1413,0.13551,0.13019,0.12571,0.12024404040282301,0.11521,0.10985
2026-01-08 11:45:00,25973.8,0.12243,0.12497,0.10904,0.10930976033540638,0.10746,0.10034,0.09668,0.0956402844472758,0.0941,0.09232231177950147,0.09124,0.09009,0.08932,0.08911,0.1787,0.17567,0.17019,0.16335,0.1583566459001161,0.15249,0.14695,0.14125,0.13574,0.1303,0.12569,0.12043,0.11571,0.11036
2026-01-08 11:50:00,25958.25,0.13347,0.12051,0.1206,0.11501,0.10958,0.10569715790813927,0.10239250715275586,0.09931,0.09775,0.09542,0.0938,0.09237,0.09104,0.0915359846593479,0.1805574430946845,0.17465,0.16935,0.16471,0.15803,0.1514,0.14585,0.14052,0.13471,0.12923,0.12457,0.11926,0.11463,0.1092
2026-01-08 11:55:00,25958.05,0.12189,0.11063,0.10752279914854197,0.10429,0.10019978528373942,0.09719,0.09528288080900477,0.09325,0.09271,0.09138,0.09045,0.08941,0.08854,0.08892,0.18039,0.17443,0.17054,0.16471,0.1587173903016399,0.15281,0.14684,0.14193,0.13633,0.13117758715138578,0.12657,0.12119,0.11693,0.11312701066016405
2026-01-08 12:00:00,25936.15,0.12217,0.11547,0.10832,0.10565852742631947,0.10256,0.10034,0.09708,0.09569,0.09503,0.09382,0.0926,0.09200254124066114,0.09081,0.09107,0.18079,0.17552,0.17076,0.16496,0.156,0.15065,0.14638,0.14152809482976658,0.13743,0.1320236294992707,0.12748,0.12229,0.1175682983829119,0.1128
2026-01-08 12:05:00,25896.7,0.1448,0.1362433188772423,0.12976,0.1243,0.11772,0.11319,0.10953952861424032,0.10661251678620066,0.10487,0.10247,0.10057,0.09884,0.09756326383355515,0.09686,0.1799,0.17523,0.17019736404540858,0.16499,0.15668811866130752,0.14801,0.14378,0.13861674731606874,0.13335,0.12858,0.12484,0.11972095225072814,0.11452,0.10966
2026-01-08 12:10:00,25920.3,0.1311,0.12721,0.12316,0.11872,0.11304,0.10923,0.10565,0.10319,0.10149,0.09916,0.09766,0.09594,0.0951,0.09445,0.18108,0.17569,0.17034068537388403,0.16472,0.1588,0.15031,0.14622353801545165,0.14123,0.13549,0.1291,0.12563,0.12046,0.11531,0.10996
2026-01-08 12:15:00,25935.5,0.12775945530115532,0.12281,0.11745181447666851,0.11255746126783002,0.10827,0.10474996798322551,0.10135,0.09952,0.09774,0.09636,0.09485,0.09395,0.09295,0.09262,0.18318,0.17791,0.17292,0.16663746214750522,0.16035,0.1549,0.14917968729237038,0.14401,0.13794,0.13165,0.12804,0.1227,0.11781,0.11288
2026-01-08 12:20:00,25923.15,0.13462,0.12982,0.1211,0.11657,0.11259,0.10757,0.10455668381514835,0.10183,0.09983,0.09796,0.09661,0.09531641144906428,0.09427,0.09404,0.18674,0.17896,0.17478,0.16847,0.16299,0.15402,0.15118,0.1452,0.13893,0.13283,0.1282802838465227,0.1236,0.11875,0.11375
2026-01-08 12:25:00,25934.95,0.12705,0.12349,0.11508,0.11706,0.11002,0.10722556337663497,0.10373,0.1013,0.09935878282248986,0.09751,0.09629,0.09469,0.09344,0.09341,0.18718,0.17979,0.17429,0.1687399066287238,0.16228,0.15913,0.151210924595775,0.1449,0.13854,0.13267,0.12842,0.1228129982717879,0.11803,0.11335
2026-01-08 12:30:00,25935.9,0.12309,0.12295,0.11958,0.10904,0.10503,0.1026878661630884,0.09853,0.09758,0.09592267143678572,0.09479,0.09357,0.09246,0.09168,0.09175,0.1855,0.17987,0.17521,0.17092,0.16402410347933422,0.1579561248864026,0.15083,0.14631,0.14015,0.13405,0.13004,0.12477,0.11989,0.11643248571621058
2026-01-08 12:35:00,25914.7,0.13927,0.13463,0.12737479517269024,0.12095389015227088,0.11617,0.11019,0.10726134710988679,0.10462,0.10226,0.09968296523336972,0.09780509199523661,0.09653,0.09498,0.09504,0.18467,0.18126,0.17357,0.16729,0.16143,0.15625,0.1514,0.14427,0.1375,0.13174,0.12673913090850855,0.12192,0.11678329466600672,0.11202
2026-01-08 12:40:00,25920.75,0.13694722672692,0.13148,0.12465,0.11739,0.11421,0.11052,0.10652,0.10369,0.10113315262615044,0.09919,0.09712,0.0957,0.09428,0.0943,0.18451,0.1783,0.17334,0.16772965044829993,0.1613,0.15799,0.15040270992544674,0.1443,0.13768,0.1313,0.12660305615623718,0.12209,0.11676086941366759,0.11197
2026-01-08 12:45:00,25921.8,0.13509,0.12540166500718966,0.11644,0.11302,0.10968,0.10613,0.10359650340812811,0.10173,0.09984,0.09802,0.09656342288836757,0.09522100180428253,0.09385,0.09401,0.18459,0.1782,0.17427,0.16751,0.16183,0.15808,0.1509390913017117,0.14505,0.138985087866518,0.13223,0.12851,0.12311,0.11786533319472992,0.11301
2026-01-08 12:50:00,25913.2,0.1312,0.13546,0.11517,0.12057,0.11368571747602284,0.11085,0.1067,0.10438,0.10171,0.09974,0.09825,0.09677350237422518,0.09577009544827783,0.09513,0.18338162150276074,0.17763,0.17466,0.16692,0.16249,0.15695,0.15086,0.14408,0.13762,0.13137,0.12726,0.12161832337022024,0.11699,0.11152
2026-01-08 12:55:00,25910.65,0.1328,0.13677,0.11648,0.11758,0.11238,0.10766,0.10469,0.10295,0.1008,0.0989606344515958,0.09733,0.09612,0.09476,0.0946,0.18504,0.17875,0.17514,0.16873,0.16271077255097474,0.15641113139192972,0.15001325341219987,0.14379,0.13734,0.13127,0.12722,0.12162,0.11703,0.1113
2026-01-08 13:00:00,25905.65,0.13583,0.13928,0.12864744378061047,0.12451,0.11087,0.11208,0.10840183920323564,0.10712,0.10472,0.10241,0.10025,0.09844,0.09673,0.09617,0.1849,0.17824,0.17416,0.16839,0.1623711283968457,0.15642,0.14973,0.14362653985032828,0.13751685244686365,0.13181850797894337,0.1265,0.12156,0.11788366986422211,0.11513926857270426
2026-01-08 13:05:00,25924.95,0.12353,0.12931,0.12087,0.11706,0.10851,0.10771499045843023,0.1042130485815042,0.10217,0.09998364211525353,0.09821267341192887,0.09639696001066873,0.09479951222460613,0.09364,0.09321,0.18523368153905567,0.17959,0.17537,0.16857,0.16325,0.15786,0.15166,0.14501,0.13882181991554715,0.13215,0.12785,0.12213,0.11736,0.11212
2026-01-08 13:10:00,25922.25,0.13656,0.12639,0.12183636082639619,0.11962,0.10956,0.10842011140999194,0.10537601324753192,0.10381,0.10093,0.09903162286078397,0.0971955893378404,0.09566,0.09417,0.0937,0.18665,0.17942,0.17404,0.168153272699598,0.1625,0.15598,0.14979,0.14416,0.13714,0.13092,0.12699,0.12105814656950109,0.11611,0.11058
2026-01-08 13:15:00,25921.8,0.13686,0.12666,0.12001,0.11462,0.10975,0.10641,0.10299,0.10073010628502135,0.09863,0.09725,0.09579,0.09451272162792872,0.09295,0.09277,0.18663,0.1794,0.17502,0.17019,0.16319,0.15758371564791804,0.15262,0.1448,0.13804,0.13155,0.12777,0.1221,0.11666964304928408,0.11163
2026-01-08 13:20:00,25914.55,0.14112,0.13026349184611194,0.1221894429604547,0.11617,0.10916,0.10646,0.10447,0.1013,0.09915,0.09761,0.09594869110372875,0.09483,0.09341,0.09347,0.18476098126585472,0.17892,0.1741458962281472,0.16863,0.16309,0.157,0.15077272699935554,0.14458,0.138,0.13155,0.12751,0.12179,0.11663732594377227,0.11148
2026-01-08 13:25:00,25911.75,0.14273,0.11662,0.1096026806343053,0.10487120864109914,0.10431,0.10172,0.09957,0.09775311402596673,0.09626809622817176,0.09504862883729669,0.09439,0.09305,0.09214,0.09239,0.18654,0.178,0.17609,0.17066,0.16372,0.15681,0.15234,0.14556,0.13937913409448022,0.13278,0.12901,0.123138200586854,0.11871,0.1133
2026-01-08 13:30:00,25888.65,0.15494,0.12545,0.12737,0.12153,0.11388933176444196,0.11052611937104902,0.10803,0.1054,0.10268,0.10064584949599688,0.09919,0.09714,0.0957,0.09696384655763399,0.18496,0.17858,0.17384,0.1659,0.16123,0.15458248665626123,0.14833604769449213,0.1423,0.1359,0.12941,0.12539,0.11989,0.11478,0.10939
2026-01-08 13:35:00,25907.5,0.13114,0.11468,0.11856,0.11656,0.10942,0.10737,0.10467,0.10234,0.09968,0.09784,0.09675,0.09513,0.09392,0.09367,0.18702,0.17624,0.17407,0.16726,0.16178,0.15753,0.149,0.14287,0.1367854393262657,0.13092048991632776,0.12569629757880285,0.12060231814087802,0.11563,0.11024
2026-01-08 13:40:00,25901.95,0.132,0.12587471026048572,0.12127,0.1177,0.1127779608307946,0.10906171605542274,0.10502,0.10332,0.10075885515763185,0.09908,0.09727926751097413,0.09581656917638981,0.09445,0.0942,0.18665,0.17587,0.17385,0.16685070665623128,0.16153,0.1547,0.14847,0.14279,0.13615,0.13003,0.1247484953204378,0.11958258624325059,0.11509,0.10991
2026-01-08 13:45:00,25914.15,0.12419,0.11049,0.12285,0.11764,0.11378966343543816,0.11046965320112066,0.10554,0.1032,0.10095,0.09865,0.09752,0.09555,0.09387,0.09366,0.18446,0.17653,0.17324,0.16776,0.161,0.15561,0.14841,0.14238,0.1363837278890913,0.1305236223989695,0.12515,0.11953,0.11462,0.11063736220757288
2026-01-08 13:50:00,25911.55,0.12595,0.12756,0.12328,0.11803138470403889,0.11156,0.1097,0.10648,0.1038,0.10147,0.09906,0.09742,0.0955,0.09384,0.09357,0.1843,0.17656,0.17239,0.16713,0.16083,0.15543,0.1476,0.14185,0.13570335916490814,0.12901,0.12495,0.11895,0.11414,0.10917
2026-01-08 13:55:00,25926.6,0.1306536217899214,0.12702,0.11579,0.11513,0.11104,0.1065087439548954,0.10242,0.10115,0.09911,0.09696,0.09542,0.0937,0.09229,0.09191,0.18372,0.1776,0.17346,0.16678,0.16136866080950368,0.15655,0.14783,0.14195,0.1359450567625736,0.12932,0.12499,0.11922,0.11408042037853788,0.10919
2026-01-08 14:00:00,25936.35,0.107,0.11072115847466892,0.1106266931672076,0.11052,0.10497,0.10471,0.10075,0.0980098027583917,0.0959685552239341,0.09436186998168268,0.09319401806117968,0.09206085607503549,0.09121,0.09073,0.18559641128249027,0.17965694688398723,0.17364,0.16748,0.16161,0.15728,0.14829,0.14293,0.13609,0.13009,0.12561,0.12019,0.11524,0.11019
2026-01-08 14:05:00,25930.35,0.11223,0.11390660956086511,0.11388,0.10824,0.10288,0.10302,0.09939,0.09783,0.09625758015322854,0.0946,0.09326336147250104,0.09185501732739665,0.0905,0.0902405056530478,0.18401,0.17867855521690182,0.17306,0.16707,0.16149,0.15425,0.14839,0.142220309825468,0.13619,0.12993,0.12574,0.11978,0.11547,0.11007
2026-01-08 14:10:00,25918.0,0.1263394818628224,0.12370603244537169,0.11963,0.11897,0.11452,0.11020480868023662,0.10544,0.10303,0.10038,0.09775,0.09634,0.09436,0.09285,0.09241,0.18193,0.17706,0.17256,0.16621,0.16062,0.15337,0.14749,0.14216,0.13536,0.12937,0.12416847626004844,0.11915,0.11394345774141816,0.10909
2026-01-08 14:15:00,25928.1,0.12571081893885264,0.12166,0.11446,0.12067,0.11366716231546281,0.10934,0.10438,0.10159,0.09926,0.09672647298075374,0.09504,0.09328,0.09211442461408743,0.09133,0.18364589473345544,0.17777,0.17223,0.16661,0.16036806490265354,0.15406971029604696,0.14746,0.14187,0.13505,0.12877,0.12401,0.11844,0.11313387016704426,0.10785
2026-01-08 14:20:00,25935.4,0.13496,0.11721,0.12441,0.11023,0.1087,0.10351603617207245,0.09895,0.09649,0.09506,0.0934,0.09194,0.09027,0.08976165852498619,0.08901,0.18095,0.17527,0.17148,0.16355,0.15991,0.15465,0.14708,0.14126704815653648,0.13472,0.12884,0.12416,0.11825,0.11335818832618058,0.10851
2026-01-08 14:25:00,25922.75,0.13289490748787214,0.12481,0.13045,0.10787,0.10717294380016829,0.10105,0.09948,0.09662608791047907,0.09505199193403263,0.094,0.09245,0.09096,0.08972,0.08928,0.18314,0.17546,0.17224,0.16527,0.1604,0.15514,0.14826,0.14255,0.13601234772731804,0.12967,0.12449585652880414,0.11942,0.11485,0.10948
2026-01-08 14:30:00,25906.05,0.13827,0.13385,0.1379,0.12758,0.12218,0.11544,0.11051,0.10707,0.10419,0.10081,0.09795116357619106,0.09595,0.09503003663029962,0.09420483603407528,0.18033,0.17553,0.17091,0.16411,0.15937,0.15227,0.14627,0.14009490939119582,0.13373,0.12739,0.12271,0.11712,0.11207,0.10621
2026-01-08 14:35:00,25930.65,0.12256,0.12021,0.12677,0.11586,0.11047,0.10851,0.10262,0.09925,0.09721,0.09490798096830641,0.0933,0.09138,0.08976,0.08937,0.18112,0.17722,0.1712,0.16569,0.16006241391135653,0.15463,0.14743,0.14175,0.13484,0.12871,0.1232545178210205,0.11845,0.11364,0.1109191450276888
2026-01-08 14:40:00,25928.05,0.12441,0.12027990669318205,0.11660247892435535,0.11254612777777395,0.10867,0.10578,0.10106,0.09931,0.09753,0.09475,0.09302599323993285,0.09141532241766093,0.09002,0.08972,0.18119,0.17706,0.17122,0.16552,0.15953703900949273,0.15346,0.14686,0.14132,0.13488955918557063,0.12841,0.12388,0.11793,0.11288985633461833,0.10801
2026-01-08 14:45:00,25926.4,0.12557,0.12243299573696106,0.11923,0.11485,0.11037,0.10611650724188097,0.10178,0.09907,0.09678,0.09467,0.09333,0.09151,0.09017,0.0897,0.18282,0.17696,0.1703229492673185,0.16335,0.15887,0.15278,0.14648,0.14097,0.13398,0.128582954920926,0.12295,0.11748,0.11224109677201494,0.10713
2026-01-08 14:50:00,25932.65,0.12118,0.11905,0.11330700790248956,0.10814243771122328,0.10319,0.09904,0.09626,0.09518,0.09314527876377576,0.09175,0.09044590554280467,0.08918,0.08805,0.08799,0.18086,0.17476,0.17156,0.1654182387613545,0.15964,0.15359391434667877,0.14722,0.14169,0.13492,0.12848,0.12409,0.11849,0.11391,0.11083576174803031
2026-01-08 14:55:00,25918.9,0.13056,0.12709,0.11701,0.11014,0.1061,0.10315,0.09977,0.09765,0.09557,0.09352,0.09229,0.09085814122480246,0.08947,0.08904,0.18171,0.17384,0.17044,0.16591,0.15867,0.15269,0.14649,0.14055,0.13422,0.12784,0.12326,0.1172,0.11302,0.10728
2026-01-08 15:00:00,25894.05,0.14667388092307374,0.11947,0.10472,0.10119,0.09675715800429087,0.09481724031221708,0.09391,0.09234,0.09109,0.08992,0.0891,0.08880330412008595,0.08832719140900182,0.08774,0.18089,0.17456697136584914,0.1686721338314585,0.16234,0.15753,0.15062,0.14532,0.13894,0.1332,0.12671,0.12274,0.11740100123297245,0.11307,0.10926702393043516
2026-01-08 15:05:00,25867.85,0.13369,0.12731,0.12359,0.11508,0.10997,0.10648,0.10299,0.10031,0.09767470641559005,0.095332612649262,0.09428658138431102,0.09338,0.09204,0.09182,0.177,0.17062,0.16675,0.16034,0.15396,0.14916,0.14260475441027748,0.13662,0.13044,0.12476,0.11956945825938868,0.1145555503304784,0.11008,0.10543
2026-01-08 15:10:00,25878.85,0.12899,0.12152,0.115,0.11272,0.10769,0.10412772819138175,0.1008,0.09855,0.09645,0.09392662335811441,0.09346,0.09225034974837115,0.09113,0.09187858215156365,0.17776,0.1722,0.16690219972756065,0.1613,0.15521445148329974,0.14926,0.14305,0.13722,0.13128261845638553,0.12524,0.12102,0.11568,0.11072,0.10684995049487443
2026-01-08 15:15:00,25875.3,0.13029,0.11994,0.11446,0.10959551017602455,0.1063,0.10282,0.10033,0.09768,0.0959,0.09330363261521823,0.09259,0.09148,0.09008,0.09017,0.17687,0.17032,0.16729,0.16056,0.15484,0.14784,0.14306,0.13708,0.13093,0.12467,0.12000994752601711,0.11562,0.11074,0.10761747419222491
2026-01-08 15:20:00,25877.45,0.13005,0.12392,0.1134,0.10786,0.1038462214625664,0.10106,0.09813,0.09608,0.09453,0.09294528130054124,0.09119,0.09032,0.09003148733089947,0.08952725594820639,0.17703,0.17111,0.16730000472019305,0.16272,0.15578,0.14932,0.14283,0.13693730129770104,0.13088,0.12505,0.12029731835469952,0.11589,0.1108870417415802,0.10639
2026-01-08 15:25:00,25872.2,0.12803,0.11592,0.11061,0.10494,0.10007,0.09872,0.09555755260004585,0.09347,0.0934,0.09347159225782528,0.09086,0.0897,0.0883,0.08906,0.18043150848628717,0.17433,0.16747,0.1596232722632149,0.15205,0.14891048658909165,0.14626,0.13817,0.13218381913198893,0.12504,0.12242,0.11678,0.11259,0.10804467830783092
2026-01-09 09:15:00,25899.85,0.14298,0.12727,0.12114616537479958,0.11596081048833258,0.11599,0.11149,0.10541560022510758,0.10327,0.10051,0.09754,0.09616,0.0932722108549151,0.09254,0.09258,0.17626,0.17371,0.1685,0.16185,0.15604,0.15102,0.1451778271365666,0.13935,0.13353,0.12681,0.12252,0.11718,0.11131717695438811,0.10734
2026-01-09 09:20:00,25916.2,0.13305,0.1120737808472464,0.09457,0.09091,0.08856,0.08824,0.08706,0.08685,0.08565,0.08505,0.08477,0.08448,0.084,0.08518,0.17816,0.17484,0.16986,0.1640965749313419,0.1581483351244555,0.15175,0.14643,0.14073,0.13492,0.12918,0.12429541606929222,0.11994,0.11492706652831197,0.11126
2026-01-09 09:25:00,25858.55,0.13567,0.12722,0.11828753107944034,0.11184,0.10806,0.10555,0.10028,0.0978,0.096,0.0934714276762432,0.09284,0.09082,0.08988,0.09067,0.1768,0.17023,0.16645,0.16032663139803574,0.1546,0.14865,0.14395,0.137,0.13104,0.12573,0.12155,0.1165,0.11175415480513375,0.10728
2026-01-09 09:30:00,25855.3,0.11631,0.11509023832385407,0.11197993099070708,0.10938,0.10492,0.10179,0.09982,0.09624,0.09472,0.0929732414230014,0.09208,0.09097,0.09049817267693211,0.09032,0.17635,0.17114,0.16663,0.15894,0.15504,0.14864457778713097,0.14304,0.13719248040775844,0.13164126061638282,0.12588,0.12172,0.1166,0.1125,0.10776
2026-01-09 09:35:00,25832.05,0.13099,0.1306,0.12762,0.1166,0.11021,0.10683,0.10345,0.10058,0.0979593546157344,0.09572,0.09442793752248145,0.09351,0.09197,0.09299,0.17503,0.16911,0.1652,0.15805,0.15336,0.14717,0.14198,0.13561,0.12998,0.12431,0.11951925121928819,0.11504,0.1104,0.10589
2026-01-09 09:40:00,25822.35,0.14028,0.15544,0.14081,0.13997554417561847,0.13288615404742418,0.12614071445183125,0.11972,0.11424030809323373,0.10968,0.1066,0.10381,0.10112,0.09868,0.09897,0.17414,0.16845,0.16395,0.15682,0.15185,0.14647,0.14004,0.13288,0.12687,0.12082,0.11665,0.11089,0.10643,0.10141
2026-01-09 09:45:00,25853.6,0.12218,0.14562,0.14179,0.12956,0.12677161445895554,0.11759,0.11166,0.10813113330709202,0.10425,0.10106,0.09868,0.09701,0.09465,0.0947,0.1758,0.16972,0.16497869248455374,0.1598,0.15345,0.14738764862034176,0.14121865283539822,0.135,0.12908,0.12369018653407379,0.11879,0.11336651409276877,0.1084,0.10386
2026-01-09 09:50:00,25857.2,0.14752,0.1381319565344805,0.1292,0.12532,0.11867941951147998,0.11474,0.10985,0.10596,0.10269083661111938,0.09984118739471802,0.09786,0.09569,0.09467615936947127,0.0942,0.17726,0.16998,0.16583,0.15977697156022697,0.15389,0.14876,0.14214261911895618,0.13581,0.13031838492342393,0.1246753212349514,0.11946,0.1144518993685227,0.10996,0.10532
2026-01-09 09:55:00,25884.0,0.13668988135180898,0.13078,0.12877,0.1207,0.11479,0.11041,0.10683,0.10269,0.09982,0.09704,0.09541,0.09358,0.09172,0.09189,0.17757289586260264,0.17206,0.16751,0.16047,0.1539,0.15059,0.14326,0.13759,0.13157,0.12543,0.120092241959226,0.11504760069169573,0.11070208874801832,0.10705
2026-01-09 10:00:00,25894.2,0.12583,0.11041,0.10847,0.10554949147866313,0.10376,0.10087,0.09838,0.09637,0.09421,0.09285346772629663,0.09171,0.0903,0.08883,0.08974,0.18005,0.17232,0.16905,0.16198980845891836,0.15589,0.149967531859303,0.14373,0.13851,0.13249,0.12646,0.12252,0.11687,0.11256,0.10856827677788394
2026-01-09 10:05:00,25862.35,0.14485,0.12893,0.13607,0.12919,0.12038357123340414,0.11323,0.1088,0.10481,0.1016,0.09847953392266696,0.09707,0.0948,0.09299,0.09339,0.17742,0.17239,0.16723,0.15954,0.15396,0.14826,0.14211,0.13622367803087063,0.1305,0.12458,0.1196247828501058,0.11443,0.11017,0.10536
2026-01-09 10:10:00,25871.6,0.13977,0.1223,0.1204,0.10981,0.1064,0.10257,0.09915,0.09632,0.09445,0.0929,0.09191,0.09129297872439919,0.09057349760599459,0.08995,0.17901,0.17304,0.16769,0.1604,0.1555,0.14941,0.14320201496471044,0.1376,0.13158,0.12554,0.12159,0.11609,0.11181,0.10716
2026-01-09 10:15:00,25866.2,0.13361,0.12299,0.11845,0.1129,0.1083055933926555,0.10452,0.10083,0.09703,0.09536,0.09384,0.09211397071585427,0.09118295828510184,0.09015,0.09082,0.17772,0.17268,0.16713,0.16003,0.15512,0.14903,0.14257,0.13707,0.13106,0.12554,0.12071,0.11517,0.11127,0.10745538851505124
2026-01-09 10:20:00,25855.2,0.14444762005553366,0.13817,0.13246,0.12533,0.11987,0.11270497467664946,0.10634,0.10197,0.09926,0.09696,0.09535,0.09359,0.09239,0.09265,0.17907,0.17337720749806926,0.16732536722623773,0.16128,0.15434,0.14824,0.14161,0.13586,0.12998,0.12342,0.11918,0.11401,0.10936,0.10442
2026-01-09 10:25:00,25858.65,0.15299,0.14164,0.13545,0.128,0.1201863402960971,0.11408,0.10968,0.10496,0.10207,0.09932,0.09675757355938246,0.09509,0.09331,0.09250220738094694,0.17933,0.1743,0.1678,0.16154,0.1551148396944239,0.14896,0.1416,0.13626,0.13014,0.12433,0.11992,0.11431,0.10960353277466832,0.10487
2026-01-09 10:30:00,25876.25,0.14372,0.12319,0.12244,0.10581,0.10194,0.09806,0.09564,0.09339,0.09181,0.09045,0.08954,0.08862,0.0876,0.08862,0.18055,0.17554,0.16925,0.16352,0.15555,0.15015327127387387,0.14434,0.13813,0.13222,0.12616,0.12175,0.11666493496018712,0.11267,0.10792
2026-01-09 10:35:00,25856.25,0.13386,0.12186,0.11509,0.11409,0.11083,0.10442,0.10153,0.09794,0.09652,0.09387,0.0931,0.09143403112089438,0.09015,0.09111,0.17919,0.17291,0.16785,0.16049,0.15512,0.14890196125917216,0.14313,0.13699,0.13113,0.12489,0.12007358390366463,0.11514,0.11095,0.10594
2026-01-09 10:40:00,25848.5,0.13828,0.13072,0.12174,0.11607828955495267,0.11156,0.10677,0.10343,0.09947,0.09725664784459745,0.09534977030338052,0.09413,0.09245,0.09131316224889692,0.09044813324521672,0.177,0.17175,0.1663654709041712,0.1605,0.15457,0.14841,0.14173,0.13616,0.13031,0.1247639038968887,0.11965,0.11418,0.10955978097289981,0.10499
2026-01-09 10:45:00,25856.0,0.13318462301695455,0.12691,0.11983408333949859,0.1136549133207894,0.10894,0.10426,0.10107,0.09729,0.09535,0.09318,0.09212,0.09070640091562011,0.08965,0.09047,0.17921,0.17163,0.16709,0.16105,0.15497,0.14836,0.1424785493996884,0.13662,0.13056,0.12437,0.11984,0.11436,0.10965733221971703,0.10507
2026-01-09 10:50:00,25857.85,0.12575,0.12071,0.10942,0.1029,0.10115,0.09755,0.0951265635127847,0.09297466909060076,0.09137425322180211,0.08997,0.08915,0.08859,0.09110352770533421,0.09289003816357141,0.17913,0.172,0.16724,0.16088916161993935,0.15511,0.14851,0.14315,0.13715,0.1306,0.12494,0.12071,0.11531,0.11159,0.10663
2026-01-09 10:55:00,25829.65,0.12173,0.13509,0.1134,0.11215,0.10597,0.10186,0.09907,0.0963,0.09507,0.09307,0.0924,0.09123176023433657,0.09028,0.09146,0.17616497593303657,0.17006,0.16565,0.15919,0.15275,0.14645,0.14105,0.13537,0.12942,0.12421272115169701,0.11907,0.11435687312057465,0.11001,0.10509
2026-01-09 11:00:00,25812.95,0.19076034818770812,0.14272,0.11773,0.11095,0.10633,0.09980262685780908,0.09751471586917212,0.09664,0.09499,0.09329,0.09252,0.09146,0.0908,0.09218,0.17375,0.16891,0.1641,0.15801,0.15038,0.14383,0.13952,0.13385,0.12801,0.12206,0.11785,0.11268209039136838,0.10810289100470942,0.10372
2026-01-09 11:05:00,25810.2,0.13273,0.12527430334089015,0.11842,0.1132646842293272,0.10914,0.10471739303758068,0.10222,0.0984,0.09696,0.09459,0.09354,0.09227,0.09127,0.09265,0.1731,0.16874,0.16393752010400575,0.15782,0.1536,0.14333,0.13917307648397534,0.1334,0.12724,0.12214,0.11763,0.11213,0.10826,0.10537543766037383
2026-01-09 11:10:00,25819.45,0.12066648667441386,0.11504,0.11078,0.10609106961134357,0.10212,0.09707,0.09532732177541486,0.09292,0.09129,0.09002,0.08973,0.08945,0.08886,0.09057,0.17655,0.17031968430984218,0.16439,0.1585,0.15188,0.14781,0.14072,0.13474,0.12887,0.12342520316349949,0.11867,0.11354,0.10999,0.10659350486593629
2026-01-09 11:15:00,25805.3,0.12636,0.11857,0.1129,0.11045,0.10525,0.1016581249165954,0.09905,0.09601,0.09436,0.0927,0.0923,0.09144,0.0916151504516657,0.09233,0.17514,0.16843,0.16398,0.1575,0.1519966308213375,0.14676,0.14006,0.1339,0.1283053250794769,0.12245,0.11782,0.11268,0.10864,0.10376
2026-01-09 11:20:00,25797.5,0.1289233441291311,0.12365,0.1158,0.11009785463578463,0.10532,0.10169,0.09969,0.0968,0.09541,0.09379,0.09248,0.09198,0.09139,0.09279,0.17105,0.17038,0.16344,0.15695,0.15129,0.1454,0.13908,0.13307,0.12716,0.12153,0.11701,0.11186,0.10775,0.10286
2026-01-09 11:25:00,25799.65,0.13192,0.12292,0.11743,0.11411,0.10884309870745684,0.10561,0.10227,0.09918,0.0971,0.09498,0.09443,0.09333,0.09254,0.0939,0.17363,0.17055,0.16436,0.15712,0.15146,0.14637,0.13926,0.13349,0.1275124938185142,0.12162,0.11711,0.11184,0.10764,0.10441842177698328
2026-01-09 11:30:00,25809.4,0.12855,0.12102564196386535,0.11577,0.10497,0.10617,0.09831,0.09527,0.09358,0.09225,0.09053,0.09009690107541851,0.08988,0.08972,0.09155,0.17384,0.16829,0.16307825961948863,0.15749717032903732,0.15186,0.14628,0.14001,0.13423342165917374,0.12848156829244492,0.12291,0.11795,0.11289995399202019,0.10840291954585433,0.10429
2026-01-09 11:35:00,25776.0,0.1217370580472859,0.11701565289538886,0.1124,0.10842,0.1043,0.10095162962786676,0.09813263988644173,0.09582,0.09455,0.09282,0.09248,0.09187,0.09137,0.09325,0.17295,0.16871,0.16379,0.1577003085704092,0.15116,0.14588,0.13918,0.13343,0.1278636862093116,0.12214,0.11801,0.11312,0.10927,0.10467
2026-01-09 11:40:00,25764.3,0.12402,0.1181441102926475,0.11266,0.10838,0.10458,0.10002,0.09806236181653553,0.09603564854286673,0.0949,0.09302,0.09277,0.09217,0.09178,0.09368,0.17327,0.1679,0.1635,0.15682,0.15015,0.14304,0.13917,0.13286,0.12757687136106355,0.12245270028710353,0.11762,0.11281,0.10848567429588574,0.10434
2026-01-09 11:45:00,25759.6,0.1246,0.1174,0.11296,0.10788,0.10384,0.10107,0.09909,0.09677100426710765,0.09514350548629395,0.09381,0.09320367235265581,0.09289,0.0925,0.09397646557620301,0.17404,0.16779,0.16335,0.15714,0.15348,0.1448,0.13781,0.13273,0.1273,0.12195,0.11783,0.11298,0.10925,0.10483
2026-01-09 11:50:00,25748.85,0.1192515325522148,0.1156,0.11262377637756152,0.10933635753369483,0.10639,0.10327,0.10085,0.09828,0.0965125416571936,0.09501,0.09427,0.09372,0.09334,0.09383759032226933,0.17309,0.16704,0.16363,0.15588,0.15184,0.14262,0.13909,0.13266,0.12732,0.12158,0.11764,0.11272,0.10845574908960438,0.10442
2026-01-09 11:55:00,25747.75,0.12476,0.12003,0.11456437628596042,0.10947,0.1060582530587658,0.10313,0.1001055655269741,0.09761,0.09638,0.09487,0.09399,0.09358802572406816,0.09347,0.09537,0.17387,0.16928,0.1649,0.15866,0.15188545951157206,0.14511211122362222,0.13755,0.13276538128301907,0.12762,0.12219,0.11814,0.11340110576365764,0.10922,0.10487
2026-01-09 12:00:00,25743.15,0.13228,0.12221,0.11891,0.11635,0.1106237465952683,0.10741,0.10369021215022445,0.10049,0.09866,0.09675,0.09587,0.09495318975541645,0.09475,0.0964,0.17436023012612292,0.16802,0.16358,0.15848,0.15158,0.14386,0.13826640196100132,0.13202,0.12579,0.12008,0.1154574831523797,0.11067,0.10671,0.10182
2026-01-09 12:05:00,25753.7,0.12165,0.12006,0.1133,0.10951154057297634,0.10417,0.10205,0.09949,0.09693,0.09545052064847397,0.09403,0.09353,0.09325,0.09313,0.09299424641451112,0.17411,0.16841,0.1647,0.15928,0.15238,0.14468,0.14064,0.13363,0.12778288162218407,0.12176,0.11758,0.11235,0.10889,0.10423
2026-01-09 12:10:00,25746.8,0.11672,0.11435,0.10901,0.10636762522760572,0.10277,0.10029,0.09794,0.09614182886174502,0.09496,0.09365,0.09328,0.09317268554427292,0.0935,0.09519,0.17406,0.1685,0.16421,0.15878,0.1522528318711943,0.14589651665532624,0.13886,0.13416,0.12796,0.12188,0.11816,0.11283,0.1091,0.10466
2026-01-09 12:15:00,25744.0,0.1284,0.11526,0.10819654761461532,0.1050780097719357,0.10388,0.10155,0.09921183490126595,0.09722728488789147,0.09568,0.09451,0.09572029502604071,0.09686263730198437,0.09851205897773961,0.1006511648253413,0.1758745913486418,0.16926,0.16352,0.15697669504249978,0.1504170353873867,0.1439530462814937,0.13744,0.13277,0.12678,0.12097,0.1169,0.11181,0.10814,0.1035
2026-01-09 12:20:00,25738.7,0.11805,0.11418,0.1091,0.10497,0.10187,0.09897,0.0973,0.09516,0.09412,0.09323,0.09295,0.0933,0.09377,0.09568,0.17311,0.16962,0.16281892606987738,0.15587,0.15058,0.14357,0.13789,0.13214,0.12587,0.12089958542348866,0.11604137423689134,0.1116,0.10737083551426681,0.10358
2026-01-09 12:25:00,25737.5,0.10941,0.10511,0.10629,0.09865,0.09742,0.09601,0.09433,0.09271,0.09196,0.0914,0.09129,0.09187,0.09267,0.0947,0.17366,0.16534,0.16391,0.1569,0.15062559751656998,0.14376,0.13840287038267934,0.13292,0.12693441168192332,0.12104,0.11744,0.11276,0.10855572538988895,0.10484
2026-01-09 12:30:00,25724.25,0.11536,0.11023,0.1069,0.10431,0.10061,0.09884,0.09649,0.09464,0.09402,0.09313,0.09304,0.09347,0.09461784743354808,0.09648,0.17069117702314865,0.16442,0.16377,0.15531,0.15051,0.14394,0.13809241284767282,0.13229,0.12577,0.12044,0.11671,0.11212281864981541,0.10843,0.10371
2026-01-09 12:35:00,25712.65,0.11323,0.10829,0.1045,0.10192,0.09951,0.09762254315388542,0.09626,0.09479,0.09436,0.09358,0.0939,0.09457,0.09592846969282416,0.0979,0.17528,0.16956,0.16529,0.1588215503775815,0.153,0.14634945533661486,0.13946,0.13458,0.12846,0.12397689398205892,0.11983,0.11541177550342643,0.11176,0.10717
2026-01-09 12:40:00,25689.45,0.11739,0.11336,0.10882,0.10546,0.10281,0.10124,0.09881035204948563,0.09745,0.0966,0.09585381469315471,0.09592,0.09656,0.0978,0.09994,0.1751,0.17006,0.16506,0.15849212581457991,0.15211,0.14599,0.13954,0.1342,0.12763,0.12249,0.11887,0.11394,0.11,0.10574
2026-01-09 12:45:00,25685.25,0.10932,0.10618004534642658,0.10217,0.1025,0.10058,0.09812,0.09715375634831228,0.09608666961204683,0.0954446640708783,0.09488,0.09577,0.09679,0.09829954810118312,0.10032,0.17535,0.17054413126146845,0.16505,0.15848596740894905,0.15195978400959906,0.14521,0.13911,0.13377,0.12754,0.12272,0.11887,0.11426,0.11071,0.10800063570566736
2026-01-09 12:50:00,25678.5,0.12829,0.12097584663754533,0.11553,0.11064421684300808,0.1072,0.10395,0.10167,0.09964,0.09878,0.09762,0.0977240287396921,0.09849,0.09949,0.10145,0.1779837991450611,0.17056,0.16233,0.1559415147565084,0.14938,0.14329,0.13477,0.13075,0.1244,0.11944,0.11544,0.11085,0.10704,0.10251
2026-01-09 12:55:00,25695.15,0.12027,0.11243,0.11052,0.10742,0.10413342776973937,0.10163313777496195,0.09972,0.09771,0.09703,0.09608,0.09627,0.0968,0.09761,0.09973,0.17501,0.17181,0.16434,0.15821363269191774,0.15145,0.14496,0.13844,0.13265223126053016,0.12703,0.12174,0.11716919045201779,0.11301,0.10916,0.10509
2026-01-09 13:00:00,25694.0,0.11648790033746992,0.11285,0.10979,0.10675,0.10404126208450688,0.10131,0.09951239235072273,0.09794,0.09704,0.09577,0.09623,0.09692,0.0980032969565959,0.09985,0.17567,0.17174,0.16532,0.15674,0.15136193840538728,0.14488,0.1389,0.1333,0.12729,0.12233,0.11798,0.1134496138817386,0.10973,0.10531
2026-01-09 13:05:00,25687.3,0.12321,0.11865,0.11451,0.10988,0.10627,0.10377,0.10167,0.09932,0.09788097575884584,0.09691,0.09726,0.09796,0.09899951065318807,0.10064468587973252,0.17521,0.1702935624806462,0.16483,0.15834327487928548,0.15176,0.14550872921991662,0.13914390887149916,0.13305,0.12682,0.12131760002152213,0.1161573223543508,0.1115360422720409,0.10772651856533502,0.10469
2026-01-09 13:10:00,25691.5,0.12222887165480302,0.11744,0.11545,0.10842,0.10596,0.10336,0.10088,0.09917913676144184,0.09821,0.09723506435618921,0.09704,0.09744,0.09855111060438532,0.10037,0.17552,0.16948,0.16394609975318064,0.15790963485190604,0.15197,0.14556220771370804,0.13936,0.13369,0.12693,0.12183,0.11751,0.11275,0.1095,0.1049
2026-01-09 13:15:00,25696.8,0.12103,0.11622945285524071,0.11193,0.10906,0.10638,0.10354405554661458,0.10144193506017493,0.09976609866953665,0.09865,0.09763842215160876,0.0973019362636924,0.09762,0.09831,0.10017,0.17556,0.16988,0.16483,0.15794902508871303,0.15176,0.14418,0.1389261399858754,0.13366,0.12696,0.12177,0.11768,0.11275,0.10853444461619811,0.10454
2026-01-09 13:20:00,25704.7,0.12008588154276602,0.11566,0.11049,0.10641,0.1036370568230639,0.10143,0.09899,0.09758,0.09689,0.09572,0.096,0.09672,0.09757,0.09942,0.17485,0.16771,0.16437,0.15800311982535722,0.15238,0.14601,0.13882,0.13355,0.1271,0.12201,0.11774,0.11275,0.10856552878740025,0.10466
2026-01-09 13:25:00,25701.95,0.12224,0.11663744380068346,0.11251,0.10795,0.10579,0.10305,0.10117,0.09904,0.09799,0.09694,0.09681654553725152,0.09733,0.09843,0.10009,0.17541,0.16753,0.16479,0.15654,0.15179,0.14545,0.13938,0.13330100477364912,0.12732,0.12201,0.11797,0.11302,0.10946,0.10655366135940772
2026-01-09 13:30:00,25705.5,0.11593,0.10972,0.10335,0.10307,0.10018,0.09862,0.09718,0.09597371599517401,0.09555,0.09465,0.09496,0.09588,0.09721468150996161,0.09903,0.17569,0.17073,0.16537,0.15682,0.15272,0.14618911941418064,0.14043,0.13508,0.12859,0.12355,0.11929,0.11467262964489332,0.11129,0.10651
2026-01-09 13:35:00,25704.05,0.12743,0.12077111586005518,0.11546508207235161,0.11167,0.10775,0.10526,0.10226,0.10027464804656354,0.09945,0.0980299147121103,0.09781,0.09816,0.09904,0.10073,0.17428,0.16924624131858534,0.16374,0.15759097239196276,0.15106,0.14576,0.1390359409038944,0.13284,0.1268630044113296,0.12096,0.1165,0.11202,0.1086,0.10625528782390632
2026-01-09 13:40:00,25707.75,0.10972,0.10675170233752815,0.1037,0.1012125227644411,0.09823,0.09644,0.09503,0.0943,0.09393,0.09321,0.09384,0.095,0.09637,0.09827897947955529,0.17513,0.16888,0.16496,0.15582,0.15254,0.14654,0.1401,0.13411224528280014,0.12819,0.12362,0.11858826546114337,0.11463,0.11134,0.10876346782114008
2026-01-09 13:45:00,25683.75,0.11457780526057502,0.11147,0.11084,0.10705,0.10388,0.10133,0.09953,0.09777,0.09649076591086192,0.0957,0.09627,0.09717,0.09848,0.10032,0.17398,0.1687743287604358,0.16334,0.15699295211627967,0.1507,0.14468695034257192,0.13850912852692104,0.13275,0.12644,0.12138,0.11727,0.11252,0.10907,0.10425
2026-01-09 13:50:00,25682.0,0.11444,0.11369,0.10925372288395442,0.1056,0.10242,0.10013,0.09862051141615791,0.09695,0.09655,0.09613077942192055,0.09612,0.09718,0.0986,0.10046,0.17147041357287715,0.1658,0.16322,0.15392,0.15058,0.14454,0.13837,0.13319,0.12764001473115272,0.12254540512054643,0.11776,0.11325,0.10975,0.1051
2026-01-09 13:55:00,25665.25,0.13117,0.11883,0.11494553975311493,0.11148230125863401,0.10983,0.10688,0.10407,0.10189,0.10099,0.09943,0.09955,0.10003,0.10090356630921464,0.10274,0.1725,0.1646,0.16049718324771348,0.15528,0.14904,0.14288,0.13651,0.13106,0.12472,0.11955,0.11552,0.11076,0.10706,0.10236
2026-01-09 14:00:00,25689.05,0.11498,0.1132,0.10849,0.10586986285977794,0.10267,0.10027,0.09853905242689685,0.09693,0.09610149630793367,0.09531,0.0958,0.09696,0.09858,0.10034,0.17441,0.16895,0.16408,0.1571,0.1513984368150455,0.14524987642780698,0.13923330621950178,0.13398,0.12735,0.12225,0.11836,0.1135,0.11011,0.10547
2026-01-09 14:05:00,25678.55,0.12528363822078084,0.12009,0.11423622258837889,0.10995,0.1064,0.10305,0.10082,0.09954,0.09859,0.09715,0.09738,0.09828,0.09941,0.10108,0.17367,0.16886,0.16361,0.15717522700549277,0.15061,0.14454979290904563,0.13843671746454436,0.13275,0.12639,0.12141,0.11734,0.11256,0.10876,0.10422
2026-01-09 14:10:00,25674.05,0.11993,0.11255591361017392,0.10659,0.10482,0.10293,0.1001,0.09781,0.09679,0.09658,0.0955,0.09608,0.09749511215358286,0.09879320283146231,0.10036573737033126,0.17391,0.16854,0.16343,0.155,0.15065,0.1441501253710937,0.13852,0.13304,0.12686,0.12259827192342254,0.11832,0.11367,0.11005,0.10553
2026-01-09 14:15:00,25669.0,0.11382,0.11203,0.10784,0.10545611934200615,0.10262,0.10114,0.09873,0.09726,0.09676,0.09572,0.09619,0.09744,0.09886,0.10039,0.17392,0.17027,0.16336,0.157,0.1504,0.14252,0.13853,0.13282,0.12685,0.12213,0.11774,0.11297,0.10935,0.10483
2026-01-09 14:20:00,25668.65,0.11494324559862222,0.11177,0.1087713824417305,0.10614,0.10316,0.10092,0.09864,0.09737285636878507,0.09688,0.09562,0.09597,0.09731,0.09845,0.10029,0.17337,0.16979,0.16261,0.15678647968957826,0.15026,0.14429484339308196,0.13840703823328462,0.13298,0.12675,0.12182,0.11772,0.113,0.10893965785233525,0.10508
2026-01-09 14:25:00,25671.35,0.11449,0.11043083394178857,0.10674,0.1025,0.10066641911242444,0.0984,0.09697,0.09582,0.09539,0.09442,0.09527,0.09626,0.09792,0.09983,0.17321,0.17,0.16342,0.15777219356176542,0.15150518204446667,0.1450514396150855,0.13865,0.13368,0.12757,0.12228,0.11872,0.11392,0.11039,0.10781843488215542
2026-01-09 14:30:00,25652.65,0.1269,0.12078,0.11398,0.11234,0.10794,0.10499,0.10242,0.10031287417059043,0.09938,0.09808,0.0983,0.09883840640226511,0.10044,0.102,0.17453,0.16863,0.1616687150463561,0.15484,0.1488060101246018,0.14255,0.13683,0.13149,0.12523,0.12042,0.11625,0.11135,0.10737,0.10319
2026-01-09 14:35:00,25659.1,0.12071,0.11683,0.1133,0.1082,0.10504,0.10241,0.10027371100661958,0.09844,0.09796,0.09651,0.09719,0.09831,0.09967,0.10142,0.17291,0.16652,0.16282,0.15575,0.1499776243083434,0.14379244497933222,0.13757,0.13231,0.12675072766773507,0.12136,0.11741,0.11274,0.10915,0.10462
2026-01-09 14:40:00,25650.4,0.12343721619621506,0.11901,0.11374,0.1103,0.10659889817682604,0.10393,0.10153,0.09971604998524057,0.09863,0.09794274823255872,0.098,0.09876,0.09996471032267316,0.10194,0.17513559355208363,0.1685,0.16305,0.15801,0.15037,0.14286,0.13719,0.13241,0.12612,0.12102,0.11697,0.11206,0.10843,0.10422
2026-01-09 14:45:00,25668.25,0.11893,0.11470993534185561,0.11041,0.10761,0.10445373600926135,0.1021,0.09986,0.09815,0.0978,0.09646,0.09693,0.09755,0.09897,0.10073,0.17396,0.16722,0.16383,0.1562,0.1508,0.14406,0.13782,0.1324343250721,0.12696078054185778,0.12162,0.11754,0.11257,0.109,0.10484
2026-01-09 14:50:00,25663.45,0.11923,0.1159,0.11115,0.10822,0.10457,0.10245,0.10011,0.09834,0.09729828239747748,0.09664,0.09701,0.09767062929566289,0.09928,0.10092,0.17416,0.16889450421343777,0.16363,0.15667,0.15093,0.14334,0.13817,0.13298,0.12678,0.1217,0.11772,0.11271,0.10912,0.10492
2026-01-09 14:55:00,25674.9,0.11822,0.1133,0.10902,0.1054,0.10282747150558964,0.10099,0.09814,0.09725753933747791,0.09696,0.09556,0.0958,0.09655,0.09819,0.10004,0.17375,0.16836778660422233,0.16281528199257614,0.15674,0.15109,0.14426,0.13849,0.13284,0.12678,0.12179,0.1171763752375643,0.11291,0.10919,0.10506
2026-01-09 15:00:00,25668.55,0.12334,0.11686,0.11258039414878682,0.10907,0.10541231975315432,0.10256079887166042,0.10029953969151773,0.09847,0.09805,0.09666,0.09714,0.09787,0.09934,0.10081677259646159,0.17385,0.16679,0.16206653184493497,0.15668,0.15036,0.14411822959666806,0.13746,0.1327,0.12641,0.12116,0.11678,0.11209,0.10836,0.10429
2026-01-09 15:05:00,25679.0,0.12261,0.11496,0.11263,0.10917,0.10535816922652498,0.10242,0.1002,0.0985,0.09781,0.09643,0.09701,0.09746,0.09913,0.10055190455406045,0.17315,0.16824,0.16306,0.15652,0.1504239196602593,0.1441094034267362,0.13757,0.13236,0.12621,0.1212,0.1166,0.11165,0.10844804188047452,0.10550140814494545
2026-01-09 15:10:00,25688.85,0.1195703615995605,0.11582,0.11321,0.10988,0.10583,0.10386,0.10089,0.09887,0.098,0.09658,0.09671869873321627,0.09724,0.09912,0.10076,0.1732229917538412,0.16743,0.16216203815412797,0.15642,0.15002,0.14398,0.1376,0.1327,0.1267500905403272,0.12124,0.11718,0.11255,0.10916521140103673,0.10608489043282239
2026-01-09 15:15:00,25690.6,0.11478963035344592,0.1108,0.10787,0.10435,0.10131,0.10057,0.09761,0.09663052155209362,0.09579857320497129,0.09521,0.09612,0.09663,0.09878,0.10097,0.17363,0.16809,0.16381,0.15799,0.15163323236621212,0.14539860664546722,0.13885,0.13344586090602706,0.12782,0.12303725511940186,0.11865,0.11439850676066536,0.11073,0.10651
2026-01-09 15:20:00,25695.2,0.12303637818982405,0.11739399496805161,0.11336,0.10723,0.1045534612765475,0.10272,0.1002899245686548,0.09868,0.09815,0.09691958486774364,0.09688,0.09766,0.09924,0.10136,0.17408028429714884,0.16844,0.16508,0.15679,0.15261,0.14593,0.14029,0.13487,0.12864,0.12358545906446974,0.11896,0.1143,0.11059,0.10744379500276338
2026-01-09 15:25:00,25688.2,0.13292,0.12614,0.12044,0.11636485027916244,0.11233,0.10939,0.10641,0.10353,0.10141423097245121,0.10000890874529518,0.09965,0.09992,0.10147,0.10334,0.17462,0.16795,0.16501,0.15822733379295775,0.15277396320357417,0.14643,0.14063989887305753,0.13467,0.12881,0.12288,0.11896,0.11234,0.10955,0.10414
2026-01-12 09:15:00,25657.45,0.11646024507284326,0.11324,0.11181,0.10923,0.10651,0.10512,0.10354,0.1025,0.10229513355651584,0.10224517004890496,0.10287,0.10466,0.10656,0.10945,0.1905,0.18496,0.1764963956878539,0.16792,0.16397,0.15764,0.15087,0.14559,0.13863,0.13422,0.12931,0.12458636060919555,0.1207,0.11627
2026-01-12 09:20:00,25594.15,0.1251737342517174,0.12206,0.1163,0.1162,0.1132676339078739,0.1116,0.10958154334290564,0.10867,0.10825,0.10783,0.10912,0.11053,0.11293,0.11619,0.18837,0.18215,0.17641,0.17045,0.1630530983325586,0.15582,0.14937,0.14418,0.1382995943417491,0.13308,0.12824933840638159,0.12372,0.1204192173923016,0.11747587795150373
2026-01-12 09:25:00,25548.3,0.13463,0.13255,0.12451,0.12229,0.1187,0.11659,0.11363501522478196,0.11275,0.11187,0.11185,0.11280273888354006,0.11469,0.11707,0.12066,0.18706,0.18142,0.17544,0.16842,0.16152,0.15484,0.14868,0.1434,0.13738,0.13232906878774506,0.12763,0.12272,0.11844,0.1144
2026-01-12 09:30:00,25559.65,0.13935039369638935,0.13513,0.13053,0.12762,0.12327571243278884,0.11992,0.11684992428654349,0.11528,0.11402429098268788,0.11364,0.11442,0.11596,0.11845,0.12193,0.18674,0.18101996383571833,0.1747140561146107,0.16872,0.16123,0.1546,0.14863903780108925,0.14294,0.13629,0.1307,0.12579,0.12049,0.11614,0.11154
2026-01-12 09:35:00,25575.3,0.14006,0.13464,0.12761,0.1248,0.12047,0.11736856891677729,0.11469620330869662,0.11330267825697131,0.1125,0.11211,0.1128454767518278,0.11439,0.11676,0.11930430247400163,0.18503,0.17957266044178083,0.17376,0.16686,0.16,0.15408,0.14815,0.142396739489468,0.13675136017800962,0.13141020426921513,0.12645,0.12142,0.11696624142758126,0.11271
2026-01-12 09:40:00,25569.55,0.13265617190858064,0.12814,0.12449958355454693,0.12038,0.11743,0.11497,0.11236,0.11087,0.11045,0.11015,0.11133,0.11332,0.11595,0.1195,0.18611,0.18041789007277045,0.17467,0.1679,0.16147,0.15594,0.14974,0.1448,0.1387021136782521,0.13331645289137303,0.12831,0.12336,0.11915,0.11505
2026-01-12 09:45:00,25560.8,0.14288,0.13986,0.13543,0.13261,0.12714,0.12351,0.11999,0.11711,0.11605,0.11475,0.11528,0.11638,0.11706875843294423,0.11821495170277044,0.18657,0.1811199782773563,0.17502,0.16911,0.16194,0.15526,0.14912,0.14334,0.13702,0.13124,0.12586463936173994,0.12046,0.11554966725625807,0.1107
2026-01-12 09:50:00,25588.7,0.13697,0.13079,0.12701638861943196,0.12282,0.11879,0.11587,0.1133,0.11170252955507559,0.11037682072822977,0.10979,0.11073,0.11209,0.11424,0.11756,0.18788,0.18272,0.17674,0.17095,0.16343,0.1574,0.1512,0.14596,0.13945,0.13402,0.12872,0.12356,0.11901290854038545,0.11512
2026-01-12 09:55:00,25588.5,0.12519,0.11951,0.11730614583289167,0.11372,0.11107,0.10929624758513766,0.10768,0.10718127412939031,0.10652,0.10686,0.10815385108373664,0.11001,0.1129544137288103,0.11653,0.18841902937666624,0.18242,0.17742,0.17095,0.1641,0.15841,0.15246,0.147,0.14067,0.13527,0.13053,0.12529,0.12066554103710889,0.11671345670954522
2026-01-12 10:00:00,25564.15,0.1423922444478791,0.13787,0.13159,0.12824,0.12398,0.11993170192465329,0.11732,0.11475,0.11375,0.11273086575082944,0.11314961695120708,0.11464,0.11676,0.12025,0.18474,0.18026,0.17374,0.16725,0.1605,0.15419,0.14812,0.14258,0.13552,0.1301,0.12485740417134873,0.11957,0.11465,0.11054
2026-01-12 10:05:00,25588.7,0.13313,0.12825,0.12214,0.11971,0.11604,0.11335,0.11096,0.10916,0.10861,0.10851,0.10967,0.1111,0.11368,0.11713,0.18794,0.1826467444338708,0.17721,0.17052,0.16393,0.15760043778487448,0.15106,0.14561,0.1392849347914602,0.13357582116851127,0.12818867928471633,0.12301,0.11852,0.11500546593330055
2026-01-12 10:10:00,25566.95,0.1341,0.127,0.12233,0.11971,0.11614074579976867,0.11383,0.11152,0.10984,0.10919,0.10922,0.11084,0.11232737882760328,0.11489003488490061,0.11835,0.18718,0.18098,0.17500287099681625,0.1688444515123857,0.16279,0.1563,0.15058,0.14488,0.13799,0.13263,0.12756,0.12234351412725222,0.11787,0.11383
2026-01-12 10:15:00,25557.55,0.14588,0.13846,0.13169,0.12799,0.12354,0.11972,0.11606,0.11398,0.11253,0.11213,0.11239143361990711,0.11392,0.11532910425135239,0.11759190249231437,0.18646145845918724,0.18007,0.17472,0.1676,0.16109,0.15445,0.14828,0.14191224722283957,0.13556,0.12978,0.12441612904707249,0.11929,0.1150753554714337,0.11130471453404636
2026-01-12 10:20:00,25583.3,0.13252045447422423,0.12801,0.12396,0.12163,0.11793,0.11486,0.11166,0.11001,0.10913,0.10842,0.10982,0.11101,0.11345,0.11727759701929623,0.18773,0.18178,0.17694,0.17023,0.1636809513305725,0.15691,0.1507,0.14521,0.13843,0.13265,0.12719359215073617,0.12200497876276346,0.11752,0.11314
2026-01-12 10:25:00,25574.15,0.14301892357371,0.13623,0.12967,0.12376,0.11887,0.11599,0.11272741287801824,0.11076256316277495,0.10975067150004378,0.1095,0.11075,0.11194,0.11423,0.11789,0.18754673690221696,0.18134,0.17618,0.16883,0.1626,0.15640134373591338,0.15008654713055386,0.14418,0.13768,0.13146,0.12617,0.12103148607203153,0.11655,0.11219
2026-01-12 10:30:00,25584.2,0.12951343891757972,0.12478,0.1213,0.11695,0.11385,0.11154,0.109101612531662,0.10727,0.10654,0.10672,0.10775598893645325,0.10943,0.11229,0.11575,0.1885,0.18265,0.17719,0.17009,0.16362,0.15743,0.15109,0.14483906914650957,0.13905,0.13309,0.12789,0.12261,0.1185,0.11429
2026-01-12 10:35:00,25564.75,0.13492,0.1278,0.12387682428279681,0.12019,0.11652,0.11322033142887392,0.11093,0.1091,0.10819,0.108,0.10963,0.11056,0.11352124942473665,0.1173,0.18742,0.18134,0.17634,0.16927,0.16235,0.15578,0.14955,0.14395,0.13755515817110198,0.13153,0.12646,0.12132,0.11691,0.11272
2026-01-12 10:40:00,25572.4,0.13601,0.12916011097288937,0.12339434308827048,0.11869839926570132,0.11433,0.11195,0.1096,0.1079,0.10715,0.10698,0.10851,0.10977,0.11282517344616216,0.11652,0.18839,0.1817,0.17701,0.1702,0.16316,0.15689,0.15047,0.14502,0.13819,0.13259,0.12758,0.12226,0.11803448997952018,0.11417478651588753
2026-01-12 10:45:00,25556.8,0.1375,0.13167,0.12703,0.12366,0.119,0.11582,0.11307,0.11089,0.1096318989955109,0.10963,0.11018937415129469,0.11181285635082083,0.11478,0.11859,0.18665,0.1813,0.17556,0.16825,0.16157,0.15509,0.1489813682281043,0.14305,0.13636,0.13061,0.12534,0.11996,0.11549958107972502,0.11122
2026-01-12 10:50:00,25579.85,0.1222,0.11899,0.11375,0.11240294310528061,0.10999048782973439,0.10858,0.10623,0.1048,0.10456,0.10457,0.10586745324829787,0.10778,0.11086,0.11483,0.18856,0.18314956730270168,0.17769,0.17077,0.16419,0.15771,0.1512,0.14545,0.13918,0.13364,0.12852,0.12321047850652052,0.1187,0.11488
2026-01-12 10:55:00,25554.9,0.12813,0.12435,0.12022,0.1171844867941249,0.11395,0.1115,0.109,0.10761,0.10696,0.10694,0.10808894395852316,0.1101,0.11290845971394158,0.11692,0.18701,0.18147,0.17536606591237458,0.16896,0.16253,0.15614410289761615,0.14974323291378439,0.14384,0.13698,0.13174,0.1269,0.12168804472522657,0.11732,0.11375908890479607
2026-01-12 11:00:00,25550.75,0.1298672503933376,0.1261,0.12266578566754767,0.11932,0.11585208418797449,0.11307,0.11061,0.10912,0.10839063208182692,0.10824,0.10971,0.11135461378542327,0.11413,0.11807,0.18698456331229749,0.1807,0.1744822973720398,0.16802,0.16163,0.15508,0.14859,0.14242036531280075,0.13622,0.13101,0.12563792028169538,0.12078876702842858,0.1164249758141621,0.11248
2026-01-12 11:05:00,25538.1,0.1317595091815416,0.12782,0.1236,0.11978834472783782,0.11648601615780058,0.11375514971470205,0.11172,0.10985,0.10916,0.10888,0.1104,0.11198,0.11491,0.11861,0.18486,0.17966,0.1739,0.16739470209002486,0.16062,0.15433,0.14776,0.14223,0.13525,0.13015825965459907,0.12502,0.11987,0.11562,0.11145
2026-01-12 11:10:00,25544.8,0.1270075339193388,0.12331,0.11886,0.11651,0.11347,0.11101,0.10898000139194569,0.10721,0.1069335695729281,0.10691,0.10852,0.11041,0.1133,0.11741,0.18527,0.18024,0.17423,0.16813,0.16113,0.15506,0.14871370712110418,0.1426152742017348,0.13663,0.13121,0.1263,0.1209,0.11679,0.11303
2026-01-12 11:15:00,25528.8,0.12595,0.1217,0.11882181535682401,0.11598,0.11333,0.11105036339542634,0.10937309936031475,0.10818,0.10776,0.10781,0.10975,0.11188,0.11487,0.11907,0.18365,0.17819,0.17235,0.16591,0.15971,0.15341,0.14744,0.14174,0.1353,0.1302,0.12548,0.12065,0.11628,0.11298
2026-01-12 11:20:00,25512.25,0.13111,0.12465,0.11983,0.11831,0.11531,0.11282,0.11091,0.10965,0.10944,0.10972,0.11151,0.1133,0.11643055685161482,0.12045,0.18148,0.17667,0.17081,0.16375,0.15824,0.1518,0.14588,0.14013,0.13384,0.12869,0.12360429486192397,0.11902,0.11468,0.11114
2026-01-12 11:25:00,25509.25,0.12887,0.1246,0.12062526583817784,0.11729,0.11454,0.1123,0.11069,0.10934,0.10911,0.10999,0.11181,0.11361,0.11695,0.12117,0.1823934004498106,0.17614,0.1707,0.16363,0.15775224635354268,0.15154145725535542,0.14553,0.13962,0.13348,0.1284429137897668,0.12353,0.11867,0.11474,0.11088
2026-01-12 11:30:00,25496.15,0.12283,0.11979,0.11693,0.11543,0.11285,0.11124,0.11003,0.10937,0.10944,0.11028,0.11224,0.11446,0.11778,0.12226,0.18198,0.17639176569073733,0.17064114215944812,0.16462,0.15892,0.15261,0.14665,0.14131,0.13519,0.13044,0.12596,0.12101,0.11711,0.1142
2026-01-12 11:35:00,25487.1,0.12896,0.12424045326914189,0.11988,0.11806,0.1148926920300103,0.11321,0.11136708199886161,0.11034,0.1103,0.11119,0.1131,0.11494,0.11853,0.12292,0.18093,0.17561,0.17024,0.16314,0.1573901123672126,0.15104,0.14505157613739633,0.1394,0.13317,0.1282998131814902,0.12347,0.11904378098988434,0.11508,0.11171
2026-01-12 11:40:00,25485.45,0.12621115394314006,0.1232857966793465,0.12019,0.11832,0.11599,0.11366,0.11195,0.11111,0.11123,0.11201,0.1137,0.11586,0.11937,0.12385,0.18081,0.17563,0.17025,0.16382,0.15778,0.1516499915294156,0.14559022949217965,0.14013,0.13359,0.12863,0.12393,0.11956,0.11546513945906724,0.11221
2026-01-12 11:45:00,25476.55,0.13517,0.12957,0.12533,0.12351,0.11952,0.11682,0.11481,0.11361,0.11317,0.11357,0.11488,0.11688,0.11992,0.12409,0.18025,0.17461,0.16924,0.16224,0.15605,0.14943,0.14365,0.13787,0.13125,0.12603,0.12139,0.11699,0.1129,0.10915
2026-01-12 11:50:00,25491.7,0.1293,0.12492,0.12093,0.11849,0.1156214031432759,0.11342,0.11183663115370848,0.11086442549407619,0.11052,0.111,0.11288,0.11482,0.11826,0.1227,0.18185,0.17591,0.17019,0.16313,0.15692,0.15086,0.14495,0.13939,0.13296,0.12808581541697125,0.12333,0.11901,0.11499,0.11149
2026-01-12 11:55:00,25495.85,0.13106,0.12537,0.12187,0.11957,0.11614,0.11375058427246355,0.11205,0.11089,0.11060011618395225,0.11102,0.11273,0.11467,0.11789,0.12117125425743035,0.18173,0.17556,0.16970279660238027,0.16363,0.15731,0.15068,0.14477,0.13922,0.13293,0.12779,0.12291,0.11846950581435728,0.11471,0.11142591112591149
2026-01-12 12:00:00,25499.2,0.12806,0.12433,0.11977,0.11788,0.11466,0.11248,0.11083,0.1099661863764531,0.10963,0.11033,0.11191,0.11395,0.11737,0.1217,0.18155,0.17572,0.1701,0.16336930587021142,0.15677,0.15024,0.14459,0.13903,0.13296,0.12752,0.12279,0.11842138834395335,0.115,0.1119121911289829
2026-01-12 12:05:00,25507.65,0.13197,0.12643,0.12244,0.11927875631780832,0.11613,0.11407,0.11186929786816174,0.11057,0.11040061186008743,0.11061,0.11212,0.11396,0.11724,0.12139,0.18194,0.1763,0.16976059935483498,0.16326,0.15656,0.14995,0.14383,0.1381,0.13178,0.12652,0.12189,0.11709293618277604,0.11337,0.10923
2026-01-12 12:10:00,25526.3,0.14473,0.1426,0.13664,0.13244,0.12752,0.12306,0.11968123077529523,0.11725,0.11547,0.11434,0.11538,0.11631,0.11832,0.12241,0.1832353507395078,0.17639,0.17031,0.1638,0.15661002515265854,0.1492,0.14285,0.13669,0.13021,0.12440795272576823,0.11881782038275883,0.1134,0.10888400168155307,0.10445
2026-01-12 12:15:00,25577.45,0.14302,0.13618,0.13037,0.12711,0.12239,0.11946,0.11592,0.11426908467306135,0.1127,0.11224,0.11251684880624982,0.11361,0.11532,0.11883,0.18443,0.17862,0.17238,0.16537,0.15893,0.15208,0.14584,0.13976,0.13325,0.12715,0.12234,0.11758,0.11315,0.1095926819737438
2026-01-12 12:20:00,25614.85,0.15144,0.1437150835602379,0.1381,0.13245080473537607,0.12816,0.12403,0.12111,0.11765,0.11628,0.11484,0.11474,0.11538,0.11688980736406777,0.11973,0.186,0.17815,0.17464,0.16816,0.16208,0.15542,0.1490030185981196,0.14266,0.136,0.13026501769636967,0.12488,0.11939,0.11495,0.11166419543908974
2026-01-12 12:25:00,25653.4,0.13325544879151394,0.12728,0.12805,0.12478,0.12093,0.11774,0.11503,0.11288,0.11166,0.11104,0.11111,0.11195870905710154,0.11325,0.11604,0.18872,0.18389,0.17771,0.17116,0.16556,0.15827,0.15227,0.14636,0.14013,0.1342,0.12922909635171256,0.12448,0.12027,0.11551
2026-01-12 12:30:00,25668.1,0.154,0.14368,0.13897,0.13258325268597013,0.12916,0.12426053298061676,0.1213,0.11878,0.11738,0.11624,0.11566,0.1161,0.11709,0.11881852785924975,0.18857393760574953,0.18248,0.17816,0.17214,0.16583,0.15888,0.1533,0.14792,0.1408,0.13493,0.1299168341217646,0.12473653235253238,0.12038,0.11487
2026-01-12 12:35:00,25690.5,0.13488,0.12381,0.12445,0.12024,0.11698,0.11468,0.11213,0.11118,0.11044239021319258,0.10965,0.11016,0.11120762385367783,0.11232,0.11471,0.19113,0.18537,0.18081,0.17518,0.16841,0.16240824564553558,0.15617,0.15057,0.14437412506201736,0.13864,0.13428,0.12867942968473484,0.12421,0.12031004751636366
2026-01-12 12:40:00,25684.35,0.15507,0.1479603256569031,0.14347,0.1370626986907105,0.13275,0.12895,0.12453,0.12115,0.11926562294874009,0.11829,0.11694564674487928,0.11716,0.11832,0.11999,0.18826,0.1849,0.17793,0.17149,0.1654,0.15902842019955205,0.15277231960004545,0.14646851206764944,0.13995,0.13419,0.12962,0.12398,0.1192746115006477,0.114
2026-01-12 12:45:00,25727.5,0.13318,0.1286303797548808,0.12466,0.11945,0.11652,0.11432151317210369,0.11204378719841511,0.10981,0.10950027350055559,0.10914,0.1093188210335281,0.10977,0.11162311238734561,0.11342,0.1931,0.18998,0.18359,0.17732,0.1711,0.1646406379197418,0.15835,0.15190274979679283,0.14586,0.1398,0.13474596858306764,0.13039,0.12540537986311132,0.12103
2026-01-12 12:50:00,25724.55,0.14204,0.13716510526927148,0.13291,0.1285,0.12508,0.12156,0.1189075113300945,0.11654,0.11567,0.11427,0.11384,0.11403,0.11481,0.11638,0.19309,0.18835,0.18208,0.17651,0.16953,0.16277,0.15723,0.1507001877096817,0.14472,0.13859,0.13453,0.12962,0.1253,0.12029
2026-01-12 12:55:00,25715.5,0.14309,0.13735,0.12991926137707702,0.12356,0.12039,0.11681,0.11462,0.11291292117970812,0.11168,0.11139,0.11123771957765352,0.11148,0.11248,0.11441,0.19219,0.18729,0.18184,0.17548,0.16905,0.16237,0.15666,0.15066112946552115,0.14488549913625218,0.1393030729742136,0.1341,0.12879,0.12394031098059688,0.11933
2026-01-12 13:00:00,25692.65,0.13268,0.13424,0.13095,0.12836249492655502,0.12484,0.12196,0.11816,0.11592,0.11420834369634987,0.11315201979426033,0.11292,0.1129888569728484,0.11399,0.11456143706068335,0.19101,0.18652,0.18014,0.17417,0.16787571610175608,0.16101,0.15571,0.14935849399682855,0.1434579636982683,0.13751,0.1327,0.1277,0.12285,0.11824
2026-01-12 13:05:00,25702.65,0.14577,0.14024265204916572,0.13579,0.13042731341217467,0.12591,0.12264,0.11964,0.11692,0.11573,0.11455,0.11356,0.11369,0.11473879729333573,0.11663,0.19162,0.1862793201308141,0.1805,0.17474,0.16835078676560128,0.16178,0.15598,0.1494590157243032,0.14297,0.13744,0.13288,0.12758076741723917,0.12314,0.11809
2026-01-12 13:10:00,25710.85,0.14323,0.13453,0.12998,0.128,0.12374,0.1201,0.117,0.11471,0.11291,0.11137,0.11141,0.1113,0.1127147927807764,0.11484,0.19088,0.18534,0.18005,0.17456,0.1683,0.16214,0.15586,0.15028,0.14341,0.13823861331430948,0.13300114045911202,0.12799,0.12361,0.11846
2026-01-12 13:15:00,25725.15,0.12758,0.12543,0.1204,0.11751569633483747,0.1132,0.11159,0.10969097799580804,0.10805,0.10708,0.1070860797123586,0.10713,0.10801907579813247,0.10936490930947937,0.111,0.19035848115417942,0.18479,0.18073,0.17517,0.16885,0.16266,0.15748,0.1510888905887165,0.1453,0.13962972833984968,0.1344735864508619,0.12999,0.12639,0.12377846021235783
2026-01-12 13:20:00,25697.4,0.13956517604753552,0.13529,0.13031,0.1260315930527219,0.1224,0.11874,0.11536,0.11443,0.11229,0.11137,0.11069740892722259,0.11101,0.11313,0.11473687219089153,0.18904,0.18412,0.17899,0.17303,0.16746200795451335,0.16151992642282081,0.15545,0.15004,0.1433,0.13781,0.13305,0.12716,0.12254664419216241,0.11772
2026-01-12 13:25:00,25704.15,0.12732,0.12404,0.11901,0.11682252959473505,0.11413,0.11166,0.11017587231935158,0.10819,0.10782745802307853,0.10714,0.10751,0.10825,0.10942450657998289,0.110714331611741,0.18916,0.18468,0.17939,0.17361,0.16806,0.16219618095421426,0.1565,0.15061216436268454,0.14493965210612245,0.13946,0.13455839414060644,0.12991,0.1254,0.12063
2026-01-12 13:30:00,25707.95,0.16035,0.15079033307712397,0.14463,0.13707461953597203,0.13113583464272757,0.1262705621704917,0.12301,0.11901,0.11727,0.11597,0.11518,0.1148,0.11578,0.11723,0.18884,0.18398593398598623,0.17838,0.17289,0.16635,0.16048,0.15441848713275888,0.1485,0.14168,0.13599,0.13058974763532616,0.12554019688307086,0.12086,0.11835407944431064
2026-01-12 13:35:00,25747.0,0.12697,0.13005,0.12265,0.12120754404922089,0.11783875864479171,0.11525,0.11212,0.11089543771067975,0.10947,0.10874,0.10825,0.10898,0.11004,0.11183,0.19147,0.18757,0.18138,0.17551,0.16951,0.16335,0.15791,0.15185,0.14597,0.14012134997672743,0.13462,0.12954650910454366,0.12485,0.12001
2026-01-12 13:40:00,25745.1,0.14607132334968,0.1348,0.12579846986534388,0.11842,0.1158,0.11363,0.11035,0.10893,0.10798,0.10738826182243501,0.10738965996350575,0.10789,0.10922,0.1109,0.19178,0.18657567708626907,0.18104291452130436,0.1753741974121567,0.16951,0.16359,0.15776,0.1521,0.14563,0.13943,0.13444150296532356,0.12950524540767594,0.12541,0.12045
2026-01-12 13:45:00,25739.05,0.14182,0.13243,0.1274,0.12355,0.11938,0.11529,0.11248,0.11011,0.1089,0.10768,0.10761,0.10793,0.10927,0.11099,0.19282141765585328,0.18702891324798254,0.18113,0.17536,0.16902,0.16257,0.15702,0.15116,0.1445917050095014,0.13813,0.13379,0.1287,0.12433,0.12086090705519614
2026-01-12 13:50:00,25735.6,0.14053601908339133,0.13490253409164246,0.13021969063903382,0.12561,0.12169,0.11822,0.11384,0.1118,0.1105,0.10937,0.10888236593184478,0.10914,0.11039,0.11193,0.19298,0.18672,0.18206,0.17617,0.16984339975369078,0.16319,0.15763,0.15127,0.14468,0.13839,0.13388,0.12816,0.12364,0.11821
2026-01-12 13:55:00,25743.25,0.13752,0.12317,0.1274,0.12181,0.11763,0.11525,0.11133,0.10985,0.10855,0.10746489312993253,0.10716,0.1077,0.1089923804588013,0.11096,0.1947528651431199,0.18885,0.18290669277193808,0.1769008733318851,0.17081,0.16449,0.15855,0.15269,0.14559,0.14022750288024016,0.13473,0.1295973448195031,0.12508,0.11957
2026-01-12 14:00:00,25734.9,0.13141,0.12459,0.12269693155639136,0.12034,0.11653795034878231,0.11374831060143056,0.11059,0.10946,0.10815,0.10718,0.10723,0.10775598836624298,0.10894581293425704,0.11075,0.19338,0.18746,0.18219901274506026,0.1766,0.17053,0.16404,0.1579750979325674,0.15181757727350748,0.14580808985551716,0.13956,0.13488,0.12952,0.1243110797210199,0.11936
2026-01-12 14:05:00,25732.75,0.13756,0.13142,0.12339,0.12785,0.12267,0.11871,0.11524404881526734,0.11212,0.11030471250834256,0.10958,0.10869743037897538,0.10908,0.10875004796344308,0.10909039309634873,0.19324,0.18731,0.18188,0.17644,0.16982,0.16312,0.15721030655813054,0.15116,0.1447147153699189,0.1384,0.13316791041515316,0.12785,0.12289,0.11768
2026-01-12 14:10:00,25739.35,0.1356487108118724,0.13049,0.12053,0.1172397634086748,0.11324,0.11198,0.10906,0.10643,0.10608,0.10546,0.10522,0.10593,0.10756664804570408,0.10964,0.19315,0.18786,0.18327,0.17693458944815443,0.17067,0.16446,0.15848,0.15258,0.14614279944481448,0.13985,0.134855198282551,0.12965,0.12533,0.11911
2026-01-12 14:15:00,25729.15,0.13958,0.13351,0.12656,0.1222,0.11842,0.11527,0.11221118277861952,0.10986,0.10878,0.10763,0.10776,0.1082,0.10965,0.11154,0.19299,0.1865,0.18163,0.1753936818087516,0.16938279178964,0.16309,0.15715,0.15097,0.14479,0.13865,0.13344,0.12816594318139163,0.12363,0.11826
2026-01-12 14:20:00,25736.35,0.15031714364406443,0.14464,0.13888,0.13311,0.1279,0.12266222618694551,0.11872,0.11572,0.11399,0.11222,0.11123757183552317,0.11128,0.11182,0.1127466482333778,0.19212,0.1869,0.18105,0.17619,0.1699,0.16246,0.15658365499071097,0.1501683454646109,0.1439044316005814,0.13731,0.1324,0.12651,0.12130581124450135,0.11595
2026-01-12 14:25:00,25762.75,0.13676,0.13189,0.12698,0.12283,0.11747,0.11438,0.11065,0.10897,0.1075,0.1065,0.10599,0.10653205318318756,0.10746,0.10939024345043791,0.19377,0.1882372776247377,0.1825,0.17716,0.1708609993311396,0.16475,0.15889,0.1525334512650579,0.14650297664906486,0.14034,0.13525,0.12988,0.12539,0.1197
2026-01-12 14:30:00,25753.1,0.12409113901149649,0.11977,0.11613,0.11389,0.11126,0.10938110351339772,0.10683,0.10553,0.10493,0.10422,0.10477776230379802,0.10536,0.10669,0.10846,0.19326,0.1881548410962777,0.18279,0.17731,0.17094893118400628,0.16471,0.15875,0.15268,0.14634,0.14043,0.13567,0.13022,0.1255,0.12037
2026-01-12 14:35:00,25716.7,0.15174,0.14512,0.13909,0.13307,0.12727,0.12346,0.11932,0.11581141291860193,0.11345377530873901,0.11181119303427085,0.11126,0.11126,0.11145015482250249,0.11250776581404447,0.19086,0.18502,0.17934,0.17431,0.16802,0.16121,0.15532,0.14901544414260076,0.1426,0.13638,0.13169,0.12575,0.12104,0.1175293965184348
2026-01-12 14:40:00,25749.0,0.14146,0.13433557115662356,0.12715,0.12317,0.1188040573088415,0.11552,0.11292,0.11058,0.10931,0.10795,0.10775,0.10821,0.10888584922603166,0.11043,0.19276,0.18761,0.18249,0.17641397242728735,0.1702,0.16401780152682635,0.15785,0.15167771876348496,0.14553,0.13957,0.13458,0.12875,0.12421,0.12052636452389374
2026-01-12 14:45:00,25763.85,0.13183,0.1272555157096731,0.12209,0.11875705418866264,0.11506,0.11314,0.11013,0.10793,0.10668902207941475,0.10569932860113923,0.10547044163442337,0.10592,0.10718,0.10825797816330497,0.19416,0.18743,0.1828850987692311,0.17764,0.17176,0.16465,0.15882,0.15287,0.14662133579739173,0.14051,0.13534,0.12992,0.12457846811833415,0.11968
2026-01-12 14:50:00,25774.05,0.14353,0.13758,0.13082,0.12617,0.12145562823618368,0.11819,0.11434,0.11136,0.10934421120079078,0.10794,0.10689,0.10687847245277937,0.10761523958261947,0.10916,0.19388,0.18866,0.1830316457523314,0.17722,0.1706,0.16408,0.15805742353739077,0.15221,0.14529,0.13945,0.13383881069771597,0.12857,0.12345,0.11963991366815722
2026-01-12 14:55:00,25796.15,0.14247,0.13767,0.13126,0.1254,0.12008,0.11677,0.11369,0.11074,0.10988,0.10782,0.10721782454857719,0.10694,0.10774,0.10875,0.19471,0.189,0.18312,0.17722,0.17063,0.16448133016308691,0.15838,0.1518798604578189,0.14561,0.13974816640100501,0.13418,0.1289067025096501,0.12416,0.12014899638074951
2026-01-12 15:00:00,25785.15,0.13593,0.13388,0.12688,0.1223,0.11803,0.11433,0.11181,0.10984,0.10779030066019642,0.10655615483902608,0.10578,0.10594,0.10639,0.10766,0.1955006705673827,0.18931871347091297,0.183,0.17702,0.17066,0.16445833300429236,0.1582,0.15202,0.14524,0.13980171594451068,0.13433433076674667,0.12898,0.12431,0.11883
2026-01-12 15:05:00,25789.75,0.1304,0.12499,0.12171,0.11729,0.11382,0.1119,0.1089,0.10740804074216247,0.10626,0.10491,0.10465291279810784,0.10472,0.10536,0.10686,0.19455942608322632,0.18854,0.18376,0.17824,0.1720549410925724,0.16568188640612094,0.15899,0.15311,0.14667,0.14017,0.13508,0.12962418486389218,0.12499,0.11971
2026-01-12 15:10:00,25785.05,0.1339900848257872,0.12841,0.11964,0.1167,0.11284996031399575,0.11045,0.10802,0.10613272115469598,0.10497,0.10326,0.10320117484986385,0.10339188960376682,0.10433103747588518,0.10601,0.19482,0.18819,0.18355503524660485,0.17836,0.17144,0.16481,0.15909,0.15251406246412885,0.146256812430764,0.13992,0.13472,0.1292,0.12462,0.11945
2026-01-12 15:15:00,25782.95,0.14035936013864125,0.13489,0.12767366328901306,0.12210717109586894,0.11744,0.11417,0.11137,0.10853,0.10738,0.1052,0.10474,0.10481,0.10563,0.10705,0.19663,0.19107576581460595,0.1853856917779801,0.17933,0.17261,0.16587,0.16024,0.15337930732472466,0.14687,0.14062,0.13514,0.12949363558096488,0.12452,0.11877
2026-01-12 15:20:00,25786.05,0.14010558879158785,0.13406266401263847,0.12843,0.1228,0.11761,0.11465,0.1115,0.10893,0.10713,0.10521,0.10453450833444779,0.1044719024675223,0.10526,0.1067,0.19815,0.19091,0.18787,0.18085015277767838,0.17455780260547685,0.16785,0.16151726603748703,0.15498351525812962,0.14852,0.14213,0.13614,0.13,0.1242634355689799,0.11872
2026-01-12 15:25:00,25801.35,0.13043,0.12173,0.11860081901082531,0.11452334622621616,0.11127,0.10857956732124155,0.10605,0.10462,0.10349,0.10165,0.10145,0.10137,0.10221,0.10465,0.19547,0.19534,0.18691,0.18088,0.17464023518738087,0.16707,0.16224,0.15508,0.14885419193811952,0.14221,0.13697,0.13075,0.1252,0.11944
2026-01-13 09:15:00,25853.0,0.10138,0.10057,0.10156,0.10148504937274029,0.1026977884198142,0.09894,0.10014053244680837,0.09925282432346984,0.09738,0.098146515091941,0.09726,0.09771,0.0992,0.10094,0.19934,0.19786,0.18904193681144527,0.1824,0.17542,0.16959,0.16328,0.15746,0.15049,0.14414407551069658,0.13946,0.13333,0.12841,0.12266
2026-01-13 09:20:00,25825.4,0.1301,0.12038,0.11652,0.11379,0.11063,0.10853,0.10573,0.105,0.10365,0.10229,0.10185,0.10238,0.10336,0.10516,0.20103701249655187,0.19459,0.18813,0.17948,0.17454,0.16867,0.16259,0.15584298608720032,0.14929049262699884,0.14263,0.13715928864138163,0.13143,0.12647,0.12052
2026-01-13 09:25:00,25818.35,0.07494,0.0791035613505457,0.07843,0.08490149404761564,0.08732,0.09071,0.09192,0.09345,0.09489,0.09538,0.09659,0.09772,0.09926,0.10186,0.20127255119509296,0.19492,0.19107,0.18192,0.1764225264010462,0.17018,0.16471852646505825,0.16014,0.15357817544129515,0.14795,0.14297771925294717,0.13807,0.13444,0.1289
2026-01-13 09:30:00,25766.85,0.09386,0.09704340402277215,0.09733,0.09870986438444111,0.0985,0.09884946819044911,0.09936,0.09957,0.09974282236451926,0.10013,0.10093323404960275,0.1022,0.10407,0.10676,0.19758,0.18681,0.1874,0.18077,0.17444,0.16772,0.1615,0.15534204521340403,0.14881,0.14315,0.13844,0.133,0.12898,0.12387
2026-01-13 09:35:00,25737.7,0.11826,0.1142503327457405,0.1101,0.11011,0.109,0.10716533730306156,0.10650586354556084,0.10605,0.10628,0.10556,0.10597,0.1067,0.10811,0.11024,0.19641,0.19402,0.18575178930479394,0.17834,0.17151,0.16504,0.15939,0.15322,0.14657,0.14058,0.13586,0.13051,0.12555033255459125,0.12088
2026-01-13 09:40:00,25732.1,0.11857395312172157,0.11635,0.1141541288036296,0.11226,0.110279231475669,0.1094,0.10754,0.10682,0.10672,0.10605,0.10663,0.10736,0.10873,0.11101,0.19531,0.1897,0.1851,0.17854,0.17119,0.16484,0.15903,0.15272,0.14566,0.13996,0.1353,0.12993,0.12517,0.12017
2026-01-13 09:45:00,25766.4,0.10985,0.10211,0.10037639303437204,0.09765,0.09883,0.09904,0.09859181899828069,0.09895388711808642,0.09968,0.09971,0.10075,0.10208,0.10395,0.10665,0.19597411278478946,0.18954,0.18651,0.17875,0.17198,0.16605,0.15962,0.15322498008581686,0.14721,0.14102,0.13691,0.1316,0.12743,0.12286
2026-01-13 09:50:00,25750.85,0.11754,0.11262,0.11364,0.10823,0.10611,0.10542,0.10416,0.10457,0.10446,0.10352,0.10426,0.10532693666836761,0.10695,0.10944,0.19685,0.1913197634557695,0.1858,0.17799,0.17208,0.165,0.15952,0.1528704788239643,0.14677817255129144,0.14069,0.13566,0.13018,0.12590021245410443,0.12193809269537538
2026-01-13 09:55:00,25731.0,0.10362,0.10571,0.10317,0.10456,0.1047087102885969,0.10433,0.10374,0.10378,0.10438,0.10435,0.10535,0.10636,0.10817,0.11081,0.19596,0.19028,0.18489,0.1783798124556073,0.17192829204709287,0.16526763790714796,0.1585,0.15331,0.14657,0.14116427939457674,0.13604,0.13094,0.1269,0.12208
2026-01-13 10:00:00,25714.65,0.14097,0.13349,0.13009,0.12686,0.12114,0.11849,0.11568,0.11373,0.11286,0.11147,0.1113,0.11152328389349789,0.11276,0.11377122309938353,0.1931,0.18816,0.18229,0.17698,0.1696280888711938,0.16188,0.15581,0.14965,0.14249,0.13684,0.13118,0.12617,0.12153,0.11621
2026-01-13 10:05:00,25746.85,0.12843,0.12569,0.11961,0.1167,0.11418,0.11206,0.11025,0.10891,0.10827,0.10803,0.10751,0.10817,0.10956123891659135,0.11162,0.19569,0.18741,0.18202746360088498,0.1758,0.17055,0.16428,0.15821,0.15229,0.14503,0.13955,0.1340020059196975,0.12879,0.12451,0.11968
2026-01-13 10:10:00,25759.95,0.10494,0.10371,0.10288,0.10202,0.10091,0.10211,0.10135803976307606,0.10084,0.10126,0.10178,0.10247,0.1034,0.10505,0.10788,0.19744,0.1923,0.18608,0.17960962063074082,0.1729611558654789,0.16615,0.16016,0.15361911353436758,0.1475,0.14184097472846305,0.13695,0.1312,0.12764,0.12407571588010863
2026-01-13 10:15:00,25754.7,0.10612,0.10838,0.10433,0.10362,0.10244,0.10284,0.10215765508938678,0.10176,0.10236,0.10237,0.10308,0.10428,0.10568,0.10871,0.19659,0.19045,0.18549,0.18043,0.17189,0.16543,0.15933,0.15275533110664485,0.14641,0.14114,0.13568535270326335,0.1308300031115083,0.12656,0.1233666983819284
2026-01-13 10:20:00,25761.35,0.12196,0.11756554017818036,0.11421,0.10883,0.10757,0.10568842081377784,0.10509,0.1039,0.10396,0.10338,0.10386,0.10477,0.10632,0.10746598840001655,0.19667,0.19098173070240992,0.18512,0.17855504635568625,0.17169,0.16546,0.15956,0.15344,0.14623,0.14073,0.1351,0.12988,0.12551,0.12025
2026-01-13 10:25:00,25770.15,0.14012,0.13305,0.12665,0.12195,0.11838,0.11417616592679923,0.11211,0.10968,0.10903,0.10803,0.10721,0.10737,0.10855,0.11041,0.19716,0.19185366214679803,0.18548,0.17993,0.17258096212007287,0.16508,0.15866,0.1518903005494174,0.14506,0.13916318178549966,0.13348,0.12756,0.12274,0.11920278415171953
2026-01-13 10:30:00,25804.6,0.13282,0.11803605167019235,0.10534,0.10765,0.10653,0.10582,0.10306,0.10242518580784461,0.10162056241894935,0.10115744149382747,0.10103,0.10169,0.10354339334723084,0.10556,0.20024025184783897,0.19389,0.18871,0.18195,0.17508,0.16807,0.16178800860422218,0.15564,0.14901052523238512,0.14303895544317996,0.13714,0.1315925126282234,0.12664,0.12147
2026-01-13 10:35:00,25783.95,0.12325,0.1098,0.10718,0.10779,0.10526,0.10288,0.10219,0.10221,0.101585358747435,0.10157366604182004,0.10214,0.10265,0.10405,0.10676,0.20080818959816807,0.19411457149183953,0.18761,0.18025,0.17383,0.1675227594979914,0.16149,0.1552,0.14869790007280148,0.14241,0.13709,0.13144,0.12636214243398625,0.12165
2026-01-13 10:40:00,25772.4,0.11286,0.10172,0.09986,0.10643,0.10474,0.10468,0.10303,0.10234,0.10255,0.10191,0.10239,0.10339799660004256,0.10494,0.10768,0.19788,0.1925216144272535,0.18643721659063248,0.18052,0.17303,0.16664,0.16036656937965746,0.1540076638635183,0.14816,0.14168,0.13630190797064878,0.13102,0.12613,0.12107
2026-01-13 10:45:00,25763.45,0.12053943160060887,0.11857,0.10489,0.11266,0.10804631743920677,0.1078,0.10651,0.10655,0.10529,0.10428,0.10453,0.10574,0.10617,0.10849,0.19601,0.19090383021646723,0.18463,0.17979,0.17084,0.16428,0.15841,0.15174,0.14493,0.13907,0.1341,0.12841614943190255,0.12323,0.1189
2026-01-13 10:50:00,25794.3,0.11933,0.11414,0.11134,0.10732702664914458,0.10379452030177316,0.10109924086264288,0.098,0.09836609863215319,0.09832,0.09864,0.09876,0.09983,0.10165,0.10429,0.197,0.19049,0.18559,0.17919,0.17247,0.1662,0.15938,0.15394,0.14715,0.14127,0.13627,0.13065140218315976,0.12575102680500985,0.12139
2026-01-13 10:55:00,25765.7,0.1313653748676327,0.1277,0.11839,0.11653,0.11209,0.10973664862208175,0.1084,0.10623,0.10569,0.10431,0.10434,0.10496,0.10613292609700972,0.10846,0.19378,0.18824,0.18328,0.17684,0.16974,0.16380216850434856,0.1572388336750325,0.15101,0.1442,0.13808,0.13279,0.12762,0.12277,0.11766
2026-01-13 11:00:00,25784.9,0.11114,0.11637,0.1004,0.10533,0.10417,0.10248370789716968,0.10174907777493332,0.10121,0.10136,0.10075,0.10117,0.10206,0.10349377879302232,0.10537,0.19581,0.18991571249220923,0.18426,0.17715,0.1711810856196395,0.16513,0.15832,0.15288,0.14577,0.13983,0.13496,0.12932,0.12415371821135296,0.11948
2026-01-13 11:05:00,25771.65,0.13216,0.11938,0.12029,0.11747,0.11378,0.11176,0.10905795680838289,0.10724,0.10636,0.10527,0.10501,0.10534,0.10616,0.10809,0.19504,0.18875,0.183,0.17646144736174396,0.16977,0.16355,0.15506,0.15072,0.14357,0.1381,0.13262955876889435,0.12739,0.12263,0.1189171335881686
2026-01-13 11:10:00,25787.85,0.11856,0.10777,0.11044,0.11006,0.10668,0.10586,0.10409,0.10312872071960191,0.10252,0.10135,0.1017,0.10224,0.10350946910221161,0.10541,0.19507,0.18962465210033014,0.18371,0.178,0.17081,0.1648,0.15819,0.15219,0.14495,0.13945,0.13716999626730328,0.1405443579727815,0.14594944164195106,0.1515029654127584
2026-01-13 11:15:00,25787.55,0.11632603212154327,0.11357617045718946,0.11131,0.10958,0.10777,0.10559,0.10327,0.10223,0.10211,0.10092,0.10121,0.10247,0.1027,0.10501,0.19481,0.18867,0.1835,0.17724,0.17046,0.16354,0.15748,0.15088039385998442,0.14437,0.13874,0.13399,0.12815,0.12386,0.12036116935136215
2026-01-13 11:20:00,25784.1,0.12704,0.11694,0.11314,0.10838,0.10646,0.10523,0.10245,0.10227,0.10176,0.10092901076126211,0.10077,0.10144,0.10261,0.10482,0.19456,0.18866,0.18282,0.1764,0.16948,0.16327,0.15648,0.15139,0.14396,0.13843,0.13358,0.12807291145454483,0.12338,0.11825
2026-01-13 11:25:00,25786.2,0.12557,0.12715,0.11235,0.11523,0.1104785038467431,0.10887,0.10572,0.10391,0.10274620794261886,0.10212,0.10173478428225856,0.10209,0.10339462106757977,0.1054,0.19449,0.18884,0.18253562296404652,0.17621,0.16914,0.1625,0.15639,0.14978913705839134,0.14336,0.13753,0.13231575922582192,0.12729,0.12252,0.11716
2026-01-13 11:30:00,25793.55,0.12837,0.12356,0.11864,0.11509373098372362,0.11179,0.11038,0.1071844212317613,0.10534448393747135,0.1041,0.1031,0.10283,0.10315,0.10381,0.10564,0.19482,0.18945,0.18277,0.17604,0.16887,0.16281,0.15675,0.15086,0.14333,0.13761,0.13242,0.12697,0.12213,0.11789522714449309
2026-01-13 11:35:00,25814.5,0.11175,0.11078865163856898,0.10854,0.10642,0.10504,0.10288,0.10123,0.09991,0.09941103278889397,0.09904,0.0994,0.09993990341056797,0.10101,0.10189277775971063,0.19769898219076618,0.19094849013805512,0.18425,0.17749126617305586,0.17099,0.1641,0.15813,0.15207,0.145,0.13937,0.13446,0.1290523430071826,0.12442,0.11932
2026-01-13 11:40:00,25811.5,0.09832,0.0993329292009335,0.09835263763836477,0.0976,0.09793,0.09766,0.09684,0.0965,0.09714,0.09663,0.09748,0.09813,0.09936,0.10197,0.19457552654122084,0.18823,0.18403,0.17714,0.17076,0.16403,0.15819,0.15153956610988586,0.14487,0.13994,0.13509,0.12974949891061305,0.12525,0.12026
2026-01-13 11:45:00,25782.05,0.12434,0.11605,0.11188384243267323,0.10915,0.10828,0.10657,0.10362794990385853,0.10265,0.10178,0.10097,0.10094160665575026,0.1016826412549905,0.10309366565109009,0.10543,0.1927998336297801,0.18644,0.18126,0.17477,0.16779,0.16189,0.15566,0.14976,0.14269,0.1372,0.13206,0.12708,0.12209498087603332,0.11725
2026-01-13 11:50:00,25785.0,0.0963,0.09354,0.09555,0.09782,0.09939,0.09804,0.09687,0.09688,0.09736,0.09746,0.09799427522962346,0.09906231825649024,0.10052,0.103,0.19372,0.18669,0.18076516816741664,0.17483,0.1686,0.16241086040867744,0.15652,0.15081,0.14368,0.13831,0.13315,0.12814,0.124,0.1201881810946428
2026-01-13 11:55:00,25762.65,0.13302,0.1138,0.1089697472261273,0.10566753831219333,0.10494,0.10345,0.10155,0.1008,0.10116,0.10053,0.10112,0.10179,0.10305,0.10553,0.19174,0.18471,0.17974,0.17282,0.1664,0.160648954443855,0.15503,0.14909,0.142,0.13661,0.1313977755181714,0.12661,0.12180334885100454,0.11746
2026-01-13 12:00:00,25747.9,0.11514,0.11089,0.10672,0.10734,0.10493,0.10426,0.10283,0.1021631098189269,0.10193,0.10157,0.10203,0.10267,0.10395,0.10659,0.19166,0.18595,0.179,0.17203,0.16573,0.15969,0.15404,0.1474591659412622,0.14122,0.13581,0.13089,0.12575,0.12102056570794259,0.11652
2026-01-13 12:05:00,25735.35,0.11577,0.11253218034101975,0.10927,0.10984,0.1081,0.10654,0.10481463589568746,0.10347,0.10359,0.10292,0.10355,0.10403,0.10514,0.10793,0.19173728483291105,0.18497,0.17843,0.17102,0.1647,0.1588,0.15296,0.14644905034728958,0.14019,0.13487324455778588,0.12941,0.12453,0.11962902502566392,0.11497
2026-01-13 12:10:00,25733.45,0.14877378708372155,0.10744,0.10023,0.09991129293033756,0.09960062310394685,0.09977,0.09999,0.09968,0.10002,0.1002,0.10123,0.10217,0.10362,0.10667,0.19005,0.18343,0.17914,0.17089,0.16596,0.15959,0.15405,0.14773594906006743,0.1421,0.13608,0.13199,0.12692,0.12232963855325743,0.11837
2026-01-13 12:15:00,25722.55,0.11631,0.11541325765650436,0.11484,0.11267,0.11004,0.10822,0.1062745795614928,0.10475,0.10468,0.10391,0.10394,0.10484,0.10608,0.10708046530835065,0.18896,0.18259,0.17786,0.17174,0.16545516808560026,0.15914495971429093,0.1527,0.14666,0.14003,0.13392,0.12907,0.12386,0.11959,0.11474
2026-01-13 12:20:00,25724.7,0.10816,0.10535,0.10462,0.10356,0.10227,0.10195061832759349,0.1016,0.10069,0.10113,0.10095,0.10163,0.10244,0.10438,0.10734,0.18941,0.1823,0.17826,0.1712735558176016,0.16474,0.15918,0.15358,0.14819,0.14142,0.13610782503508181,0.13122,0.12589,0.12206,0.11801555665324102
2026-01-13 12:25:00,25714.0,0.11595,0.12216,0.11939,0.11684,0.11278,0.11114945870044504,0.10864,0.10709,0.10658,0.10555,0.10563,0.1062,0.10724,0.10997,0.18765264007395127,0.18147,0.17615,0.17069,0.16442698794568344,0.15801305565701895,0.15143,0.14512109842123416,0.1385,0.13274,0.12767,0.12243,0.11784,0.11295
2026-01-13 12:30:00,25723.0,0.11512,0.11016,0.10486,0.10314,0.10241,0.10152,0.10044,0.1004,0.10041354622684313,0.10069,0.1015,0.10234,0.10484785692147161,0.10756,0.18932,0.18294471944249036,0.1767558251219294,0.17063943707422538,0.16464,0.15876,0.15285615842196731,0.14783,0.14097,0.13572167664351656,0.13052,0.12559098360470936,0.12144,0.11704
2026-01-13 12:35:00,25717.45,0.11999,0.11351,0.11092,0.10715,0.10522,0.10404,0.10306,0.10240398141377746,0.10301,0.10240346046338615,0.10282,0.10392,0.10585643159713137,0.10843,0.18786,0.18227,0.17647,0.16908,0.16373936444569767,0.15788980535953825,0.15204,0.14686,0.14040742068870474,0.13433,0.12920117388881108,0.12435,0.12008,0.11596479901516511
2026-01-13 12:40:00,25710.25,0.11488,0.10683,0.10567,0.1048,0.10327,0.10239,0.10145,0.10102,0.10138,0.10109,0.1021,0.10339,0.10503,0.10506642605271786,0.18732,0.18124,0.17612,0.16962860920636713,0.16325,0.1576550275436285,0.1517,0.14634,0.14039457208447703,0.13483275655231264,0.12958,0.12462,0.12072,0.11717729070982176
2026-01-13 12:45:00,25702.9,0.09992,0.09960168370868323,0.09852,0.09849,0.09819,0.09857,0.09847,0.09857,0.09981,0.10014,0.10143420874625066,0.10301,0.10528,0.109,0.18883,0.18068,0.1776,0.17041,0.16469,0.15844,0.15306,0.148,0.14121,0.13628,0.13152,0.12642,0.12269,0.11824
2026-01-13 12:50:00,25667.1,0.10716,0.10802,0.10667044538676655,0.10536154688696651,0.10432,0.10344,0.10262,0.102,0.10292,0.10288,0.10416,0.10557,0.10796,0.11179,0.18652,0.1812236679941881,0.17586,0.16932364748279577,0.16278,0.1572,0.15163,0.14603,0.14017392989559055,0.13461,0.12979,0.12499,0.12093,0.11684
2026-01-13 12:55:00,25659.75,0.11791,0.1117118952447277,0.10762,0.10564819152015702,0.10512,0.10415,0.1032,0.10271,0.10309,0.10316,0.10443469941861024,0.10613,0.1082638325403376,0.1104080806577487,0.18717,0.18133,0.17415920962603867,0.16686,0.16311,0.15662733711338578,0.15135,0.1454310456027017,0.13966,0.13458866395611746,0.12995,0.12522,0.12078131842713301,0.11655350337422243
2026-01-13 13:00:00,25645.05,0.10976,0.10878,0.1072,0.10506,0.10368,0.10279,0.10217,0.1016,0.10199,0.10237,0.10408,0.10585,0.10911538389528243,0.11306,0.18672,0.18015,0.17431864102901207,0.16881,0.16108,0.15626,0.15003,0.14537,0.13919125035201346,0.13375126057563394,0.12849,0.12396,0.12001,0.11595
2026-01-13 13:05:00,25639.05,0.11870410629023306,0.11676,0.11177,0.11205,0.10962,0.10758534999380161,0.10667,0.10521,0.10519,0.10545,0.10703,0.10849,0.11118,0.11427807143376602,0.18741,0.18135,0.1749749161145521,0.16832,0.16258,0.15642,0.1501,0.14493,0.13868007895350293,0.13266,0.12808,0.12301,0.11891,0.11472
2026-01-13 13:10:00,25669.25,0.10935,0.10859,0.10366,0.10559,0.10380860271796714,0.10302,0.1022,0.10165,0.10200699856202529,0.10236,0.10422,0.10579,0.10749465224600943,0.10955943303096453,0.18893,0.1834263652184668,0.17783,0.17107,0.16414,0.1583,0.1519680669155941,0.14602785476872593,0.14024,0.13484637242704844,0.13015,0.12503,0.12086704841415491,0.11724
2026-01-13 13:15:00,25650.75,0.12082,0.11121,0.11372,0.11219,0.10964,0.10786,0.10652025683233783,0.10575,0.10531,0.10532329597799017,0.10624998251422503,0.10804053340059686,0.11088,0.11512,0.18817932222250516,0.18215,0.17629761114840872,0.17021466713906575,0.16408,0.15777,0.15168,0.14627,0.1395,0.13432779321963592,0.12934,0.12428,0.11993327429268198,0.11605
2026-01-13 13:20:00,25659.9,0.1205,0.11700183797813345,0.1138890035994753,0.11136,0.10866,0.10703,0.10566,0.10470009663189743,0.10456,0.10459,0.10609,0.10748,0.10997,0.11279953451628216,0.18846,0.18292,0.17728,0.17132,0.16353,0.1579928776795998,0.1517118513300172,0.1462,0.13927,0.13374,0.12858260175853406,0.12385,0.11938162481018508,0.11548
2026-01-13 13:25:00,25660.75,0.12224,0.11729,0.11027,0.10601,0.10445196982224625,0.10322,0.10242,0.10167,0.10215,0.10236,0.10404,0.1057,0.10895959111047449,0.11278,0.18901,0.18301,0.1773696523839351,0.17141,0.16477655874755814,0.1583882172391435,0.15166,0.1463,0.13986679838877364,0.13425,0.12888,0.1242,0.12064,0.11627
2026-01-13 13:30:00,25661.85,0.11661,0.11306,0.11056,0.10945015763273983,0.10907,0.10743,0.10578,0.10449,0.10434,0.10429,0.10545,0.10696,0.10926,0.11328,0.18891429093280518,0.18271,0.176380104509863,0.17006806938880947,0.16358,0.15744,0.15203,0.14567,0.13872,0.13321,0.12836,0.12335,0.11943,0.11493
2026-01-13 13:35:00,25679.45,0.11288,0.10962,0.10556,0.1049,0.10328,0.10194957636085374,0.10105,0.1006,0.1008,0.10102,0.10265,0.10423,0.10655,0.11074,0.19079,0.18416,0.17879,0.17237,0.1648,0.15900311654818336,0.1529,0.14733,0.14052,0.13489,0.12964112744529957,0.12491,0.12084,0.11675
2026-01-13 13:40:00,25665.55,0.11343,0.11269,0.1141,0.11143331992610671,0.1096,0.10779171599946188,0.10591,0.10483735283671929,0.10439,0.10413075870098115,0.10518,0.10639,0.10871,0.11278,0.19018132897042306,0.18305,0.17574,0.17036,0.16171,0.15582,0.14955833004494576,0.14351171620017633,0.13763,0.13215,0.12716,0.12221,0.11834,0.11372
2026-01-13 13:45:00,25671.3,0.11584,0.11097835718824876,0.10635,0.10582,0.10347,0.10247,0.10141583553172873,0.10104,0.10099896547767581,0.10129,0.10279,0.10425,0.10681,0.11089,0.18758,0.18354,0.1764139614308406,0.16963598044652478,0.16238,0.15706,0.15095,0.1455,0.13879,0.13343,0.12873,0.12374,0.12019,0.11656483841893515
2026-01-13 13:50:00,25672.15,0.11731,0.11294,0.10877,0.10733,0.10546,0.10394,0.10265,0.10185,0.10182641722719508,0.10238,0.10338,0.10528,0.10765,0.11184,0.18693,0.18363,0.17494,0.16847,0.16242854946258084,0.15629,0.14976341088628595,0.14376277692828998,0.13779,0.1324,0.12742,0.12257,0.11886,0.11428
2026-01-13 13:55:00,25662.15,0.11435,0.11479,0.1103,0.10905995126676754,0.10766,0.10529,0.10379,0.10312,0.10285677797709453,0.10345,0.10442,0.10618,0.10874,0.11265,0.18616,0.18284,0.17494,0.16855,0.16236786745593038,0.15599445932385056,0.14926,0.14458,0.13805,0.13272,0.12796,0.12314,0.1187290028174889,0.11462
2026-01-13 14:00:00,25659.5,0.10596,0.10484032867540473,0.10224,0.1033,0.10247,0.1015587696164555,0.1011,0.10064,0.10092,0.10146,0.1032,0.10512,0.10781,0.11198,0.18695,0.18064146348132606,0.17431485420560655,0.16811422212930463,0.16191,0.15622,0.15019,0.14468,0.1388728767443131,0.1334,0.12892,0.12422,0.12043,0.11642
2026-01-13 14:05:00,25647.55,0.11484,0.1111,0.1089,0.10697,0.1057,0.10399192987675997,0.1034,0.10231,0.10272,0.10298,0.10447,0.10618618024013442,0.10889,0.11127834067478096,0.18578,0.18017721667609982,0.17455,0.16736,0.16149322424051912,0.15533,0.14912,0.14330180617777555,0.13755,0.13214,0.12782,0.12261,0.1193,0.11494
2026-01-13 14:10:00,25642.55,0.10469834375370637,0.10297,0.10367304188782349,0.10333,0.10191,0.10139,0.1002,0.09978,0.10039,0.10102547723604444,0.10243,0.10455,0.10748,0.11189,0.1854,0.1796,0.17396,0.16696,0.16049,0.1547964401279388,0.14894,0.14389,0.13718,0.13216705872004622,0.12731,0.12244,0.11873,0.11476
2026-01-13 14:15:00,25631.25,0.11749,0.11278,0.10971,0.10795,0.10585,0.10392,0.10293,0.10226,0.10228,0.10231,0.10366770040544437,0.10586,0.10873,0.113,0.18415137983671462,0.17761,0.17227,0.16603,0.15857,0.1525,0.14705,0.14187,0.13524,0.12995,0.12530725134961335,0.12054,0.11695,0.1122
2026-01-13 14:20:00,25627.6,0.10883983765545824,0.10613,0.10161,0.10124,0.10023,0.09971,0.09922759627991001,0.09911,0.09991,0.10055,0.10272,0.10495,0.10815,0.11248,0.18352,0.17733,0.17145837018050641,0.16591,0.15892,0.15306,0.14759670052336116,0.14283,0.13634,0.13116,0.12653756609647965,0.12204961442300079,0.11835,0.11427
2026-01-13 14:25:00,25619.65,0.10956,0.11014,0.1057,0.10475,0.10328057281084842,0.10202,0.10187,0.10119,0.10148342229764044,0.1022,0.10378219114061865,0.10613,0.10918,0.11368,0.18315,0.17736,0.1711216716354652,0.16488416053212573,0.1586830558143697,0.15237,0.14715,0.14106725264382017,0.13550492367129088,0.13005,0.12556,0.12083,0.11741,0.11306
2026-01-13 14:30:00,25622.55,0.12078,0.12092,0.11681,0.11413,0.11138220868336408,0.10886,0.10725,0.10601,0.10568,0.10572,0.10693,0.10864,0.11153,0.11541,0.18116,0.17762,0.17082,0.16392,0.15739,0.15062,0.14568,0.13941116489418365,0.13379224992896466,0.12828,0.1237,0.11898595215632365,0.11478,0.11149565854850675
2026-01-13 14:35:00,25644.0,0.12605,0.12063,0.11671188565833845,0.11338,0.11022,0.10835,0.10637,0.10478,0.10446,0.10439,0.10572,0.10738509729104118,0.10998,0.112789235120324,0.18250696680539996,0.17643,0.17097,0.165,0.15840549477588162,0.15176,0.14553,0.14018,0.13362,0.12835,0.12352,0.11842,0.11481,0.11150474201363467
2026-01-13 14:40:00,25667.6,0.12795,0.12142887603645405,0.11577,0.11455,0.11039381176279395,0.10854,0.10617566985519619,0.1051,0.10422,0.1038,0.10482,0.10636,0.1087,0.11237,0.18178,0.17905,0.17186,0.16506,0.15835,0.15321,0.14765,0.14128481122772446,0.13548467384436735,0.12977,0.12455950691562927,0.11926,0.1152,0.1102
2026-01-13 14:45:00,25695.95,0.1173,0.1098,0.10739,0.10562,0.10358,0.10225,0.1008,0.10039,0.10015659274149834,0.10039457770806502,0.10123,0.103,0.10582,0.10804853566979672,0.18457,0.18134,0.17374,0.16742,0.16129,0.15552,0.1492,0.14389,0.13759,0.13227,0.12738,0.12243,0.1183,0.11450855413249902
2026-01-13 14:50:00,25698.45,0.12994,0.121,0.11481,0.11213,0.10844,0.10629,0.1044,0.10284,0.10209,0.10146,0.10196,0.10374,0.10593,0.10922,0.18423,0.18012,0.17396,0.16765,0.16024,0.15479,0.1483112290906107,0.14208903968109463,0.13573,0.13023,0.12503,0.11963,0.11547,0.10993
2026-01-13 14:55:00,25717.05,0.10227,0.10131,0.10561,0.103,0.10178,0.10092725406328655,0.09903,0.09829645635444821,0.09788,0.09778,0.09901,0.10052,0.10305138308410185,0.10675,0.18912688027905367,0.18255954083508616,0.17615,0.16954700919406884,0.16292,0.15689,0.15050766077621633,0.14427600710599534,0.13826,0.13281,0.1275741200330589,0.12274370430785465,0.11832,0.11420914360609855
2026-01-13 15:00:00,25754.0,0.06496,0.08771,0.08152,0.08567,0.08764,0.08949312572880885,0.0891,0.08982,0.09066,0.09105,0.0933558229865238,0.09549,0.09849,0.10247,0.18914,0.18428018251561226,0.17916,0.17245,0.16566,0.15874,0.15333,0.14690393865847393,0.1410591343546125,0.13566,0.13092,0.12594,0.12166,0.11805615347365295
2026-01-13 15:05:00,25708.75,0.12503,0.11954,0.11396642069892482,0.11152,0.10881,0.10529435549027788,0.10300490656213064,0.10203,0.10054647654280027,0.100287544554696,0.10117,0.10258,0.1048,0.10689191676380577,0.18537,0.18125,0.17462653398729028,0.16795,0.16079,0.15474,0.14881,0.14247674012679132,0.13604,0.13057,0.12534,0.12031556043604133,0.1153,0.1098
2026-01-13 15:10:00,25746.05,0.09601,0.09583466940688694,0.09434,0.09443,0.0943243037635868,0.09393,0.09376,0.09323,0.09365,0.09362,0.09508154795451511,0.09684,0.09966,0.1035,0.18712,0.18273,0.17692610305824302,0.17082,0.16428444187546332,0.15776,0.15164726564711842,0.14567,0.13924,0.13403,0.12887,0.12378964412089348,0.11912,0.11362
2026-01-13 15:15:00,25745.9,0.09885,0.09442,0.09401,0.0927,0.09307,0.092260633055718,0.09227,0.09186,0.09223285761351968,0.09258,0.09434,0.09636663204848825,0.09921,0.10141050301367155,0.18731063404239912,0.18117,0.17744,0.17144,0.16520079884954592,0.15878,0.15193,0.1466,0.14065175777234967,0.13511651816787232,0.12982,0.12433,0.11988,0.11427
2026-01-13 15:20:00,25730.9,0.10596,0.10324700818225409,0.1016,0.09989,0.09819756513575562,0.09735,0.09655,0.09557,0.0959,0.09549,0.09652818415401096,0.09835,0.10097,0.1047,0.18772,0.1826485854170264,0.17737,0.17104,0.16471,0.15838223281709377,0.15139,0.14642,0.13928,0.13342,0.12822542573385454,0.1228,0.11826,0.11245
2026-01-13 15:25:00,25730.8,0.10125,0.09819,0.09998,0.09608,0.09512,0.09402,0.09398,0.09364,0.09334109391776749,0.09339,0.09456,0.097,0.09919,0.10305,0.19098,0.18082,0.1789,0.17223,0.16751,0.15719,0.15183,0.14612086268684155,0.14019,0.13478138747669496,0.12995,0.12440898746357432,0.11937,0.11379
2026-01-14 09:15:00,25671.9,0.14959,0.13004688362477312,0.11174,0.10873,0.10765,0.10444,0.10288,0.10173,0.10139,0.1008530386234703,0.10239,0.10433,0.10685,0.10671663351991655,0.19276,0.18752,0.18191,0.17457,0.16868,0.16224456910623059,0.15570038632608799,0.14939,0.1427,0.13707,0.13117,0.12558,0.12053,0.11497
2026-01-14 09:20:00,25705.8,0.12363,0.12422,0.11267,0.10689,0.10436,0.10267,0.10126,0.10015,0.09998,0.09974,0.10063,0.10243,0.10524,0.10877,0.19452,0.18877,0.1834,0.1766407217714519,0.17003,0.16326,0.15622,0.15001,0.14306,0.13778,0.13156,0.12589,0.12102,0.11552
2026-01-14 09:25:00,25717.85,0.13317,0.12533312162275537,0.12118,0.11356,0.11106,0.10716,0.10495,0.10343,0.10229,0.10186,0.10202,0.1036,0.10598,0.10871155319024414,0.19526,0.18932,0.18299158834443363,0.17644,0.16991896779797466,0.16311,0.1565,0.14991,0.14267,0.13688597892126358,0.13089,0.1248,0.11955,0.11384
2026-01-14 09:30:00,25746.8,0.11272,0.10267,0.10078,0.10024,0.09959,0.09806,0.09683,0.09616,0.09616,0.09601,0.09743031664712731,0.09916,0.1019,0.1040581730435361,0.19778931048865472,0.19149,0.18534634318773383,0.17952,0.1719,0.1657,0.15915,0.15275,0.14609523376764177,0.13989795160648139,0.13387,0.1279,0.12301,0.11723
2026-01-14 09:35:00,25737.05,0.1012,0.11807,0.10043,0.10359133516113034,0.10049,0.09946,0.09825,0.09723,0.0971,0.0968,0.09815,0.09997,0.10243055788588463,0.10598,0.19606,0.19023,0.1843491167415635,0.17832,0.17179,0.16502,0.15814,0.15237,0.14522,0.1392,0.13298,0.12733,0.12206,0.11653
2026-01-14 09:40:00,25712.25,0.12103,0.10667,0.10128,0.09923687032221765,0.09942,0.09791,0.09652369748198653,0.09656,0.09661,0.09664,0.09797,0.09991,0.10275,0.10669,0.19441617844889722,0.18821,0.18244552404523592,0.17641,0.16984091358588674,0.16299,0.15661,0.15045,0.14342,0.13757146432039632,0.13162122805363724,0.126,0.12049287288508613,0.11525
2026-01-14 09:45:00,25691.85,0.10661,0.10863,0.10616824230597545,0.10313,0.10168,0.10053,0.09893,0.09828,0.09847,0.09854,0.09988,0.10168,0.10453,0.10839,0.19245,0.18703,0.18192,0.17525,0.16891,0.16233184250778093,0.15570334255463553,0.14912301340460166,0.1427193734897249,0.13627,0.13052,0.12473,0.11991,0.11441
2026-01-14 09:50:00,25701.2,0.14015577723565795,0.1337684217423899,0.1298,0.12353,0.119,0.1145,0.11092,0.10787,0.10619,0.10517,0.10541,0.10623,0.10801188551684804,0.1114,0.19401564222229217,0.187512727581434,0.18082,0.17434,0.16731,0.16093,0.15422,0.14807,0.14130531809715752,0.13451,0.12822,0.1222,0.11692,0.11055
2026-01-14 09:55:00,25759.55,0.09956,0.08438,0.08875,0.09669,0.09529,0.09431,0.09485,0.094,0.09445178188100156,0.09393,0.09574,0.0974,0.1,0.10384,0.19687,0.19168,0.1855,0.17888344286012597,0.17221,0.16596,0.15952,0.15273,0.14534,0.13975,0.13392,0.1281,0.12319,0.11744
2026-01-14 10:00:00,25727.85,0.12568,0.11977,0.10681,0.10366121191299107,0.10037,0.09973,0.09769,0.09675,0.09648,0.09677317985893254,0.09783,0.09918,0.10196,0.10262385209232236,0.19351,0.1891,0.18223958197851817,0.17525,0.16857,0.16202,0.15561382558828682,0.14942,0.14235,0.13666,0.13071,0.12522,0.12026,0.11603037365602022
2026-01-14 10:05:00,25713.6,0.11955,0.11396602213752599,0.1087848323314264,0.10489,0.1025,0.09999,0.09863,0.09749,0.09764,0.0975,0.0988039865843487,0.10062235899342883,0.10315246306885566,0.10655,0.19239,0.18795,0.1817,0.17426,0.16809,0.16112,0.1554,0.14851,0.14213943496536977,0.13578,0.1299489606568116,0.12439,0.11880680033144633,0.1136
2026-01-14 10:10:00,25697.45,0.12007,0.11399,0.10966639913218618,0.10673,0.10348781769450785,0.10127,0.09953,0.09863,0.0985,0.09833,0.09982,0.10177,0.10428620558310898,0.10784,0.19167,0.18665,0.18046356520844825,0.17391,0.1674199390328162,0.16068,0.15396,0.14757313398643723,0.14118649295295038,0.1349,0.12901,0.12333,0.11843,0.11254
2026-01-14 10:15:00,25696.35,0.10053665953828268,0.0986,0.10025,0.09845,0.09782082709607347,0.09617,0.09559,0.09554784277428957,0.09583,0.0962,0.09798,0.10004,0.10297,0.10684,0.1927,0.1873,0.18138,0.1746361844684673,0.16823,0.16044,0.15501,0.14858,0.14157,0.13597,0.13009,0.12453,0.11923670101623776,0.11447
2026-01-14 10:20:00,25678.3,0.10372,0.10513,0.10303,0.10220154510735736,0.1007684933585889,0.09908022463687294,0.09781610681480657,0.09691,0.09739,0.09767,0.09961,0.10116,0.1043,0.10822,0.19099,0.18559,0.17988,0.17309,0.16666485990340243,0.15996,0.15296,0.14653,0.13984,0.13393992015756728,0.12823,0.12243,0.11735628721045442,0.11263
2026-01-14 10:25:00,25683.35,0.11226,0.1016,0.10787,0.10482,0.10177,0.10035,0.09895,0.09843,0.0983,0.09866759860678302,0.09989606556548869,0.10186,0.10469166045448475,0.10844,0.19216958002582035,0.18579,0.1799,0.17316,0.16608,0.15982225027963864,0.15358,0.14678,0.13968,0.13383,0.12811,0.12257,0.117265378365611,0.11239
2026-01-14 10:30:00,25678.05,0.12080818596505809,0.11626,0.10899,0.10656,0.10338,0.10162,0.09964,0.0987,0.09904,0.09899,0.10027,0.10246,0.10523,0.10775242921840089,0.19074,0.18531636147844308,0.1794265732868274,0.17312,0.16651,0.15966,0.15311,0.14679,0.1393,0.13334936535876066,0.1274603541982087,0.12215,0.1173,0.11412036690485403
2026-01-14 10:35:00,25689.95,0.10832,0.09949,0.10136,0.10068,0.09855295950237697,0.09730087340343303,0.09648,0.09581,0.09623,0.09635,0.09811,0.10022799832609518,0.10299,0.10671,0.19281,0.1870235834768415,0.18115,0.17454,0.16705,0.16122,0.15411511590614602,0.14768,0.1408,0.13481,0.12932,0.12382,0.11923,0.11379
2026-01-14 10:40:00,25691.8,0.11136,0.10609411023385208,0.10051,0.10065,0.09835351450565746,0.09689,0.09613,0.0955,0.09586,0.09625,0.09803,0.10043442589203505,0.1033,0.10584519324586424,0.19019081340633046,0.18382,0.18047,0.17373272189114375,0.16723,0.15981,0.15412,0.14775,0.14032,0.13492,0.12911,0.12368,0.11915,0.11372
2026-01-14 10:45:00,25665.9,0.12,0.12893,0.12000768874908614,0.11447,0.11121,0.10756,0.10468,0.10287,0.10243,0.10173,0.10276,0.10481,0.10705,0.11056,0.18956,0.18173,0.17704957586980233,0.17155,0.16428,0.15752,0.15107,0.14471,0.1380378694053054,0.13147,0.12565287949711584,0.11951,0.11485,0.10912
2026-01-14 10:50:00,25695.5,0.11605808703477305,0.11226,0.10987332701294888,0.10709,0.10433,0.10152,0.10030316943720845,0.09879,0.09854,0.0981,0.09968,0.1015,0.10402,0.10765,0.19225,0.18417,0.17999632713886188,0.17509,0.16724,0.16080449537308825,0.15422,0.14724,0.14014,0.13414,0.12825827965062367,0.12272,0.11782,0.11208
2026-01-14 10:55:00,25706.35,0.12623144535511846,0.12225,0.1192,0.11476,0.11089,0.10792,0.10453,0.10279,0.10175,0.10116,0.10200548838141633,0.10390109891695065,0.1068226365892376,0.11050178123112439,0.19233,0.18808,0.18066,0.17386,0.16693,0.16001,0.15406,0.14736,0.140530584245049,0.13401,0.1278,0.12218,0.11658090007742823,0.11133
2026-01-14 11:00:00,25720.95,0.12452,0.11411,0.11064,0.11044,0.10585,0.10416,0.102,0.10027,0.09959,0.09924857404657138,0.09964,0.10104487939694709,0.1034,0.10674,0.19353,0.1893,0.1819,0.17540859571499773,0.1684,0.16132,0.15525,0.14887,0.14143,0.13526,0.12984,0.12359,0.11881,0.1133
2026-01-14 11:05:00,25733.0,0.10822,0.10638636638488021,0.10324,0.10313,0.10013,0.09901,0.09724,0.09648,0.09616560537544656,0.09637775998064053,0.0972,0.09894380061277026,0.10148,0.10476,0.19424,0.18756,0.18211943074734965,0.17638,0.16928,0.1629,0.15666,0.14987,0.14271,0.13656,0.13077215145235743,0.12527,0.1207,0.11524
2026-01-14 11:10:00,25729.2,0.11710352542450045,0.11287,0.1085,0.10339,0.10069,0.10064,0.09866,0.09713,0.09661,0.09677,0.09802,0.09974,0.10185,0.10552,0.19367,0.18728,0.18174176522905552,0.17587,0.1686,0.16223225275293413,0.15559,0.14880512114372044,0.14213,0.13557,0.13036,0.1245,0.11983,0.11424
2026-01-14 11:15:00,25736.25,0.1227,0.11967,0.11314,0.10962485650253534,0.10627,0.104,0.10113996864986076,0.09912,0.0982351894756082,0.09792,0.09883,0.10029,0.10227,0.10531,0.19426,0.18787,0.18279,0.17598796354866206,0.16923,0.16264797507686196,0.15585946680450122,0.14920548250622173,0.1425259144389377,0.13617,0.13027,0.12416,0.11944,0.11401
2026-01-14 11:20:00,25743.15,0.11527,0.11113320682236429,0.10532,0.10387,0.10135050611414069,0.09925,0.09769781422156723,0.09618,0.09572,0.09558,0.0966,0.09831,0.10072,0.10436,0.19724457978168286,0.19062789797690322,0.18407,0.17689,0.17059,0.16352,0.15673,0.1506,0.14352960753445643,0.13718,0.1310947689607884,0.12569,0.12109,0.116812396173955
2026-01-14 11:25:00,25735.0,0.14145,0.13595,0.12656723116564328,0.12083,0.11546,0.11145,0.10785,0.10508,0.10308,0.1017,0.10155034883315948,0.1029,0.10451,0.10766,0.19335,0.1883666595921717,0.18274,0.17581,0.16879,0.16249,0.15525,0.14864,0.14139,0.13533802400155365,0.12887,0.12326492150552217,0.11791,0.11163
2026-01-14 11:30:00,25773.9,0.10956,0.1085032347562677,0.10518,0.10342,0.10105,0.0986,0.09750789387105512,0.09597,0.09546734842289707,0.09497,0.09599,0.09744,0.09956,0.10308,0.19735,0.19179,0.18553,0.17783,0.17171665041351217,0.1651183193478954,0.15851505516348446,0.15251,0.14556,0.13901,0.13326,0.12717,0.12148722907710983,0.11643
2026-01-14 11:35:00,25764.1,0.11427,0.11474,0.10436,0.10405922479175087,0.1021,0.09934843361369489,0.09823,0.09693,0.09634,0.0960982356096568,0.09686,0.09809,0.10014,0.1038,0.19601,0.1904189922563837,0.18427,0.17768,0.17075,0.16422,0.15724480257060408,0.1505424696067186,0.14378,0.1376212603764479,0.13173,0.12584,0.12078,0.1167089632975961
2026-01-14 11:40:00,25766.75,0.11206,0.11197,0.10283,0.10208616669434059,0.09934359188903094,0.09738,0.09612,0.0951,0.09438,0.0944,0.09522,0.09699,0.09938,0.10200863586241414,0.19566,0.19025503255016393,0.18452,0.17749,0.1708,0.16376,0.15815,0.15119,0.14392,0.13791,0.13182,0.12638,0.12158,0.11576
2026-01-14 11:45:00,25761.25,0.11673,0.1271,0.12184,0.11623,0.11043,0.10852,0.10507,0.10246,0.10073,0.0992,0.09968,0.10056,0.10214547302767422,0.10536,0.19642,0.1902411961567068,0.18385,0.17684,0.16996,0.16337045167613376,0.15673,0.14983183513613246,0.14317,0.1364,0.13012,0.12415,0.11887,0.11271
2026-01-14 11:50:00,25775.3,0.11506,0.114,0.10875,0.10564,0.10242,0.10037782309348739,0.09836186295462274,0.09677,0.09612,0.0957196489923473,0.09608,0.09743,0.09925,0.1031,0.19669,0.19148,0.18503,0.17804,0.17138,0.16455,0.15768,0.15144,0.14437,0.13776,0.13182,0.12587,0.12084,0.11643482082785829
2026-01-14 11:55:00,25774.6,0.11364639638728137,0.11031,0.10639,0.10405,0.10135470144625322,0.09915,0.09762,0.09612,0.09519,0.09483,0.09565,0.09697,0.099,0.10248,0.19695,0.19145,0.18547,0.17822,0.17172302577701823,0.16469,0.15784476530555505,0.15125,0.14432,0.1376,0.13189003395685026,0.12598,0.12121,0.11488
2026-01-14 12:00:00,25786.0,0.11914,0.11363,0.10792,0.1031,0.10041,0.09901,0.09688,0.09496,0.09519,0.09431,0.09502,0.09632,0.09834,0.10177,0.20053324943056794,0.19369,0.1862,0.1792,0.17253,0.1657,0.15897033782556022,0.15274,0.14553,0.13882,0.13311,0.1268395535159654,0.12091141398440487,0.1150482035370403
2026-01-14 12:05:00,25782.1,0.09027,0.09366,0.0915,0.09297,0.09146,0.09081,0.09084,0.09005,0.09074,0.09041,0.09152,0.09303,0.09522,0.09724017177945778,0.19731,0.1934,0.1859,0.1789,0.17183,0.16591,0.1587389546103268,0.15254,0.14555116207030724,0.1388,0.13323,0.12721,0.12212,0.1165
2026-01-14 12:10:00,25757.05,0.10055,0.10634,0.09609,0.09666,0.09423,0.09342,0.09262,0.09199343675187611,0.09217,0.09183,0.093,0.09477066328183412,0.09712,0.10096,0.19533,0.18983,0.18385,0.17681,0.1701,0.16392,0.15682880410578162,0.15027,0.14353601661361673,0.13719,0.13130581878385206,0.1256402230941792,0.12074,0.11679996784593223
2026-01-14 12:15:00,25735.55,0.13328,0.12758,0.1184,0.11589,0.11096,0.1068,0.10404,0.1013,0.10004,0.09863,0.09886,0.09992,0.10181,0.10341104918595419,0.19479,0.1881,0.18209,0.17545,0.1687561398899261,0.16153,0.15534,0.14846,0.14112,0.13424,0.1284581121676086,0.12224,0.11707,0.11081
2026-01-14 12:20:00,25771.55,0.1023,0.10240926298162595,0.1001,0.101,0.09756,0.09538,0.09424,0.09268,0.09315,0.09221,0.09321,0.09496,0.09733030923304868,0.10063,0.1980907993228051,0.1914351247028141,0.18486,0.17808,0.17138,0.1647,0.15779,0.15149,0.14413,0.1375,0.13194,0.12591,0.12073,0.1149
2026-01-14 12:25:00,25768.3,0.1056,0.09486,0.0950546888478105,0.09456640819473706,0.09506,0.09382,0.09249,0.09186281254968719,0.09157,0.09139,0.09257,0.0943,0.09665,0.1007,0.19718,0.19055,0.18462,0.17826,0.17113,0.16479,0.15784,0.15088735862926525,0.14397,0.13743,0.13211,0.12609,0.12103,0.11485
2026-01-14 12:30:00,25761.1,0.11558,0.11165,0.10489,0.103,0.10078,0.09835,0.0961046417132865,0.095,0.09442,0.09373,0.09423,0.09571135763604587,0.09815219615734933,0.10178,0.19663,0.190599673844102,0.18428,0.17767,0.17053,0.16406176380307064,0.15721,0.15086,0.14382,0.13687,0.13141,0.1253152720193673,0.11991,0.11385
2026-01-14 12:35:00,25772.4,0.10931,0.10518082159674567,0.10127,0.09979255313383255,0.09876,0.09708,0.09512,0.09393476009050271,0.09361,0.09275,0.09373,0.09505,0.09732,0.10095,0.19727,0.19112199586143333,0.18476,0.17821,0.17132,0.16501,0.1584,0.15149,0.14413,0.13741,0.13187,0.12605,0.12072,0.11455
2026-01-14 12:40:00,25773.6,0.10821,0.10386,0.09096,0.09282,0.09216,0.09167,0.09025,0.09012,0.09045,0.09024,0.09158,0.09359,0.09584,0.09976,0.1968,0.19185,0.18489,0.17812,0.17105,0.16496,0.15756,0.15147,0.14452,0.13765,0.1325,0.12644,0.12137,0.11562
2026-01-14 12:45:00,25759.5,0.11368,0.11393,0.09807,0.09706,0.09416003339658628,0.09263646026443363,0.09285,0.09254,0.09219,0.09209,0.09296,0.09488,0.09709,0.10092,0.1954,0.18913,0.18278,0.17652,0.16967,0.16304,0.15649,0.15006,0.14284,0.13609,0.13091,0.1249,0.11999,0.11407
2026-01-14 12:50:00,25748.9,0.10486,0.10811,0.10082,0.09988,0.097,0.09505,0.09366,0.09266,0.09275,0.09235,0.09354,0.09521537240363061,0.09774,0.10000054746569405,0.19487,0.1883,0.18241,0.17587,0.16858,0.16249,0.15557,0.14939,0.14237,0.13565,0.12996,0.1242458446035649,0.11933,0.11358
2026-01-14 12:55:00,25745.55,0.11091,0.10232,0.10093,0.1015,0.09815,0.09708,0.09539,0.09436,0.09441,0.09361,0.09441,0.09609,0.09843,0.10213,0.19463,0.18843415738947034,0.18215,0.17539,0.16871,0.16212033891570513,0.15545,0.14925,0.14182,0.13512,0.12983,0.12381,0.11818314454491385,0.11285
2026-01-14 13:00:00,25748.1,0.09798,0.10045,0.09907843542992442,0.09678,0.09641,0.09472707046661168,0.09336015402042362,0.09184,0.09217,0.09207,0.09305397826768513,0.09479354495860484,0.09743,0.0982984843790307,0.19456,0.18828,0.18215,0.17563,0.16856,0.1621,0.15553,0.1495,0.14233,0.13637044474596727,0.13058,0.12426,0.1192,0.11346
2026-01-14 13:05:00,25745.45,0.11027,0.10808,0.10248,0.10342,0.10022,0.09776,0.09592334519538502,0.09438,0.09415,0.0935,0.09402288713898414,0.0955346817412763,0.09809,0.1023,0.19438,0.18967,0.18241691894128145,0.17543,0.16875,0.16242,0.15559115742310725,0.14955,0.1421,0.13525,0.12954637635403102,0.12371194396288734,0.11864,0.11245
2026-01-14 13:10:00,25759.75,0.10591,0.09899053590742819,0.09268,0.09214,0.09087,0.09034,0.0891056881536079,0.08898282429454206,0.08954,0.08952,0.09095,0.09299,0.09590545696592616,0.09952,0.19555,0.18954,0.18292736505498594,0.17643,0.16959,0.16298,0.15629,0.14989,0.1431821365443487,0.1368048782083372,0.13063,0.1247349545894394,0.11923,0.11368
2026-01-14 13:15:00,25750.25,0.10699404657306111,0.10412,0.09486,0.09505,0.09207781364808713,0.09183,0.09094,0.09045,0.09071,0.09087786843685587,0.09192897368225116,0.09384,0.09639,0.1006,0.19451,0.18906,0.18196904814828435,0.17521,0.168,0.16181,0.15514,0.14846,0.14182754776083978,0.1353,0.12953278403105062,0.1237,0.11871,0.11297
2026-01-14 13:20:00,25735.95,0.09294023676215739,0.09088,0.09116,0.08927,0.08931,0.08892,0.08832,0.08861523609082962,0.08918,0.08953,0.091,0.09341,0.09618,0.10013,0.19369,0.18739,0.18099,0.17447,0.168,0.16147,0.15464228749998862,0.14818,0.14151,0.1355953976180642,0.1298,0.12421758676240828,0.11922,0.1135
2026-01-14 13:25:00,25715.5,0.10459751770557038,0.10317,0.09996,0.09726,0.0951169201523237,0.09414,0.0929,0.09245,0.09268,0.09269,0.09386,0.09613,0.09812052725021791,0.10078373419456531,0.19148,0.18548,0.17932,0.17287878568065979,0.16606,0.16005,0.15318,0.14687,0.13997,0.13399972912710686,0.12802,0.12231097893886754,0.11702,0.11145
2026-01-14 13:30:00,25717.15,0.09497655921227718,0.09475,0.09061,0.09135,0.09055,0.08991169495610984,0.08954,0.08944,0.09027,0.09078,0.09261,0.09503,0.09794,0.10048515016650333,0.19223,0.18563,0.17948,0.17315,0.16634720142762052,0.159733310966063,0.15304,0.14662,0.14002,0.13347,0.12811,0.12246,0.11762,0.11212
2026-01-14 13:35:00,25708.2,0.05948,0.07823,0.08042,0.08454855861200102,0.08287,0.08581316617601477,0.08537,0.08643,0.08774,0.08909,0.09137,0.09426,0.09755,0.1022,0.19065,0.18439,0.17798922643852957,0.1716726052305358,0.16508,0.15979,0.15256,0.14732,0.13992,0.13409,0.12937,0.12376,0.11973,0.11612634836443592
2026-01-14 13:40:00,25665.9,0.10071,0.09837,0.09493,0.09387,0.09312,0.09264,0.09251,0.09227,0.09331,0.09393,0.09605,0.09887,0.10199,0.10498304566505584,0.18757,0.18096,0.17549,0.16884,0.16204,0.1559,0.14907,0.14353,0.13648,0.13084,0.12553,0.12008,0.11569,0.1107
2026-01-14 13:45:00,25656.25,0.10367,0.10529,0.10202165462711196,0.0999,0.0979,0.09681,0.09591,0.0953,0.09579,0.09621,0.09776226348456205,0.10021008770024643,0.10345366900084665,0.10792,0.18711,0.18019,0.17471,0.16812271385903638,0.1617005020764486,0.15523,0.14879055512538664,0.14238,0.1361427937089601,0.13012011445417376,0.12436297007254102,0.1186,0.11398,0.10875
2026-01-14 13:50:00,25665.25,0.08603,0.08404,0.08659436676490352,0.08744,0.0879420009445888,0.08812,0.08863,0.08953,0.09086,0.0925,0.095,0.09812258574772927,0.10184,0.10613,0.18786,0.18174,0.17618,0.16967,0.16278,0.15688,0.14995,0.14441,0.13772,0.13229,0.12693,0.12203,0.11809,0.11319
2026-01-14 13:55:00,25642.0,0.10192485485690646,0.10086,0.09857,0.09824,0.0967,0.09515,0.09469,0.09448,0.09544,0.09621,0.09814892870579339,0.10106,0.10456,0.10902,0.18680029230205442,0.18037,0.17471,0.16832,0.16115,0.15548,0.14814,0.14237,0.1359623827815574,0.12968,0.12442,0.11938376226798907,0.11485,0.10964
2026-01-14 14:00:00,25653.3,0.09106,0.09305,0.09194,0.09174,0.09191,0.0917,0.09176,0.09207,0.09317,0.09423,0.09663,0.0998,0.10317,0.10783,0.1901818201617198,0.18309671783600678,0.17613,0.16951,0.16215,0.15569,0.14915453511192897,0.14295761348067793,0.13705,0.13132,0.12603,0.12032,0.11666,0.11162
2026-01-14 14:05:00,25642.2,0.10932229007578208,0.10608,0.10346,0.1008,0.09905,0.09719430747443505,0.09658,0.09615455181310724,0.09667,0.09731,0.09943,0.10212,0.10515,0.10957,0.18748,0.18169,0.17509570142010375,0.16858,0.16157,0.15529017876209178,0.14877,0.14293,0.13565,0.1301019872112912,0.12451009183877898,0.11904,0.11449,0.10944
2026-01-14 14:10:00,25650.55,0.11123,0.10818,0.10361,0.10363,0.10124,0.09869245970989939,0.09766,0.09692,0.09754,0.09775,0.09953,0.1022,0.10529,0.10937,0.18791,0.18165,0.17572,0.16891,0.16224490705441935,0.15548,0.14853,0.14219,0.13568,0.129,0.12352383533244017,0.11783,0.1132,0.108
2026-01-14 14:15:00,25666.25,0.09477,0.093460414670532,0.09021,0.09398,0.09103,0.09079,0.09055,0.09120294439441176,0.09210632049888655,0.09333,0.09585,0.09888,0.10243,0.10509915262758704,0.1892,0.18297,0.17661,0.17028,0.16316,0.15707,0.15028,0.14447,0.13764259518409327,0.13139,0.1261,0.12108,0.11656,0.11181
2026-01-14 14:20:00,25637.25,0.09594,0.09529,0.09429,0.09333,0.0932,0.09245,0.09228,0.09263,0.09413,0.09507,0.09762,0.10069,0.10407,0.10859,0.18715,0.1816,0.17531,0.16882,0.16174,0.15595,0.14913822099571536,0.14326,0.13611,0.13071,0.12553,0.12042786608388774,0.11614,0.11246543320894713
2026-01-14 14:25:00,25618.75,0.11219,0.10809,0.10566,0.1036,0.10112031876453301,0.09998,0.09881,0.09824,0.09913,0.09997861149197057,0.102,0.10473,0.10795,0.11216,0.18683193708930276,0.18008,0.17398,0.16744,0.15996,0.15398,0.14712,0.14151,0.13442,0.12884,0.12349,0.11826,0.11355,0.10886
2026-01-14 14:30:00,25626.9,0.10999,0.11111,0.10745584297356045,0.10374,0.10118,0.09924,0.09838,0.09794,0.09834690292789171,0.09943217845457729,0.10151,0.10444,0.10700896044170063,0.11035648441644359,0.18745,0.18147428548618458,0.17513,0.16836,0.16088,0.1544399644265601,0.14774,0.14135354234683994,0.13513,0.12921,0.12382,0.11804,0.11353265707837541,0.10931455010900785
2026-01-14 14:35:00,25635.8,0.12229,0.11516,0.11152,0.10711158962473737,0.10454,0.10167,0.10004,0.09921017023769116,0.09944,0.09981,0.1019,0.10451,0.10758267082841605,0.11165,0.1871,0.1813,0.17488563159155537,0.16836,0.1615,0.1551278158174902,0.1483,0.14255,0.13502,0.12908,0.12364,0.11828,0.11329,0.10781
2026-01-14 14:40:00,25660.55,0.11727,0.10852,0.10570692242353703,0.10285,0.10016,0.09882,0.09724302938156337,0.09656,0.09711,0.09738,0.09949,0.10216,0.10515,0.10935,0.1897,0.18509,0.17715,0.17051,0.16369,0.15692919340819275,0.15004384819684352,0.14338118662818986,0.13687,0.1307942319480733,0.12493264480225715,0.11945,0.11421069008973214,0.10926
2026-01-14 14:45:00,25696.2,0.10274,0.09888,0.09845115921614885,0.09745499064272718,0.09661,0.09562,0.09455563948762279,0.09361,0.09452,0.09526701320473012,0.09712063076442122,0.09970584540163281,0.10308,0.10702,0.19234,0.18584,0.17971,0.17297,0.16607,0.16036,0.15297,0.1461583220336687,0.13961,0.13304,0.12716870991146328,0.12184,0.11678,0.11266992459798096
2026-01-14 14:50:00,25697.1,0.10790005642235478,0.10479,0.10023,0.09933,0.09631,0.09484494514496325,0.09393219943081065,0.0936,0.09423,0.09482,0.09688,0.09917659372822485,0.10241,0.10623,0.19216,0.18568,0.17935,0.17286,0.1656,0.15962,0.1527115638642406,0.14629,0.1397013465766182,0.13314,0.12776,0.12196596399241996,0.11689,0.11105
2026-01-14 14:55:00,25696.05,0.09894,0.09665658694319981,0.09433337341904043,0.09216,0.09152906730273068,0.09065,0.09068,0.09041,0.09135,0.09226,0.09483,0.09741,0.1008535394090521,0.10479,0.19065,0.18713,0.17834,0.17246425617041877,0.16557917304583958,0.15886,0.15208,0.14621,0.13913944068033018,0.13274,0.1270114168955294,0.1217,0.11692,0.11284288042519236
2026-01-14 15:00:00,25666.15,0.10545,0.10721,0.10359,0.10214,0.09894,0.09703,0.09591902261234625,0.09541,0.09563,0.09602,0.09841,0.10077,0.10414,0.10821,0.18941,0.18161,0.17703,0.17046,0.16314,0.15695664020872915,0.15014,0.14397,0.13713,0.13137214586705115,0.12537,0.11968,0.1144,0.10874
2026-01-14 15:05:00,25690.25,0.07851,0.09021,0.08915,0.09128,0.09116,0.09067,0.09081,0.09139,0.09267,0.09359,0.09631,0.09893887747950539,0.10261,0.10675,0.19082,0.18491656131198664,0.17908,0.17234,0.16507,0.15907,0.15225116875070682,0.14637,0.13923,0.13364,0.12799066335394793,0.12283,0.11837,0.11334
2026-01-14 15:10:00,25672.65,0.09847,0.09817,0.09722,0.09618533145206445,0.09517,0.0947,0.09444,0.09436,0.09494,0.09609,0.09818895501236873,0.10099,0.10445,0.10834,0.18913,0.18298,0.17669,0.1700843533133027,0.16318,0.15736,0.15017,0.14420309064784823,0.13802,0.13231,0.12719,0.1219318264540563,0.11733,0.11239
2026-01-14 15:15:00,25654.0,0.11178,0.10719,0.10592,0.10274273018293904,0.10052,0.09908,0.09815,0.0976573043613545,0.09775,0.0986994687032828,0.10062,0.10284,0.10571,0.11003,0.1885,0.18147,0.17584,0.16886,0.16139,0.15588,0.14897683314093907,0.14301,0.13577,0.130438213418497,0.12509,0.11969,0.11511,0.11118543868945245
2026-01-14 15:20:00,25659.6,0.11563,0.1131,0.10901,0.10678,0.10388,0.10162,0.10026,0.09934,0.09887,0.09972647130623062,0.10162,0.10361489714120366,0.10666333042366855,0.11045,0.18926,0.18298,0.17657,0.16936,0.16209,0.15706,0.14917,0.14312069656161713,0.13668,0.13113,0.12538483104970094,0.11996,0.1153,0.11002
2026-01-14 15:25:00,25670.6,0.10594225519723549,0.10381,0.10346,0.10035,0.09914,0.0972,0.09624,0.09617,0.09556,0.09666,0.09979,0.10179,0.10546162531481558,0.10911489164686301,0.19156,0.1841792341868982,0.17797,0.16772,0.1662,0.15985,0.15004,0.145,0.1389969114815368,0.13353,0.12719,0.12262,0.1184,0.11369291047566803
2026-01-16 09:15:00,25709.45,0.14811,0.13601,0.13172,0.12472,0.11844,0.11432,0.11076,0.10759,0.10674130102780574,0.10396392466784474,0.10516,0.10618,0.10852,0.11261,0.19829,0.19189,0.18628,0.1788138624042282,0.1722964546986059,0.16503903962840738,0.15732,0.15113,0.14345,0.13686,0.1310284375216571,0.12493,0.1188848098786138,0.11341
2026-01-16 09:20:00,25731.8,0.12204330164361987,0.11626,0.11219302992365174,0.10672,0.10463,0.10188384428631221,0.09945,0.09803,0.09793811465547546,0.09736,0.09879,0.1004,0.10317,0.10711,0.2002,0.19314,0.18643,0.1784115692926028,0.17063,0.16466,0.15756251497348953,0.15158,0.14431079759659965,0.1377,0.13216,0.126,0.12048432837443519,0.11561
2026-01-16 09:25:00,25713.95,0.13856,0.12874672293885542,0.12231,0.11478,0.11028529884773788,0.10721,0.10394,0.10164,0.09945,0.09887,0.09971,0.10071381653325309,0.1032,0.10649934447832048,0.19718,0.19095,0.183,0.17458,0.16717,0.16118,0.15412,0.14773,0.14097681820344427,0.13471775483141302,0.12856,0.1223,0.11729,0.1114
2026-01-16 09:30:00,25717.25,0.12074,0.11467,0.10708,0.10554425518101963,0.10414,0.10042368630029486,0.09836,0.0965035999548332,0.09524579024449578,0.09457,0.09555,0.09727,0.09987,0.10408,0.1958673503876492,0.18833,0.1813,0.17333,0.16636,0.1594269151525457,0.1525994088091848,0.14636,0.13917,0.13305,0.12774,0.12204641272970812,0.11695,0.11195349756655919
2026-01-16 09:35:00,25703.5,0.12154,0.12388,0.11176,0.10671,0.10359,0.10087,0.09855,0.0969,0.09574,0.09533,0.09651,0.09821681670593399,0.10102981345375978,0.10491,0.19475,0.1872,0.1815,0.17413447248699185,0.16708781511134918,0.16004,0.15277,0.14565,0.13886,0.13325,0.1270326093133206,0.12168,0.11707,0.11296472854320647
2026-01-16 09:40:00,25700.0,0.14571,0.13989,0.1281,0.12149,0.11634,0.11163,0.10743,0.10347433932794191,0.10102,0.09973,0.09978,0.10071,0.10264,0.10541962261792061,0.1957,0.18768,0.18089,0.17314,0.16635054408275704,0.15924621992129614,0.15311,0.14438,0.13719,0.13049,0.1244,0.11798,0.11307,0.10711
2026-01-16 09:45:00,25718.5,0.13848,0.13252,0.1259935661483737,0.12012,0.11514,0.11078,0.1061,0.1033,0.1009691771463394,0.09960796304912425,0.09937,0.10053,0.1021,0.10583,0.19647,0.1896801683981873,0.18317,0.17508,0.16795,0.16145,0.15485,0.14631314629557296,0.13866,0.1313,0.12490000654841146,0.11872527013078155,0.11363,0.1077
2026-01-16 09:50:00,25745.0,0.13175,0.12499,0.11837,0.113407422729,0.1083188010002449,0.10474534212706405,0.10126097520172686,0.09899,0.0970995220620011,0.09574,0.09589645228374452,0.09708,0.09913,0.10256,0.19912,0.19271544027625023,0.18614,0.17893,0.17194833785601807,0.16483,0.15817,0.14905,0.14158,0.13425,0.1278,0.12109817832997688,0.11573,0.10952
2026-01-16 09:55:00,25750.1,0.12116,0.11644481703423562,0.11099265499910228,0.10700731898153044,0.10247,0.09996293614943996,0.09694,0.09491794645411616,0.09362649248237102,0.09265,0.09316,0.0946,0.09648156002318514,0.09884881355811319,0.20006535637851336,0.19348,0.18657620580730896,0.1794,0.17253790433260113,0.16556,0.15846,0.15025638329689414,0.14261,0.13492,0.1286,0.12167773533668849,0.11586701857112638,0.11059
2026-01-16 10:00:00,25740.5,0.14949,0.14199,0.13125025807429436,0.12292,0.11662,0.11173,0.10763,0.10352923765398614,0.10095210764234806,0.09937,0.0992,0.10044,0.10276535612574877,0.10560027481452557,0.2,0.19269,0.18623587090873484,0.17918,0.17187,0.16518,0.15801,0.14887,0.14153,0.13353,0.12685,0.12,0.11433,0.10793
2026-01-16 10:05:00,25754.15,0.14244,0.1307,0.12569,0.11996,0.11346,0.10926118257578597,0.10556,0.10204,0.09952,0.09822,0.09824,0.09963,0.10138245320583437,0.10351538670786505,0.19997,0.19314,0.1870679246884579,0.18044675376659944,0.17338,0.16645,0.15824937479445939,0.15018,0.14269,0.1349,0.12799,0.12135,0.11577,0.11198791062295611
2026-01-16 10:10:00,25768.1,0.15031,0.14014238163833814,0.13218,0.12358,0.11811602592822815,0.11277,0.10856,0.10474,0.10237,0.10067394131057711,0.0998,0.10087,0.10316267056665077,0.10645,0.20237,0.1960491258488578,0.18954,0.18223,0.17517,0.16822,0.16104,0.1521,0.14493,0.13691,0.1300256673301801,0.12319,0.11695,0.11015
2026-01-16 10:15:00,25809.45,0.17053,0.15801886284871863,0.14845,0.13976,0.13346,0.12639,0.12041,0.11533,0.11258,0.10915,0.10741,0.10778,0.10879,0.11139,0.20690684050361854,0.20007,0.19377,0.18647,0.17941,0.17247,0.16444656457766113,0.1565473667137455,0.14892,0.14084,0.13404,0.1272,0.12082,0.11367
2026-01-16 10:20:00,25841.8,0.15819,0.14716,0.13899,0.13187,0.12373,0.11896374013714898,0.11434,0.11021331811418643,0.10763,0.10463,0.10322,0.10351,0.10452798156649241,0.10678,0.2105127917601001,0.2039,0.19723,0.18991,0.1831,0.17600900924676838,0.16939,0.16110331255028898,0.15362,0.14545,0.13864388469933644,0.13178,0.12547,0.11796
2026-01-16 10:25:00,25852.75,0.16242,0.14949,0.13828498027319766,0.12939,0.12252,0.11715,0.11283,0.1087,0.10498709716845793,0.1027,0.10127,0.10126,0.10209,0.10456,0.2119,0.20486,0.19813364580012655,0.19119,0.18414452810508883,0.17688934279732899,0.17022,0.16149,0.15448435122948778,0.14685,0.14009,0.13271,0.12637,0.11887
2026-01-16 10:30:00,25857.6,0.15034,0.13945,0.13079,0.1243005229288762,0.11883,0.11293,0.10892,0.1052,0.10288,0.10016,0.0989,0.09916,0.09982,0.10275,0.21194,0.20495,0.19833,0.19135,0.18417174642158807,0.17715,0.16951540835817885,0.16177,0.15466,0.14751,0.14048754685969833,0.13347,0.12712,0.11996
2026-01-16 10:35:00,25863.75,0.14738667793695373,0.14056,0.13121,0.12583,0.11876028890146817,0.114,0.10955,0.10609,0.10326,0.10069,0.09935,0.09922349801685139,0.10032074527491114,0.10294,0.21288,0.2055,0.19881809104436055,0.19191,0.1850273500526757,0.1782,0.17108,0.16276,0.15562,0.14813,0.14179,0.13460004439147974,0.12811,0.12238140965137552
2026-01-16 10:40:00,25871.4,0.11897,0.11633,0.10899,0.10727,0.10349,0.10199,0.0993,0.09705,0.09528,0.094,0.09401496781070214,0.09435,0.09576,0.09883,0.21292692999761378,0.20618,0.1999,0.1929,0.18603552588154015,0.17892,0.17202,0.1635,0.15638,0.14934616089109207,0.14258,0.1355818659974516,0.12916,0.12225
2026-01-16 10:45:00,25855.55,0.13803633044260002,0.13244,0.12971,0.12357,0.11755,0.11201,0.1082,0.1044,0.10165,0.09939,0.09839,0.09844,0.09942,0.10234,0.21202508695278313,0.20522,0.19839686026269554,0.19125,0.18446,0.17775,0.1699813024918194,0.16223,0.1551951826921327,0.14768,0.14126,0.13421196347929615,0.12765,0.12038
2026-01-16 10:50:00,25847.05,0.14577,0.13897,0.12958425611494376,0.12192,0.11503,0.11031,0.10605,0.10261,0.10005,0.09817,0.09713,0.09762962309743914,0.09903290758912046,0.10168,0.2108,0.20382,0.19754,0.19054,0.1832747628623439,0.1759654386704898,0.1686256996117918,0.16107,0.15399616009976294,0.14671,0.14015,0.13314,0.12674,0.11969
2026-01-16 10:55:00,25842.9,0.14318,0.1324,0.12337130469782802,0.11551,0.11107,0.10684,0.10291295166315818,0.10012084948993615,0.09825,0.0966624553398352,0.09575,0.09636,0.09761,0.10059795619197004,0.21106175908737226,0.20408607560529637,0.19721,0.18991,0.18287,0.17618,0.16946,0.1609,0.15371,0.14662,0.14015,0.13313992451526407,0.1265,0.1194
2026-01-16 11:00:00,25831.1,0.14914,0.13677446651312125,0.12683,0.1186,0.11283,0.10897,0.10495,0.10159,0.0989088030683714,0.09714782491677243,0.09635,0.09695,0.09832,0.10148,0.20992,0.20217,0.19686,0.1892,0.1821,0.1756,0.16781758338970051,0.1602,0.15294,0.14593,0.13922,0.13217096840257314,0.12549698513731772,0.1189
2026-01-16 11:05:00,25828.0,0.15898,0.14145,0.13754,0.1275,0.11895,0.11351,0.10883,0.10513,0.10239,0.09981513732667936,0.09879,0.09902,0.09998,0.10281,0.2093,0.2023,0.1963,0.18895,0.18185,0.17459779850275803,0.16727725685333053,0.15993,0.15249,0.14534,0.13853,0.13165,0.12519,0.11960393694087762
2026-01-16 11:10:00,25825.7,0.13287,0.12163,0.11516,0.11241,0.10781,0.10493,0.101554604153337,0.09914,0.09707092615694728,0.09583,0.09518,0.09622,0.09783,0.1011,0.20835,0.20105,0.19448617777224,0.18761,0.18088,0.1747,0.16794,0.15954,0.15263,0.14559,0.13948,0.13255,0.12667,0.12009
2026-01-16 11:15:00,25823.0,0.1348,0.11791,0.11802,0.11308,0.10815,0.10492,0.10138960687337828,0.09876,0.09692,0.09503,0.09503659945041737,0.09583,0.09765,0.1011,0.20775,0.20050584717089073,0.19365,0.18588,0.17904,0.17256,0.16557,0.15775,0.1512477081005589,0.14429,0.13832,0.13183,0.12611,0.11987
2026-01-16 11:20:00,25813.0,0.1374,0.12177,0.12075,0.11476,0.10972,0.10533,0.1025,0.09934952643367179,0.09729616919422218,0.0959,0.09583298507397163,0.09673,0.0982,0.1015,0.20544064523373667,0.19854,0.1919175668735803,0.18506079980317391,0.1779,0.17119,0.16423,0.15643,0.14972,0.14286,0.13693,0.13046084928550902,0.12445,0.11825
2026-01-16 11:25:00,25811.55,0.14089,0.1292,0.12487,0.11889,0.11332,0.10936,0.10597,0.10248,0.1002,0.09808,0.09763,0.09789633334209037,0.09942,0.10261,0.20686,0.19845,0.19273,0.18494,0.17808329185588306,0.17108,0.16435,0.15612,0.14943,0.14258,0.13607995616453167,0.12987,0.12361764901344384,0.11761
2026-01-16 11:30:00,25823.8,0.15411,0.113,0.11435,0.10898,0.10258701103559452,0.102,0.09995,0.0975,0.09647,0.09487,0.09483,0.09594,0.09743,0.09756439876652637,0.20831,0.19913,0.19347,0.18572,0.17835,0.1713246786567611,0.16483,0.15688,0.15027,0.14366,0.13741,0.13085,0.12501,0.11873
2026-01-16 11:35:00,25810.0,0.12446,0.11929836445708003,0.11493,0.1105598488050427,0.10626,0.10419,0.10133,0.09905,0.09732,0.09597,0.09578397854600837,0.0965,0.09825,0.10142,0.20388,0.19723,0.19164,0.18424,0.17716,0.17024,0.16336,0.15598205783342126,0.14879,0.14201,0.13591062181956257,0.12997,0.12389,0.11763
2026-01-16 11:40:00,25806.75,0.1389,0.12465,0.11794,0.11113091371879566,0.10622,0.10315,0.10062,0.09812,0.09705,0.09570941790210678,0.09532,0.09634,0.09806,0.10154,0.2045,0.19813,0.1924,0.1843,0.1769,0.16997,0.16276501773261154,0.15567389893721365,0.14868,0.14202,0.13598,0.12931,0.12373,0.11758
2026-01-16 11:45:00,25794.7,0.14051,0.13091,0.12306659939957845,0.11682,0.1107,0.10674,0.10367,0.10097,0.09913,0.0973,0.0968,0.09763,0.09919,0.10272,0.20353,0.1979,0.19172,0.18358,0.17642,0.1693970676389947,0.16245,0.15443,0.14754,0.14069,0.13437,0.12782,0.12172351330627752,0.11579
2026-01-16 11:50:00,25794.65,0.14526,0.13098,0.12389,0.11647801023714448,0.1119,0.10766,0.10416,0.10134,0.09948,0.09772,0.0971,0.09817,0.09991,0.10361,0.20397,0.19775359180295563,0.19142,0.18361,0.17616,0.1691913874162865,0.16225,0.15425,0.14738,0.14055,0.13438,0.12772,0.12185,0.11541
2026-01-16 11:55:00,25797.25,0.11631,0.11333,0.10804,0.10403,0.10069,0.09881,0.09713,0.09555,0.09487,0.09344,0.0944983662324448,0.09565,0.09765,0.10157,0.20337,0.1978,0.19073306512065974,0.18355,0.17697,0.17019,0.16317,0.15553350872460836,0.14836,0.1416,0.13500720278389985,0.12902,0.12410570956977612,0.12098791005251328
2026-01-16 12:00:00,25774.5,0.15187290158956368,0.14442,0.13569,0.12757,0.12104,0.11543,0.11063,0.10685,0.1044,0.10161,0.10115312664942938,0.10162,0.10292,0.10615,0.20194,0.1951811433096316,0.18821127132024515,0.18098,0.17406756338705856,0.16691,0.15962995567290253,0.1524,0.14513,0.1386,0.13227106899942978,0.12602449337006058,0.12011,0.11355
2026-01-16 12:05:00,25790.15,0.15372949532884653,0.14723,0.14572,0.13608,0.12841,0.12167,0.11576,0.11112366517205154,0.10792,0.10457,0.10314,0.10357,0.10446,0.10716,0.20326660823283718,0.19612,0.18942,0.18174,0.17474091540256237,0.16733,0.16055,0.15315706169360704,0.14594,0.13939,0.1326532717636593,0.12604,0.11984142870370049,0.1138
2026-01-16 12:10:00,25810.95,0.15056,0.14556787015782433,0.14114,0.13138,0.12354,0.11753,0.11279369407065339,0.1085,0.10517482148128852,0.1028097513776763,0.1017,0.10199,0.10283,0.10549,0.20417,0.19712,0.19123,0.18259,0.17569,0.16842,0.16154,0.15399,0.14702,0.1405,0.13382640555492872,0.12742,0.12188,0.11678766746350595
2026-01-16 12:15:00,25821.3,0.13938,0.13234,0.12675,0.11879,0.11084,0.10838,0.10430662140828521,0.1012,0.09915142749715619,0.09792,0.0971,0.0978,0.09951,0.10262,0.20592,0.19919,0.19138412340171168,0.18384,0.17603,0.16828,0.16178,0.15432,0.147675146620377,0.1412,0.13480997038676182,0.12868235311352494,0.12270378104954707,0.11702
2026-01-16 12:20:00,25815.75,0.14513,0.1334,0.1244681000601719,0.11959,0.11264688680743766,0.1083606312636035,0.10576,0.10238,0.1004,0.09856,0.09786,0.09855,0.09994,0.10298,0.20463,0.19798763735388777,0.19134,0.18306,0.17587,0.1685778782284171,0.1613,0.15419472889052116,0.14733,0.14068,0.13489,0.12864683488753761,0.12264,0.11623
2026-01-16 12:25:00,25811.0,0.07388,0.07556,0.07403,0.08059,0.0818,0.08406,0.08529,0.08605,0.08702,0.08707,0.08859,0.09116,0.09448423121952976,0.0983,0.20348987412921477,0.19641,0.19061,0.18234,0.17548,0.1685,0.16209,0.15488666425684913,0.14875,0.14239046781150166,0.1366986285491812,0.13181,0.12669265380976408,0.12242031195758288
2026-01-16 12:30:00,25738.6,0.15064,0.14403,0.13703,0.12998,0.12139,0.11635,0.11184,0.10782,0.10574,0.10304,0.10235,0.10337,0.1046,0.10804,0.19921330907583484,0.19115,0.18304,0.17546,0.16765,0.16045,0.15359074072178927,0.1465,0.14011269202646284,0.1333,0.12759,0.12143,0.11626,0.11068
2026-01-16 12:35:00,25771.0,0.13271,0.11957,0.11999,0.11437,0.10997759807282095,0.10620392295678524,0.10299831305790559,0.10066678343545059,0.09865869130320803,0.09743,0.09773352632391015,0.09898,0.10074,0.10431,0.20203376996414749,0.19384202878113013,0.18619,0.17795,0.1699,0.16309,0.15609,0.14932,0.14276,0.13619,0.13039382472337357,0.12469,0.11993,0.11418
2026-01-16 12:40:00,25768.5,0.12296540870150963,0.11783,0.11523,0.11094,0.10513,0.10293,0.10049,0.09885941275577427,0.09773,0.09643,0.0967,0.09827,0.10039,0.10439,0.20202235474991076,0.19373,0.18564,0.17742,0.17032,0.16289,0.15638,0.14954,0.14292,0.13661,0.13136,0.12545,0.12058,0.11512
2026-01-16 12:45:00,25759.4,0.13574,0.12873,0.11727,0.11155,0.1062,0.10337198535337291,0.10183,0.0992142730399314,0.09776332211692543,0.09762,0.09773,0.0993209229226685,0.1015,0.10533,0.19968,0.1918,0.18407814772489206,0.17633,0.16985,0.16292,0.15605,0.14955,0.14262,0.13604,0.130237171914175,0.1246,0.11957,0.11427
2026-01-16 12:50:00,25750.05,0.15113,0.1299,0.13151,0.12439,0.11706,0.1124,0.10845,0.10559,0.10269234098230669,0.10154,0.10126870414724198,0.10258,0.10427,0.10777,0.19893,0.19105,0.18448,0.17589,0.16936,0.16185735371591922,0.1545,0.14786,0.14082,0.13403,0.12818,0.12194,0.1167,0.11113
2026-01-16 12:55:00,25759.95,0.13098,0.11788,0.10878,0.1049551368820948,0.10147,0.10013,0.09771447190318774,0.09701,0.09661,0.09593,0.09607,0.09866,0.10065,0.10459,0.20021,0.19234924209964677,0.18499,0.1771,0.17085,0.16355,0.15686,0.14965,0.14307,0.13673298891082658,0.13093,0.1251839151689343,0.1202,0.11467
2026-01-16 13:00:00,25740.05,0.11584,0.11504,0.1106457809139932,0.1065,0.10353,0.10136,0.09962,0.09801707362497086,0.09725959372604694,0.09708,0.09784,0.09999,0.1022,0.10614,0.19861512597032957,0.19105,0.18404,0.17607,0.16912,0.16179,0.15459,0.1476,0.14118,0.13472265704703743,0.1289215363835076,0.12322,0.11839,0.11323
2026-01-16 13:05:00,25723.25,0.13718,0.12797800346916807,0.12073,0.11549,0.11086,0.10673,0.10355,0.10198,0.10077,0.0998,0.10027,0.10199,0.10432,0.10812,0.19679,0.18752,0.18262,0.1744272323285757,0.16707,0.15978,0.1526,0.14583,0.13886,0.13222,0.12679,0.12034,0.11535445911276089,0.11048
2026-01-16 13:10:00,25717.95,0.12963734146228356,0.12359,0.11648,0.11189,0.10762,0.10473,0.10199,0.10044,0.09986,0.09863,0.09951,0.10155,0.10385,0.10775,0.19595,0.18846,0.18113,0.17322,0.16633,0.15906,0.1519,0.14494,0.13801,0.13187,0.12626,0.12043,0.11581,0.11036
2026-01-16 13:15:00,25715.5,0.12546,0.12116,0.11565,0.1126,0.10896,0.10405,0.10197759156498702,0.09984,0.099,0.09881542608087433,0.09952556670191115,0.10146,0.10356,0.10763,0.19596233450410921,0.18828,0.18058,0.17306964478205195,0.16584,0.15805,0.15146,0.14411,0.13764847921289985,0.13130638419342705,0.12538,0.11965,0.11476,0.10943
2026-01-16 13:20:00,25705.4,0.12947,0.11802,0.11258,0.10834,0.10478159753517824,0.10232,0.10035,0.09896,0.09863,0.09862746980687523,0.09917,0.10128,0.10405,0.1082,0.19409,0.18625,0.17938,0.17117,0.16438,0.15724299364401387,0.15032,0.14401,0.13719,0.13099148234238553,0.12549,0.11984,0.11567,0.110978750964873
2026-01-16 13:25:00,25670.15,0.1400080905532882,0.1334909678179761,0.12849,0.12229312953012153,0.11803,0.11384,0.10975150050534306,0.10745,0.10562,0.10372,0.10444,0.10609,0.10785538507727058,0.11091826261865712,0.19162,0.18411638816980574,0.17675,0.16848,0.16129,0.15447217270713073,0.1476032816041088,0.14091,0.13484,0.12774,0.12256,0.11649,0.11182,0.10669
2026-01-16 13:30:00,25701.15,0.12812539182073257,0.12167,0.11776,0.11068,0.10665,0.10372,0.10152,0.10011,0.09928,0.0984,0.09946,0.10177,0.10453,0.10864,0.19291,0.18635,0.1780630617265892,0.17016,0.16336305329236198,0.15684,0.14981705354602295,0.14324,0.13718,0.13102,0.12596,0.12035619559768583,0.11543093424300233,0.11092
2026-01-16 13:35:00,25687.3,0.14434,0.13011,0.12208,0.11663588412315229,0.11418,0.11021,0.10674,0.10463,0.10289,0.1020826539900823,0.10239,0.10459,0.10702927154754252,0.11112,0.19179,0.18521,0.17755,0.169,0.16225,0.15562,0.14854681951244195,0.14202072779245004,0.13532,0.1298,0.12427,0.11898556519494266,0.1141,0.10873
2026-01-16 13:40:00,25701.3,0.12359991338949883,0.11839038982771768,0.11376,0.10739,0.10685,0.10394,0.10172,0.10014974996245646,0.09912611885456266,0.09871,0.10005735475915754,0.10235,0.1049,0.1078817352965167,0.1943,0.18624637174450992,0.17877,0.17057,0.16381,0.1569,0.15027,0.14379499235607346,0.13759,0.1316058094715968,0.12613,0.12059,0.11633,0.1111
2026-01-16 13:45:00,25699.7,0.1373,0.13042,0.11779,0.11529,0.10943,0.1053,0.10285,0.10143,0.10042,0.09952,0.10051,0.10286,0.10561,0.10982,0.1942,0.18627505062378485,0.17866,0.1705141424467487,0.16244,0.15595,0.14943,0.14282689646568741,0.13674,0.13033,0.12474,0.11878,0.11483,0.10907
2026-01-16 13:50:00,25712.85,0.096,0.09541,0.09935,0.09913,0.09681,0.09661,0.09558,0.09551922537287445,0.0954777733220605,0.09559,0.09745,0.10022,0.10331,0.10789,0.19489,0.18785,0.18054,0.17231,0.16487,0.15825,0.15232,0.14546,0.13945,0.13366343338780093,0.12872,0.1229,0.1191,0.11438
2026-01-16 13:55:00,25689.85,0.12024,0.11693,0.11188,0.10916,0.1054,0.10302326178753479,0.1014,0.10011,0.09981,0.09965314942511265,0.10065,0.10302,0.10586,0.11021,0.19343,0.1860537929650885,0.17932,0.17,0.16355023599739613,0.15651081666004013,0.14998,0.1431,0.13705,0.13101,0.12583,0.12037,0.11562584920277297,0.11085
2026-01-16 14:00:00,25681.95,0.12937,0.1228,0.11186,0.10728,0.10449,0.10222,0.10041,0.09939,0.09857753535009324,0.09873,0.1004,0.10286,0.10605,0.11042,0.1928,0.1849,0.17867,0.16968,0.1625,0.15605,0.14951,0.1426851455837603,0.1363,0.13023,0.12524,0.12037990487240884,0.11619440622475953,0.11240279251812936
2026-01-16 14:05:00,25682.85,0.11697,0.10862,0.1064,0.1027036221126393,0.10009,0.09877,0.09754121546166164,0.09708,0.0973,0.09790740855114617,0.09919,0.10199,0.10529,0.10988,0.19376,0.18657,0.17982,0.17172749764582332,0.16379,0.15719,0.15029,0.14367,0.13742,0.13134,0.12618,0.1206,0.11655,0.11155
2026-01-16 14:10:00,25684.7,0.12427,0.11599,0.11313,0.10867827878174383,0.10579,0.10318,0.10086,0.09999,0.09936,0.09903,0.10061,0.10323,0.10516009413781299,0.10797085132097076,0.19436,0.18752,0.18102,0.17225,0.16485,0.15764,0.15094,0.14389028884151256,0.13746,0.13112,0.12593,0.12005,0.11561,0.11137314985808713
2026-01-16 14:15:00,25676.95,0.1296,0.11748,0.11738,0.11117360602384366,0.10781,0.10494,0.10251,0.10111,0.10068,0.1001,0.10156,0.10398,0.10693,0.1114,0.1929,0.18651,0.18004,0.17128,0.16389,0.1569392561451128,0.15001,0.14276,0.1365497994685076,0.13007,0.12489,0.11927035555982324,0.11431,0.10882
2026-01-16 14:20:00,25689.4,0.13376,0.12117,0.11415,0.11165,0.10693,0.10432,0.10156,0.10039,0.09925634844115508,0.09924,0.10062,0.1027087830827545,0.10594,0.11044,0.19482,0.1876,0.18081,0.17175,0.16485172213574953,0.15734,0.15051,0.14377,0.13728,0.13077,0.12510923384113895,0.11961,0.11523,0.11099803592850287
2026-01-16 14:25:00,25707.1,0.10563,0.10337,0.09999,0.10054422827063017,0.09989,0.09852,0.09679,0.09635,0.09596,0.09605,0.09786,0.10066,0.10379,0.1058337762358607,0.19591,0.18924143010189343,0.18305,0.17365,0.16691,0.15974,0.15263,0.14607,0.13954,0.13287,0.128,0.12214659578347771,0.11732,0.1131415100795679
2026-01-16 14:30:00,25688.2,0.1291,0.12584,0.11783,0.11225,0.1086,0.10543,0.10269,0.10131,0.10008,0.0997,0.10106,0.10291300660960095,0.10627,0.11062,0.1947219058661126,0.18678,0.18041,0.1717,0.16468,0.15743398329329003,0.15022,0.1435,0.13669,0.13054,0.12518,0.11931,0.11504,0.10955
2026-01-16 14:35:00,25708.0,0.0988,0.10514540983722656,0.10769,0.10343,0.10132,0.09913,0.09727,0.09645735276697694,0.09596,0.09625064835549949,0.09732726510361911,0.09940201429844689,0.103,0.10718832974538182,0.1967830500370369,0.18888,0.18215,0.17312,0.16617,0.15883,0.15184,0.14478,0.13916,0.13226,0.12659786610335205,0.12105976960797875,0.11598984683581798,0.11142
2026-01-16 14:40:00,25706.4,0.13025,0.11776,0.11254,0.10775,0.10445,0.10217,0.09936416108171621,0.09848,0.09765,0.09744,0.09866,0.10081,0.10407,0.10512812643963336,0.19508,0.18877,0.18134,0.17234,0.16546455581621825,0.15791,0.15124,0.14424,0.13792763429375948,0.13152,0.12614,0.12050734444230524,0.11546,0.10992
2026-01-16 14:45:00,25707.8,0.11305,0.11069638305726119,0.1079,0.1037,0.10178267786844555,0.09932,0.09747,0.09656,0.0962,0.096,0.09755,0.09977324658531112,0.10312546037400533,0.10763,0.19566,0.18737617188204198,0.17949793148192145,0.17193010296232308,0.16439,0.15805,0.15116,0.14419,0.13795,0.13183,0.12668,0.12112,0.11590602559212197,0.11095
2026-01-16 14:50:00,25692.95,0.12547,0.11918,0.10981,0.1093,0.10592,0.10255,0.10015,0.09932,0.09851,0.09818,0.09941,0.10159,0.10482,0.10908,0.19487,0.18740475457641234,0.17988,0.17223488898462427,0.16476205574572972,0.1574134329909724,0.15028,0.14363,0.13705,0.13130257875571533,0.12599,0.12031,0.11583,0.11211267644647596
2026-01-16 14:55:00,25700.95,0.12351734170412174,0.11831759168374324,0.11405,0.10999,0.10598342051687983,0.10264975060124673,0.09998299456726249,0.09834,0.09736,0.09789,0.09887,0.1009,0.10365,0.1081,0.19471,0.18681,0.18024,0.17093,0.16398339666897116,0.15639,0.15009,0.14316,0.13697,0.13133,0.12612,0.12068409990051775,0.11571,0.11054
2026-01-16 15:00:00,25706.3,0.11793,0.10192,0.10295,0.0998828654558911,0.09969,0.09792,0.09651,0.09594,0.09545,0.09534,0.09684,0.09922,0.1025,0.10705,0.19519,0.18809,0.17945009398276537,0.17142,0.16433,0.15744,0.15132,0.14473,0.13875,0.13248,0.1272327591289338,0.12203400701255955,0.11743,0.11238
2026-01-16 15:05:00,25694.05,0.11281,0.1108,0.10746,0.10416,0.1024,0.09971,0.09806,0.09725,0.09693,0.09638,0.09789949964070425,0.10026,0.10341,0.1081,0.19419,0.18702986682465342,0.1797,0.1717728642532607,0.16416738859515456,0.15637,0.15045,0.14318,0.13751090516225928,0.13156,0.12665,0.12134779178822035,0.11665,0.11126
2026-01-16 15:10:00,25691.6,0.11496,0.11011,0.10436,0.103,0.10034219843201322,0.09867,0.09737,0.09678,0.09653,0.09608,0.09782,0.10012,0.1032,0.10803,0.19358,0.18594407735605384,0.17879,0.16985,0.16215,0.1559,0.14978,0.14276,0.137,0.1313705285364093,0.12607969188329515,0.12112,0.11638,0.11256540849655991
2026-01-16 15:15:00,25691.75,0.12581,0.11931152142770911,0.11411,0.10950464876288771,0.10641,0.10313,0.10126,0.09949,0.09855209993363437,0.098516436774998,0.09963,0.10166464836678031,0.10484,0.10931,0.19480965896169145,0.18655,0.17919,0.16989,0.16272802705621128,0.15566,0.14902539487391786,0.14278610468088504,0.13686,0.13115990108754264,0.12572750330982202,0.12036,0.1151769349955356,0.11
2026-01-16 15:20:00,25695.9,0.12636,0.11841,0.11262,0.10801075165810475,0.10512,0.10249,0.10053,0.09875649135866854,0.09793,0.09809169702470116,0.09946,0.10206,0.10471071210637416,0.10783915645363398,0.19487,0.18657635788796767,0.17865737028731793,0.17096,0.16372312645362067,0.15688,0.14997299570411315,0.14363,0.13723632116408854,0.13107,0.1256858646349298,0.12023,0.11537,0.10972
2026-01-16 15:25:00,25697.65,0.12031,0.1104,0.1066,0.10453,0.09976,0.09915,0.09722,0.09583,0.09506,0.09531,0.09719,0.10021,0.1025742779472712,0.1055683607274067,0.19461,0.1898,0.18118,0.17114,0.16431,0.1551,0.14895,0.14256,0.13677,0.13126,0.12625,0.11962,0.11517,0.10954
2026-01-19 09:15:00,25549.65,0.14245,0.13519,0.12732392402862974,0.12204450387327097,0.1214,0.11899,0.11806,0.11705298662646632,0.11852,0.11961,0.12266,0.1258824326187,0.13196462947953547,0.13657,0.20612,0.19843,0.1915,0.18321,0.17385,0.16623,0.15889,0.15008,0.14249,0.13628486482372026,0.12989,0.12415323006775472,0.1187,0.11346
2026-01-19 09:20:00,25596.45,0.08441,0.08932,0.09374,0.09633,0.09736,0.10044884008514449,0.1011,0.10234,0.10559,0.10937459988786861,0.11308,0.11716,0.12431996909760559,0.12876,0.21017,0.20166,0.19502,0.18657,0.17775,0.17067,0.16256,0.15405,0.1471857515076171,0.14047,0.13504,0.12996,0.12594,0.12153
2026-01-19 09:25:00,25570.45,0.1024,0.10142,0.10257,0.10293558409909746,0.1028048346141383,0.10379614893660646,0.10414,0.10522,0.10833,0.11177482617962504,0.11550676492718898,0.12016,0.126750202946176,0.13211,0.20873,0.20057,0.19328,0.18469,0.17673,0.16852,0.16075,0.1523651213818772,0.14424,0.13812,0.13237,0.12696,0.1231,0.11855
2026-01-19 09:30:00,25544.4,0.1437,0.13407,0.12732902939384863,0.12442,0.11993,0.11696,0.11502730905736443,0.11492,0.11679,0.1189,0.12285,0.12687,0.13188,0.1372886745135051,0.2070250950232854,0.19894,0.19142174453051697,0.18313,0.1751082034302256,0.16677674585835817,0.15843679809954458,0.1504,0.14143,0.13439,0.12785730189903477,0.12151,0.11662,0.11102
2026-01-19 09:35:00,25579.4,0.09938,0.09619,0.09934,0.09994747525351287,0.10060295707028132,0.10124,0.102,0.10339,0.10655,0.10958,0.11407653129055642,0.11861,0.12437,0.13093,0.21264,0.20463,0.19773,0.18849,0.18053,0.17254,0.16418,0.15507604439574,0.14696,0.13985,0.1335137433686352,0.12832,0.12423,0.11922
2026-01-19 09:40:00,25551.95,0.12474,0.12028,0.11453,0.11254,0.11043,0.1089142200060164,0.10928,0.1094,0.11187,0.11453,0.11827052234502822,0.12255373085387915,0.12803,0.13307902090397525,0.20806,0.20021,0.19271,0.18437233735145947,0.1758969549002654,0.1672,0.15877415401927245,0.15036275819974262,0.14260701512507287,0.13476,0.12888,0.12326836413634024,0.11862,0.11313
2026-01-19 09:45:00,25560.95,0.11745,0.11174,0.11006,0.10947,0.10771,0.10715,0.10706,0.10726,0.11016,0.11282,0.11652604688082169,0.12107,0.12643,0.13281,0.20898,0.2009150587358861,0.19283756891012924,0.18423,0.17651,0.16847,0.16008,0.15174,0.14344,0.13618,0.13053,0.12461,0.12019,0.1149
2026-01-19 09:50:00,25558.35,0.09813,0.10065887933815491,0.10203,0.10231,0.10235,0.10252,0.10324,0.10533011234971343,0.10771,0.11077,0.11504810805948054,0.12005,0.12593,0.13257,0.20877,0.2013626477567937,0.19383,0.18471,0.17721,0.16877,0.16055,0.1521,0.14406,0.13739062432157836,0.13126564420166342,0.12572,0.12158,0.11685
2026-01-19 09:55:00,25558.2,0.10221,0.10014,0.10153713626767433,0.10229,0.10223,0.10269440269035686,0.10338,0.10459,0.10823,0.11146,0.11594,0.1209,0.12670420863260207,0.13321,0.20929,0.20139,0.19461,0.18508,0.17753,0.16879,0.16056,0.15232,0.14407,0.13770692554978137,0.1319,0.12601,0.12211,0.11727
2026-01-19 10:00:00,25520.6,0.11102,0.10743,0.10734,0.10683,0.10585,0.10605422131858425,0.10601,0.10848256792160274,0.11123,0.1146,0.11929,0.12411,0.13013,0.13675,0.20707,0.19896,0.19193,0.18325,0.17535,0.16608,0.15773133425246458,0.14947,0.14123,0.13504,0.12974,0.1241,0.1192445650995879,0.11506
2026-01-19 10:05:00,25510.95,0.1252577365893223,0.12154,0.11737,0.11411583133099283,0.1124,0.11138,0.11069,0.11147,0.11459,0.11725380805616756,0.12141530297418736,0.12648,0.13215,0.13871,0.2057,0.19803,0.18988,0.18129,0.17407,0.16455,0.15632,0.14802226557156187,0.13978,0.13291,0.12686649261603045,0.12118,0.11689,0.11165
2026-01-19 10:10:00,25528.25,0.11377,0.11102,0.10945,0.10865,0.10732,0.1069,0.10676,0.10798,0.11157,0.11463,0.11918,0.12409,0.12999,0.13649,0.20875481465295256,0.20022,0.19168,0.18279,0.1744485198797131,0.1662,0.1575476296641818,0.14982,0.14134,0.13535,0.13002,0.12434,0.12024,0.11739086939022536
2026-01-19 10:15:00,25530.4,0.12141,0.11548,0.11096,0.10882436494836212,0.1083,0.1070356032513149,0.1075,0.1084,0.11225,0.11533,0.11958102080367208,0.12455,0.13037,0.13613360784237652,0.20674,0.19922,0.19156,0.18271,0.17453377379405555,0.1662,0.15740210438105354,0.14908,0.14128,0.13451746089788083,0.12856390666224887,0.12367,0.11966,0.11702349787855043
2026-01-19 10:20:00,25543.9,0.10527,0.10863,0.10872,0.10734734618540837,0.10618,0.10562,0.10593,0.10742,0.1109,0.1139,0.11814,0.12300243078444342,0.12856,0.13525,0.20859,0.20122884476012512,0.19336,0.18495868822433556,0.1765,0.16769,0.15962,0.15065,0.14289,0.13678,0.13111,0.1262,0.12128,0.11615
2026-01-19 10:25:00,25526.15,0.09784,0.10189,0.10269643043578167,0.10252,0.10243,0.10311,0.10435,0.10618,0.11058,0.11390401507049217,0.11839,0.12352,0.1275219559075288,0.1323752396492909,0.20783,0.20095,0.19232,0.18335,0.17583,0.16711,0.15904,0.15084,0.14335,0.13761,0.13253,0.12716,0.12338,0.1189
2026-01-19 10:30:00,25515.7,0.11207,0.11108,0.10904,0.10873,0.10713,0.107,0.10726,0.10887,0.1126,0.11579,0.12004543512818841,0.12525,0.13067,0.13722,0.20969786032145835,0.20050179808309226,0.19129,0.18263,0.17446,0.16575,0.15768,0.14928,0.14242062472335087,0.13659720737866035,0.13145981775017787,0.12647228024641038,0.12146,0.11627
2026-01-19 10:35:00,25513.9,0.11146674837656584,0.10845,0.10764,0.10713,0.10687,0.10626,0.10705,0.10863,0.11265,0.11595,0.12018,0.12525080177070072,0.13066,0.137,0.20680597007835375,0.19815,0.19151,0.18248,0.17431,0.16585,0.15774,0.14968,0.14227,0.13645354377034322,0.13091959217804403,0.12639,0.12175051846738288,0.11797
2026-01-19 10:40:00,25500.4,0.12671,0.12105,0.11708331508171153,0.11492,0.11304,0.11162342546627917,0.11166,0.11259,0.11596,0.1186,0.12238,0.12702,0.13226,0.13833,0.20878353615088266,0.19945946433453365,0.19040611112731004,0.18111,0.17319,0.16441,0.15625,0.14777,0.14052,0.1346538191329368,0.12906,0.12365,0.11946,0.11466
2026-01-19 10:45:00,25525.55,0.11111,0.10924,0.10772,0.1078,0.10674564858156553,0.10635,0.10664,0.1084,0.11199,0.1149,0.11916293403749639,0.12381,0.12913,0.1355,0.20887,0.20024,0.19214590209001026,0.18344,0.17591,0.16744,0.15888,0.15089,0.14323,0.13761373256909545,0.13255,0.12684,0.12298,0.11823
2026-01-19 10:50:00,25515.9,0.12267482842030437,0.11866,0.1148,0.113,0.11051,0.10984,0.10947,0.11058,0.11388,0.11648,0.12067959358960542,0.12544,0.13063,0.13669,0.20749,0.19889,0.19183,0.1828,0.17492,0.16565,0.15761,0.14864,0.14145,0.13566,0.1298,0.12429,0.11994,0.11701479500207888
2026-01-19 10:55:00,25526.35,0.13233,0.12637,0.12086074065278932,0.1170189764083496,0.1144,0.1118,0.11078,0.11191835722269726,0.11377311189063073,0.11657,0.12053,0.12501,0.12999,0.13624,0.20857,0.19956,0.19221,0.18334572969689955,0.1747672258299411,0.16603,0.15766,0.14927193709510195,0.14085,0.13438,0.12854,0.12257,0.11808,0.11313
2026-01-19 11:00:00,25550.1,0.12151,0.11932,0.11573810470296493,0.11367,0.11166380916018356,0.11000287686748905,0.1094532866584314,0.10928,0.11236,0.11481,0.1185,0.12294577821436847,0.12812,0.13286838927441608,0.21143,0.20273861101035673,0.1943,0.18508,0.17745,0.16863,0.1597871992035037,0.15139,0.14332,0.13704,0.13131,0.12541,0.12046,0.1154
2026-01-19 11:05:00,25561.85,0.10899,0.10138,0.10069,0.10252,0.10107829660129483,0.10169,0.10215,0.10318,0.10665,0.11020950978534336,0.11449,0.11959,0.12517,0.13184,0.21197001938481114,0.20337823799570906,0.19516,0.18634,0.17851162997125852,0.17074,0.16283,0.1547472760866252,0.14716,0.14106,0.13515,0.12992,0.12486120067489302,0.12077
2026-01-19 11:10:00,25540.3,0.11046,0.11083,0.10827,0.10789,0.10588,0.10491,0.10570180685458248,0.10638,0.10954,0.11268,0.11737,0.1223,0.12767,0.13403,0.20769,0.20022,0.19262,0.18414,0.17678,0.16805027112564994,0.16,0.15135,0.14463,0.138,0.13236,0.12694,0.12227,0.11743
2026-01-19 11:15:00,25533.8,0.10798,0.10731,0.1053,0.10503,0.1036,0.10349,0.10402,0.10558,0.10894,0.11228,0.11706,0.12214,0.12774,0.13422,0.2066,0.19961,0.19276,0.18385,0.17612,0.16777,0.15999913903932048,0.1526201265784112,0.14559119068083073,0.13909163991989446,0.13327,0.1278026172687432,0.12329,0.1195911970628052
2026-01-19 11:20:00,25513.75,0.12529,0.11862,0.11345134464781675,0.11048696398433448,0.108775039535398,0.10820449588876806,0.109,0.10982,0.11303,0.11594,0.12015954459534484,0.1250981632356379,0.13082,0.13623179649335848,0.2065428047050491,0.19808,0.19148,0.18214,0.17437253987858103,0.16600902384624827,0.15801,0.1500598035886973,0.14218,0.13622,0.13042,0.12493216252529588,0.12023,0.11555
2026-01-19 11:25:00,25514.95,0.12155,0.11807874801156261,0.1146797789034602,0.11269,0.11016,0.10919,0.10884,0.10989,0.11307,0.11606,0.12056,0.12524,0.13056,0.13686,0.20677,0.19908,0.19201,0.18296,0.17563,0.16681,0.15861,0.1503,0.14252,0.13653,0.13071,0.1250160019634458,0.12058,0.11544
2026-01-19 11:30:00,25517.75,0.1164,0.11895,0.11447,0.11288948389312135,0.11014,0.10924006961852686,0.10842,0.10934,0.11251,0.11579,0.12019,0.1249,0.13011,0.13461385888586294,0.20709,0.1994,0.19234,0.18384589771453236,0.1754,0.16715,0.15874,0.15046,0.1435796274794501,0.13664,0.131,0.12494404983017576,0.11989399971533807,0.11537
2026-01-19 11:35:00,25523.55,0.13105,0.12514,0.11925,0.11609,0.11285,0.11088,0.10988236762910138,0.1104,0.11230940088436797,0.11588,0.1196893500348846,0.12440632423484885,0.12978930857379528,0.13578142960811163,0.20675,0.19951584481607226,0.19187,0.18327,0.17488,0.16705,0.15852,0.14979,0.1428800385543395,0.13564,0.12973,0.12382,0.119,0.11349
2026-01-19 11:40:00,25536.55,0.12496,0.12074,0.11594,0.11329,0.11037,0.10856,0.10765,0.10846,0.11115,0.11382,0.11815,0.12287,0.12793,0.13466,0.20902733732682172,0.20095,0.19398,0.18570574809610266,0.1770353784563141,0.16824,0.15966005764710214,0.15141459419718803,0.14335,0.13701,0.1309,0.12512,0.12048,0.11708313901936779
2026-01-19 11:45:00,25537.25,0.11701,0.11709,0.11367533191518317,0.11106,0.10883,0.10754,0.10676,0.10777,0.11073,0.11367,0.11808,0.1229,0.12826,0.13492,0.20866,0.20064,0.19372,0.18477,0.177,0.16850172656806747,0.16057,0.15202,0.14431,0.13781,0.13158,0.1257,0.12097,0.11573
2026-01-19 11:50:00,25541.5,0.11820736564149514,0.11365,0.11364,0.1105,0.10792,0.1068,0.10637,0.1072,0.11035,0.11317,0.11783,0.12235004182832998,0.12762,0.13443,0.20815,0.20067,0.19268,0.18491,0.17719,0.16884,0.16039,0.15234,0.1451558226628764,0.13809,0.13205,0.12577,0.12127,0.11592
2026-01-19 11:55:00,25540.75,0.10867,0.10743,0.10536,0.10369,0.10266,0.10272,0.10312,0.1055345527641562,0.10829,0.11183,0.1163619999066956,0.12165,0.12697,0.13378,0.20821208792887563,0.2002,0.19379,0.18487,0.17745,0.16901807139887548,0.1608,0.15328687546746994,0.1460108319657491,0.13926839812927713,0.1331,0.12732,0.12284,0.11794
2026-01-19 12:00:00,25527.0,0.10974,0.10841,0.10674,0.10549,0.10385,0.10401,0.10449,0.10618,0.11004,0.11362458433436944,0.11844,0.12351,0.12899,0.1346330976153503,0.2073,0.20016,0.19242,0.18348,0.17562668778450574,0.16744598103458538,0.15948571581680726,0.1518293598237303,0.14449,0.1381499853386937,0.13228,0.12672,0.12179176176218076,0.11728
2026-01-19 12:05:00,25522.1,0.11403800697656337,0.11073,0.10814659515299375,0.10627502123574692,0.10508,0.10489902422292506,0.10558,0.10727,0.11101,0.1147110265551238,0.11929279386225015,0.1243,0.1298379518193841,0.13581086043193233,0.20782,0.2003454466883518,0.1927,0.18434,0.17697,0.16887,0.1605216772974665,0.1526743748322803,0.14489,0.13817,0.13251,0.12657,0.12221,0.11694
2026-01-19 12:10:00,25521.0,0.12433,0.11889,0.11494,0.11236,0.10952848866247775,0.10817,0.10804,0.10903,0.1125,0.11537,0.11986,0.1248,0.13032612679784022,0.13657,0.20775,0.20070785535589147,0.19335,0.18459,0.17717,0.16903,0.16024,0.15184,0.14431,0.13714,0.131,0.1247,0.11998,0.11443
2026-01-19 12:15:00,25533.2,0.13678,0.12256,0.11838,0.11453,0.11132,0.10931,0.10839,0.10893,0.11202,0.1148,0.11916,0.12362,0.12856,0.13528,0.20755,0.20053688008811196,0.19279,0.18492947980773022,0.17679,0.16824806594369687,0.15986,0.15134,0.14366,0.13692,0.13042,0.12428,0.11911,0.11353
2026-01-19 12:20:00,25542.4,0.11411,0.10833116934200478,0.10266,0.10198,0.10102,0.10115,0.10161,0.10353,0.10747,0.11081,0.1156678014706443,0.12093,0.12651,0.13326,0.20947851386012575,0.20187,0.1949,0.18591,0.17898,0.1707,0.16185534494556306,0.15342,0.14596,0.13906,0.13334,0.12723,0.12264,0.11914839196477774
2026-01-19 12:25:00,25526.05,0.11773,0.11337,0.11022,0.10788,0.1059,0.10501207540488244,0.10506,0.10649,0.10989,0.11301,0.11802,0.12303,0.12859,0.13432866991910491,0.20854260286715612,0.20069,0.19363,0.18491,0.17726,0.16944,0.16091,0.15195,0.14452,0.13732,0.13175,0.12558,0.12117,0.11557
2026-01-19 12:30:00,25524.6,0.1156,0.11206,0.10879648448864118,0.10649,0.10471,0.10398,0.10478,0.10605,0.10988,0.11311,0.11825,0.12325,0.12894,0.1346099788224581,0.20828,0.200996393422363,0.19352,0.18479,0.17714,0.1686317226107256,0.16056,0.15234191872175876,0.14437,0.13743,0.13158,0.12566,0.12033261235065812,0.11576
2026-01-19 12:35:00,25520.4,0.11317,0.11057230137152595,0.10806,0.10634,0.10473,0.10458,0.10512,0.10677,0.11044,0.11385,0.11905,0.12427,0.12963,0.13648,0.2079,0.20021,0.19313,0.18502684453112506,0.17688592767338152,0.16889,0.1602946861285321,0.15193,0.1447,0.13802235650202158,0.13223,0.12613,0.12112902790888672,0.1169
2026-01-19 12:40:00,25513.2,0.12541,0.11795,0.11543,0.11233,0.10978,0.10861552012521655,0.10873396517007283,0.10951,0.1127,0.11583,0.12062,0.12569,0.13128105645912896,0.13754,0.20764963621667884,0.19952,0.19169,0.18334,0.17599,0.16763,0.15912,0.14958,0.14208,0.13552,0.12947,0.12357,0.11899,0.11338
2026-01-19 12:45:00,25525.45,0.11245,0.11086,0.10752,0.10625,0.1046,0.10419,0.1049,0.10643,0.10984935004521218,0.11362617094408249,0.1183,0.12333,0.12918790247348924,0.13545,0.20849,0.20163,0.19299,0.18466,0.17734,0.16901,0.15942,0.15063,0.14358,0.13708,0.13145,0.12577,0.12132,0.11637
2026-01-19 12:50:00,25519.95,0.13225,0.12577,0.11927,0.11491,0.11157,0.10981,0.10898,0.11011148435596488,0.11256,0.11547,0.12006,0.12495,0.13004,0.13564333387382607,0.2077483518368635,0.19944,0.19209,0.18312,0.17528025131558078,0.16716,0.15768,0.14943,0.14178,0.13477,0.12875,0.12287,0.11815,0.11251
2026-01-19 12:55:00,25545.2,0.11676,0.11437,0.11059,0.10847,0.10618,0.10553641708657642,0.10519,0.10619,0.1092619590617333,0.11253,0.11723,0.12192,0.12727,0.13345,0.21005,0.20298992289381615,0.19547,0.18742553347484597,0.17924,0.17038172124184392,0.16166464306544348,0.1533269472673832,0.14532,0.13819202348617027,0.13208,0.12633,0.12177,0.1186463832184441
2026-01-19 13:00:00,25548.85,0.10962,0.11163,0.10940986326076522,0.10731,0.1057497921056203,0.10433,0.10439,0.1062971942781109,0.10896,0.11199,0.1163880143866254,0.12166,0.12697,0.13155548438133904,0.21235,0.2048910313006846,0.19716789235563234,0.18855,0.18082,0.17245,0.16320677932485705,0.15421,0.14696,0.13986725185098883,0.1335,0.1276,0.12278,0.11719
2026-01-19 13:05:00,25553.0,0.11105,0.1082,0.10615,0.10522,0.10357,0.10325686414376999,0.10356,0.10459,0.10837,0.11157,0.11633,0.12113,0.12647,0.13272,0.21327,0.20541,0.19782,0.18902,0.18215,0.17319,0.16354,0.15452,0.14705638840372742,0.1398,0.13362,0.12765,0.12291,0.11963947518372006
2026-01-19 13:10:00,25544.5,0.10337,0.10265,0.10198,0.1013,0.10012,0.10054,0.10159,0.1032,0.10731,0.11082,0.1154129447337314,0.12058118384812573,0.12627,0.13267,0.2139177912172094,0.2057002244103469,0.19734,0.18881,0.18155,0.17253,0.16385422176235562,0.15535033132316703,0.14724304476706465,0.13947,0.13366,0.12777,0.12327,0.11802
2026-01-19 13:15:00,25530.5,0.12054,0.11933,0.11433,0.11157,0.1088,0.10705,0.10723631753540837,0.10769,0.11106,0.11411,0.11878,0.12347,0.12873,0.13503,0.21156,0.20401,0.19485,0.18673,0.17924,0.17003,0.16063,0.1516,0.14386,0.13678,0.1306,0.12447,0.11935,0.11371
2026-01-19 13:20:00,25540.05,0.11222736390389411,0.10854,0.10651092889643986,0.1046,0.10267,0.10224,0.10289,0.10447,0.1084,0.11177,0.1165,0.12158,0.12702,0.13326,0.21433,0.20503,0.1966,0.18842,0.18086,0.17187,0.16270139577916165,0.15391,0.14603,0.13924,0.13209599741378983,0.12620653350652977,0.1210919192772862,0.11691
2026-01-19 13:25:00,25531.0,0.11509,0.11194676919543878,0.10919590876372443,0.10686,0.10463,0.10398,0.10429,0.10643838026622568,0.10936,0.11284,0.1173894913111949,0.12271,0.12805,0.1343261248058091,0.21303,0.20477024097933158,0.19606,0.18782,0.17992,0.17115,0.16142,0.15289,0.14481,0.13759,0.13151,0.12532,0.1197508236569907,0.11497
2026-01-19 13:30:00,25535.2,0.12707,0.12045,0.11491,0.11121,0.10838,0.10671,0.10660860941480955,0.10745,0.11038,0.11349693118184465,0.11785,0.12258715501887846,0.12795,0.13357559007788447,0.21217,0.20341,0.19546,0.18734,0.17957,0.17015926219880548,0.16126,0.15263,0.14467,0.1373,0.13107,0.12495664094751359,0.11976,0.11585976420478547
2026-01-19 13:35:00,25552.1,0.11146,0.11216,0.10796,0.10693,0.10432,0.10337,0.10342,0.1046,0.1082,0.11146,0.115784251981022,0.1209,0.12646976475708235,0.13269,0.21298,0.20558,0.19688,0.18916,0.18172,0.17305,0.16381551901250194,0.15501,0.14706,0.13943,0.13343,0.12716285949100029,0.12225,0.11648
2026-01-19 13:40:00,25558.15,0.10084,0.10296582210250167,0.10276308056497539,0.10217,0.10168442677168946,0.10044,0.10244400824308098,0.10400856134479639,0.10605,0.10954,0.11444,0.11938,0.12445,0.1312,0.21455,0.20664,0.19828,0.18984,0.18241,0.17425,0.16413,0.15593,0.14815,0.1405,0.13410482613620497,0.12854,0.12393,0.11829
2026-01-19 13:45:00,25544.95,0.14487,0.13666,0.12756,0.12051136081044678,0.11614,0.11251,0.11062,0.11052,0.11243,0.11496,0.11903,0.12358,0.12837,0.13344647129778645,0.20948,0.20197,0.19316,0.18546,0.1781,0.16892999580094858,0.16012,0.15118,0.14295,0.1357077204109811,0.12862,0.12181,0.11596,0.11192856484132999
2026-01-19 13:50:00,25583.5,0.12838,0.12116,0.11632196393077025,0.11228,0.10902,0.10702499151412627,0.10557,0.10556,0.10766,0.11011,0.11410681964731056,0.11876,0.12347,0.12958,0.21282,0.20563302168184863,0.19832,0.18915,0.18144212666902562,0.17343,0.16467,0.15624,0.14823,0.14042,0.13434,0.12716,0.12208,0.11786116392635272
2026-01-19 13:55:00,25602.3,0.1106,0.1098,0.10677,0.104,0.103378908500206,0.10253821553008627,0.10200042169483899,0.10262725684198862,0.10419,0.10667,0.11084583801519472,0.11533,0.12046,0.12655,0.2172,0.20913,0.20067,0.19324,0.18519,0.17687,0.16751,0.15907928478388028,0.1508435932336887,0.14258,0.136,0.12898,0.12389,0.11756
2026-01-19 14:00:00,25605.6,0.12322,0.12162287828248057,0.12019,0.11659,0.11217,0.10884,0.10793498792791002,0.10733450849117598,0.10793,0.10970758496841936,0.11282,0.11712,0.12165,0.12738,0.21757,0.20907,0.20144,0.19366048680819603,0.18558,0.17699,0.16718,0.15838,0.15008643385791223,0.14124,0.13488,0.1275,0.12188,0.11534
2026-01-19 14:05:00,25625.95,0.12169,0.11189,0.10740573386406636,0.10345,0.10222,0.10043,0.09994,0.09999,0.10203,0.10432,0.10822,0.11282,0.11773,0.12278164170187306,0.2187113109531955,0.21071,0.20395,0.19544,0.18746264106419455,0.17924,0.16971,0.16104090064200197,0.15254,0.14421,0.13787,0.13055,0.12440516230258586,0.11896
2026-01-19 14:10:00,25615.15,0.10529454799727082,0.09995,0.09965,0.09834,0.09748,0.09712,0.09703,0.0976,0.10044,0.10360142627624193,0.10738,0.11256,0.11777,0.12431,0.22004,0.21226,0.20365,0.19573,0.18818,0.17891,0.16952106178874524,0.16056104984106215,0.15187,0.1439,0.13771,0.13078,0.12572,0.12207251239367066
2026-01-19 14:15:00,25589.9,0.13766,0.13118,0.12342,0.11812,0.11379,0.11051,0.10828,0.10703,0.10803,0.10946,0.11277,0.11743,0.12191460229619519,0.12803,0.21615758725953266,0.20806,0.20148,0.19378697387090466,0.18533271268288934,0.1762,0.16675,0.15771084132634847,0.14877,0.14071840227415927,0.13331469867586976,0.12657,0.12068,0.11717328837797773
2026-01-19 14:20:00,25610.85,0.11315,0.11321,0.10957,0.10694,0.10476,0.10277,0.10211454898492586,0.10149,0.10338555368223773,0.10535,0.10893,0.1136,0.11863,0.12504,0.21923,0.21064,0.2033,0.19293,0.1855805732188297,0.17771,0.16863,0.15975970227151487,0.15143,0.14296,0.13683,0.1295,0.1243,0.11837
2026-01-19 14:25:00,25607.6,0.10579,0.10267,0.10032,0.10001,0.09933,0.09846666836004044,0.0982,0.09915110863259413,0.10088035761821473,0.10301,0.10743,0.11224,0.11779,0.1245663659210237,0.21751,0.21036,0.20227854842892742,0.19334,0.18599,0.17685,0.16782,0.15877,0.15127,0.14339,0.13723,0.13016,0.12514,0.12106227350901154
2026-01-19 14:30:00,25603.8,0.12084,0.11134,0.10881,0.10532,0.10358,0.10147,0.1003,0.10042,0.1026,0.10453,0.10834,0.1135,0.11882,0.12533,0.21718,0.20826,0.20189,0.19340975336524452,0.18532,0.17635185933101064,0.16768,0.15837,0.15067,0.14269902988310856,0.13552276424040405,0.12894,0.12311864019410698,0.11796
2026-01-19 14:35:00,25599.55,0.12345,0.12152,0.11567,0.11125,0.10814,0.10541,0.10399826624379127,0.10339,0.10504,0.10683204411738369,0.11035,0.11453780254064706,0.1199457334086065,0.12651,0.21660776414904911,0.20833,0.2015,0.19188,0.18429,0.17548685037218936,0.167,0.15792,0.15039,0.142,0.13561,0.1285,0.12251969031510228,0.11684
2026-01-19 14:40:00,25614.95,0.11385706036903778,0.10885,0.10565,0.10395,0.10221,0.10078,0.09969,0.09987,0.1021,0.10379,0.10764,0.11244,0.11784,0.1245,0.21837,0.20946,0.20182065435562918,0.19316,0.18627,0.17698173705432954,0.16874,0.1597,0.15185,0.144269443100129,0.13747,0.13037,0.12507,0.1193
2026-01-19 14:45:00,25620.55,0.11037,0.10708,0.10642,0.10373,0.10236,0.10072,0.10024090650221125,0.10005,0.10170454529587726,0.10383,0.10731,0.11241,0.1174,0.124,0.21897,0.21135802113829477,0.20335,0.19504284531963378,0.18659,0.17784,0.16906631708670414,0.16058,0.15219362317700297,0.14412,0.13729047892004467,0.1307,0.12563,0.11969
2026-01-19 14:50:00,25623.15,0.1085,0.11035,0.10789,0.10536,0.10345,0.10193658571405403,0.1008,0.10025,0.10186,0.10386,0.10726,0.11208,0.11747,0.12387,0.22025,0.21127,0.20320670921907302,0.19481,0.18680763739493145,0.17899,0.16996,0.16128847171682367,0.15287,0.14462,0.1383,0.13097,0.12523,0.12068391565174436
2026-01-19 14:55:00,25624.2,0.10733,0.10483800790832348,0.10297509231043912,0.10127,0.09954,0.09874,0.09781,0.09807,0.09987588515227917,0.102193200059569,0.10572,0.11066,0.1161,0.123,0.22170086562260674,0.21316,0.20647,0.19636,0.1889,0.17969,0.17100211979868293,0.16236,0.15414,0.14574,0.13925,0.1319,0.12646,0.11994
2026-01-19 15:00:00,25629.95,0.07571,0.08335,0.08974,0.09084,0.09226262119759049,0.09157,0.092,0.09314,0.09583849386495835,0.09833,0.10272,0.10770070534267948,0.1141,0.12154,0.22197,0.21378,0.2071,0.197,0.19015,0.1808311281007709,0.17272,0.16368,0.15576,0.14772,0.14142,0.1343,0.1282585540150679,0.12304
2026-01-19 15:05:00,25604.15,0.09258,0.09554,0.09658,0.09568,0.09561,0.09514560353079726,0.09489,0.09552,0.09795869618533436,0.10054,0.10469,0.11057,0.11632344984080681,0.12372,0.21802,0.21005045584192006,0.20222,0.19224,0.18469,0.17621,0.16796,0.1595,0.15167,0.14429,0.13815,0.13117,0.12627,0.1205
2026-01-19 15:10:00,25595.95,0.09948,0.10101,0.10084,0.09878,0.09738,0.09655,0.09663024717480079,0.09673,0.09952,0.10230877033983071,0.10649,0.11201,0.11776,0.12506,0.21773,0.20871,0.20256,0.19335458768689867,0.18448,0.17658034113837623,0.16875,0.16006,0.15216,0.14468,0.1383062103639977,0.13201,0.12721,0.12057
2026-01-19 15:15:00,25590.9,0.07844,0.08555126106309838,0.08922229041643961,0.09114,0.09153,0.09184,0.09221,0.09384,0.09699,0.10038,0.10516192732049158,0.11103,0.11673,0.12435,0.21822,0.20996,0.20319,0.19338,0.18531982923265544,0.17701,0.16875881925541245,0.16084020289118242,0.1531863393402585,0.1460421121596603,0.1394,0.1332,0.12822,0.12252
2026-01-19 15:20:00,25561.25,0.09804896535304189,0.09787,0.09795,0.09701,0.09614,0.09589,0.09576990443389055,0.097,0.10062,0.10386,0.10847,0.11473,0.12047648630796934,0.12661551990998787,0.21484,0.20616,0.19979,0.18962,0.18234,0.17327,0.16539,0.15708858928879132,0.14912,0.1416,0.13589,0.12968,0.12511,0.11944
2026-01-19 15:25:00,25558.3,0.09554,0.09861,0.09696,0.09634,0.09561,0.09436,0.0940482521248009,0.09501,0.09899,0.10247,0.10776,0.1137097088840519,0.12024,0.12882,0.21267,0.20797,0.19916,0.18901,0.18177,0.17329545356797676,0.16508488223725587,0.1576,0.14997,0.14296067489242562,0.13666,0.13105,0.12566,0.12062
2026-01-20 09:15:00,25559.3,0.11335962236027104,0.10782,0.10653,0.10229606075260823,0.10309,0.1019,0.1017,0.10278,0.10608,0.10934,0.11344397842273754,0.1198627982416527,0.12550777199369098,0.13346,0.21699,0.20841015624961653,0.2004283906060605,0.1915960933217578,0.18281,0.17515,0.16684263164239838,0.15866,0.151943661178557,0.14448,0.13891,0.13211,0.12705,0.12128
2026-01-20 09:20:00,25552.55,0.0887653162473906,0.08687,0.09060569313395914,0.09120810641672264,0.09326,0.09455,0.09692099935852456,0.0986,0.10298,0.10721,0.11258,0.1190339924241624,0.1258,0.13125397157852092,0.21467313054863763,0.20639,0.19826548357464896,0.18967,0.18249,0.17475,0.16647,0.15859,0.15205,0.14558463836575303,0.14001,0.13427,0.12977,0.12469
2026-01-20 09:25:00,25506.85,0.10561,0.10672,0.1050722193226188,0.10338,0.10249,0.10253,0.10265,0.10513,0.10934,0.11327,0.11882,0.1255,0.13235,0.14021,0.2123,0.20337228691383966,0.19446,0.18606,0.17821,0.17054,0.16225,0.1547,0.14799,0.1406,0.13579,0.13023,0.12507176025898636,0.12043
2026-01-20 09:30:00,25488.8,0.11948,0.11639,0.11324,0.11045,0.10868,0.10766056517948025,0.10704,0.1092,0.11322,0.11691540507662616,0.1223,0.12850418724050966,0.1357,0.14346,0.21217,0.20256465541741578,0.19305,0.18456,0.17625,0.16882,0.16003790102385454,0.15211,0.14485,0.13766,0.13202755862932036,0.12653,0.12177,0.1169
2026-01-20 09:35:00,25481.8,0.10807505412616453,0.10612,0.10606,0.10502,0.10486,0.10556009092174615,0.1067243153195238,0.10807,0.11262,0.11688,0.12275687549128388,0.12934,0.13647,0.14437,0.21414,0.20424,0.195,0.18618,0.17789,0.16979,0.16114,0.15336204892898556,0.14609,0.13917,0.1344,0.12895,0.12492,0.12093
2026-01-20 09:40:00,25461.45,0.1239,0.12095,0.1183,0.115,0.11282,0.1114,0.11103,0.11358257130122278,0.11716,0.12109451465565652,0.12644029961105255,0.1328,0.13968367424094916,0.14751,0.21417794025864506,0.20484,0.19571,0.18687292364598843,0.17786,0.1694,0.16066,0.15234,0.14484,0.13754,0.13193,0.12643,0.12152361954097393,0.11715
2026-01-20 09:45:00,25463.25,0.11886,0.11763,0.11452,0.1122454568498575,0.11093,0.11004,0.10994,0.11251,0.11668,0.12084,0.12617537037133983,0.13259525521796947,0.13976,0.14772,0.21617,0.2068,0.19749,0.18816,0.17992,0.17097,0.16206,0.15357,0.14623,0.13888,0.13303147956478975,0.12791,0.12344,0.11877
2026-01-20 09:50:00,25462.3,0.10755499870492032,0.10359,0.10437,0.1047,0.10478,0.10524,0.10628,0.10976,0.11486,0.11966,0.12551,0.13248,0.13991,0.14806,0.21566,0.20717,0.19781,0.18885324196760284,0.17986,0.17141,0.16265,0.15482,0.14771,0.14109,0.13545998630849287,0.13128,0.12741,0.12511909633964002
2026-01-20 09:55:00,25459.95,0.12017,0.11734,0.11509,0.11309,0.11168,0.11066,0.11082,0.11301,0.11729,0.12141,0.12645,0.13352,0.13992,0.1482,0.21354,0.20441021193890718,0.19488,0.18605068929121535,0.17719,0.16798,0.15917,0.15126,0.14375,0.13703,0.1318,0.12653,0.12244261834192,0.1189
2026-01-20 10:00:00,25467.2,0.12251234157592185,0.11817,0.11539386142188135,0.11298,0.11161,0.1107053700773562,0.11064,0.11255,0.11610664557812433,0.12051,0.12591350377918642,0.13244,0.13902,0.14695,0.21533,0.20593499765057688,0.19651,0.1877,0.1793,0.17022,0.1615,0.15279,0.14540789341402138,0.1384599724586814,0.13245,0.12718,0.12286,0.11927
2026-01-20 10:05:00,25465.6,0.12575,0.12217,0.11847,0.1155,0.11323,0.11169,0.11138,0.11299,0.11669,0.12019336440504776,0.12531799745438515,0.13143,0.13808,0.1449825316586476,0.21274,0.20373,0.19436,0.1854,0.17664,0.16787,0.15919,0.15038,0.14302,0.13565,0.1304,0.1248,0.1205,0.11612
2026-01-20 10:10:00,25484.8,0.1074,0.10682,0.10632,0.10583,0.10569,0.10526,0.10616,0.10868,0.11282,0.11673,0.12245,0.12917,0.13582,0.1421218483168373,0.21481,0.20536,0.19732,0.1883,0.18013,0.17126,0.16273,0.15463,0.14738,0.14062,0.13526,0.12982523610022317,0.12609,0.12280092706303491
2026-01-20 10:15:00,25468.6,0.12772,0.12327,0.11949,0.11605,0.11314,0.11173,0.11187570655056144,0.11295,0.11646,0.11995,0.12512,0.1308896636298129,0.13793,0.1461,0.21212,0.20321,0.19495026168966403,0.18619,0.17738,0.16858,0.16035,0.15144,0.14432,0.13723,0.1311,0.12532,0.12078,0.11595
2026-01-20 10:20:00,25485.6,0.11154,0.10884,0.10774,0.10619,0.10572,0.10556436373975513,0.10573,0.10814,0.11182428327112086,0.11595,0.12138,0.12801,0.13389,0.1418,0.21395,0.20507,0.19666,0.18791572927750005,0.17934,0.1703,0.16192,0.15335,0.14566,0.13856,0.13311,0.1275,0.12343,0.11945
2026-01-20 10:25:00,25487.25,0.10661,0.10795,0.10761,0.10587,0.10469,0.10423,0.10591548666640122,0.10713,0.11101,0.1149,0.12028400345284332,0.12653,0.1331333191340287,0.14058,0.2148126428005412,0.20576,0.19731,0.18871,0.17989,0.1711,0.16216,0.15401,0.14591,0.13934849250787812,0.13349,0.12787,0.12341371682182456,0.11984
2026-01-20 10:30:00,25478.75,0.11189,0.11147,0.10921,0.10800580869784514,0.10666,0.10696118619093123,0.10789524388240972,0.10901,0.11309,0.11659,0.12183,0.12783,0.13375,0.14165,0.21488,0.2059756052381374,0.19706331294509496,0.18781,0.17961,0.1704326259549693,0.16191,0.15362,0.14585199803651624,0.13855,0.13287,0.12723,0.12353,0.1192
2026-01-20 10:35:00,25473.7,0.1305163515279674,0.12579,0.11997138101539874,0.1168,0.11332,0.11134,0.11109,0.11214344044287311,0.11489,0.11793,0.12257,0.12839,0.13405,0.14165,0.21389,0.20442,0.19551,0.18693,0.17812,0.16904351374270157,0.16038,0.152,0.14354,0.1367102732214304,0.13003,0.12406,0.11976,0.11477
2026-01-20 10:40:00,25492.55,0.10672,0.1075,0.10644,0.10503,0.10373,0.10351,0.10525507817150649,0.10662,0.11021510616603945,0.11392,0.11913,0.12533,0.13116,0.13874,0.21694,0.20647,0.19800856066964642,0.18906,0.18062,0.17109396532693716,0.16265,0.1537,0.14615,0.13932,0.1333,0.12777,0.12399,0.11969
2026-01-20 10:45:00,25480.45,0.11358,0.11198,0.11056,0.10835,0.10654,0.10603,0.10659,0.10883353744826162,0.11211,0.1154,0.12068307324881702,0.12682,0.13280909339926159,0.1398,0.21571,0.2057,0.19716,0.18776,0.17897,0.16961,0.161,0.15226,0.14411,0.13716,0.13185,0.1261629953756681,0.12186,0.11749
2026-01-20 10:50:00,25478.05,0.10456,0.10525379323966039,0.1052,0.10423,0.10371,0.10367,0.1047,0.10718,0.11123,0.11475,0.12036641536100226,0.12687,0.13248,0.14035,0.216083443725019,0.20685,0.19856,0.18949994445487625,0.18033,0.17134,0.16222,0.15388,0.14507,0.13858,0.133,0.1275,0.12352,0.11934
2026-01-20 10:55:00,25465.4,0.11001,0.10901500076796737,0.10767913865095148,0.10717,0.10613,0.10588,0.10683,0.10948633867302666,0.11304,0.11638,0.12194,0.12796,0.1343263273851379,0.14169,0.21569,0.20598,0.19799,0.18832,0.1791597047462029,0.17018,0.16098,0.1528654313500525,0.14515547399078177,0.13820515132624045,0.131975182008096,0.12627,0.12217,0.11789
2026-01-20 11:00:00,25459.55,0.10868,0.10772356406401992,0.10691,0.10551,0.10506,0.10499,0.10609,0.10852,0.11267,0.1165,0.12191,0.1283,0.13487,0.14197,0.21467292705980834,0.2054,0.19658846870611146,0.18736,0.17861,0.16953,0.16054729840187118,0.15227,0.14379,0.13738,0.1317,0.12624,0.12208,0.11829
2026-01-20 11:05:00,25453.55,0.11082,0.10903,0.1069319440906592,0.10551898453575351,0.10513,0.10492,0.10673156437361167,0.10871,0.11321,0.11702,0.12277,0.1289336402349336,0.13604,0.14342,0.21442212858327914,0.20524,0.19601,0.18708,0.17858,0.16914,0.16007252162239016,0.15155966799890014,0.14305,0.1366,0.13097,0.12559,0.12122,0.11696
2026-01-20 11:10:00,25452.35,0.11397017289293612,0.11093,0.1091,0.10713,0.10586032779782761,0.10565,0.10673,0.10914,0.11382,0.11773,0.12347,0.13009,0.1366,0.14428,0.21249,0.20293,0.19392,0.18522,0.17663,0.1674,0.15857,0.1504285254650264,0.14242,0.13592,0.13029,0.12490862723891469,0.1209,0.1166
2026-01-20 11:15:00,25445.65,0.12009,0.11474193287993328,0.11068,0.10879,0.10694914112986344,0.10679,0.10767,0.11018,0.11439,0.11865,0.12418,0.13069,0.13729,0.1449,0.2117026710879528,0.20226,0.19364,0.18416,0.17559,0.1662282692155402,0.15732,0.14903,0.14108,0.13477241162005654,0.12892,0.12356,0.11898637669644484,0.11507
2026-01-20 11:20:00,25449.95,0.11642,0.11418,0.11154,0.10934,0.10777,0.10761989876512862,0.10791,0.11005,0.11411,0.11805,0.12373110330004268,0.13031,0.13678,0.14464,0.21234,0.20231,0.19334,0.18431,0.17548,0.16635,0.15739,0.14912396964513805,0.14115,0.13428,0.12837,0.12298,0.11879,0.11461
2026-01-20 11:25:00,25447.1,0.1263110496974057,0.12120876389908931,0.11703,0.1135,0.11081,0.10934411738128427,0.10955,0.11127,0.11507,0.11891050455208792,0.12429,0.13025,0.13698,0.14503,0.21107,0.20205,0.19297822895786718,0.18367,0.17454,0.1654611539354894,0.15634,0.14866,0.14012,0.13309,0.12699,0.12136249646828992,0.11676,0.11183
2026-01-20 11:30:00,25458.7,0.11594488854744102,0.11182,0.10942,0.1076,0.10639,0.10623300869888339,0.10724659871110179,0.10885,0.112756635664882,0.1172,0.12297,0.12923,0.13594,0.14388,0.21286,0.2040789959180926,0.1952,0.18574,0.17662838796608618,0.16773,0.15875,0.15054,0.14234,0.13524,0.12935,0.12382308079157445,0.11971,0.11532
2026-01-20 11:35:00,25466.4,0.11355,0.11138,0.10887,0.10647,0.1051,0.10478,0.10551,0.10838065630391829,0.11214,0.11609,0.12192,0.12811143309953818,0.1352,0.14181827925998391,0.21368298011347409,0.20421,0.19568,0.18664,0.17681,0.1678,0.15921,0.15068,0.1423,0.13516,0.12912,0.12373,0.11943,0.11498
2026-01-20 11:40:00,25461.5,0.12097,0.11575337370145601,0.112,0.10852,0.10679,0.10562,0.1063,0.1084,0.11251,0.11636,0.12252,0.12877,0.13566,0.14361,0.211575419985655,0.20279,0.1942036851036804,0.18525941665113196,0.17596,0.16727,0.1579,0.14947,0.14098,0.13380008156487422,0.12736977530636642,0.12192,0.11721,0.1140528812984043
2026-01-20 11:45:00,25463.2,0.12048,0.11557,0.11228,0.10909,0.10704384689092522,0.10589,0.10716363159322186,0.1092370374686307,0.11256485948616879,0.11682,0.12256,0.12889,0.13567,0.14366,0.21245,0.20386953776420008,0.19501,0.18563,0.17653,0.16721,0.15814,0.1495675501944495,0.14123,0.13391,0.12791,0.12175,0.11723,0.11238
2026-01-20 11:50:00,25474.5,0.11774,0.11478,0.11049483536984907,0.10766,0.10586,0.1050494439719585,0.10512,0.10724,0.11143,0.11565,0.12162,0.12795887678191267,0.1352,0.14297,0.21369,0.20379,0.19501,0.18616,0.17687929369663577,0.16797,0.159,0.15025,0.14218220196142692,0.13465520941655343,0.12763,0.12188179678968473,0.11707,0.11218
2026-01-20 11:55:00,25481.0,0.10771,0.103,0.10276,0.10132,0.10055,0.10028,0.1028634999243363,0.1055949850137544,0.10935,0.11412,0.12074,0.1275,0.13459,0.14305,0.21973786189148603,0.20919267724688287,0.19886592210014592,0.1887555172691125,0.17896,0.16935,0.16058,0.15217,0.14355,0.13664,0.13013,0.12432,0.12024,0.11575
2026-01-20 12:00:00,25467.5,0.09915,0.09916,0.09962,0.09945,0.09935,0.09996,0.1029164700224783,0.10582638105781361,0.10965,0.11489,0.12143,0.12857,0.13616,0.14475,0.2144469346750845,0.20503,0.19685,0.18735,0.1778,0.1687,0.15995973931385235,0.15162,0.14364100610972186,0.13647425217646225,0.13011,0.1244,0.12066,0.11678
2026-01-20 12:05:00,25450.2,0.09507,0.09683,0.09809,0.09795,0.09876,0.09977,0.10313406436106916,0.1057,0.1111,0.11635,0.12323,0.13027,0.13801,0.14649,0.21282,0.20368,0.1954,0.18582,0.17652,0.16785,0.1592,0.15096,0.14268,0.13606943602825797,0.12987,0.12479758589925313,0.1211,0.11695
2026-01-20 12:10:00,25433.1,0.1132,0.11044,0.10853,0.10653,0.10577,0.10538,0.1068,0.10975,0.1145,0.11952,0.12627,0.13302,0.14059,0.14884,0.213,0.20233,0.19356,0.1843,0.17496948497431247,0.16616,0.15694,0.14880770428777204,0.14095614152512617,0.13388945896680968,0.12756148166908596,0.12199005797088715,0.11718,0.11337
2026-01-20 12:15:00,25439.15,0.10619,0.10565,0.10417227782311149,0.10336,0.10326,0.10351,0.10532,0.10852,0.11348,0.11845,0.12495,0.13179,0.1390700005793676,0.14682,0.2137,0.20348,0.19506,0.18538,0.17628,0.16673695677328104,0.1577,0.1494241707745433,0.14148,0.13493,0.12875,0.1233,0.11945346811780168,0.11675111275344333
2026-01-20 12:20:00,25436.4,0.10957212197403192,0.10664951117136,0.10402,0.10292,0.10264,0.10362837897765353,0.10571600409279673,0.10879428517408718,0.11297,0.11805,0.12472,0.13187,0.13929,0.14763,0.21345,0.2039429874171419,0.19443863811703027,0.18483095650456316,0.17538,0.16608,0.15717,0.14894,0.14065,0.13405,0.12774,0.12213,0.1182,0.11411
2026-01-20 12:25:00,25423.6,0.1208,0.11588,0.11273,0.1099,0.10793,0.10750833581135927,0.10829,0.11071,0.11518550456028966,0.12048,0.12691,0.13422,0.14152,0.14968,0.21102425887981907,0.20144,0.19343,0.18337,0.17426,0.16461,0.15543,0.14757,0.13902,0.13232,0.12569,0.11981,0.11584273144663916,0.11273419549044013
2026-01-20 12:30:00,25431.55,0.10947,0.10753486613879548,0.10553,0.10408,0.10356,0.10387,0.10576,0.1087,0.11373404296435309,0.11914,0.12623,0.13368,0.14167,0.15026,0.21327281336194698,0.20350514430263228,0.19397,0.1843,0.17522,0.16558,0.1569,0.1486,0.14075,0.13438,0.12794,0.1229897231988357,0.11926368864621754,0.11655793931588022
2026-01-20 12:35:00,25423.05,0.11528862206372613,0.11162,0.10934,0.10704753588592043,0.10628,0.10652548115149373,0.10810085759425468,0.11054,0.11542,0.12063,0.12713238799276508,0.13448383967421118,0.1426,0.15113,0.2112561947851873,0.20148,0.19346,0.18374,0.1743950636491115,0.1649,0.15614,0.14836,0.14033,0.13389,0.12714,0.12128,0.11678970010072114,0.11297
2026-01-20 12:40:00,25423.5,0.10643,0.10618,0.10515454664571737,0.10452,0.10418,0.1047,0.10697,0.11016,0.11521,0.12086407721156466,0.12754,0.13497,0.14277,0.15133,0.2106325285879124,0.20113,0.19265459157068957,0.18383,0.17468,0.1655107182990722,0.15647,0.14846,0.1408834132163857,0.1340654996806133,0.12806,0.12269,0.11854,0.11481
2026-01-20 12:45:00,25416.4,0.11852,0.11428,0.11149,0.10896,0.10773,0.10729,0.10892,0.11188,0.1167,0.12145,0.12829,0.13531,0.14295,0.1516,0.20923010772272674,0.19996,0.19164,0.18237,0.17329,0.16428840043650403,0.15550860548132048,0.14701,0.13937,0.13277,0.12663,0.12093,0.11667,0.11403954702612347
2026-01-20 12:50:00,25426.5,0.11311,0.11122,0.10906,0.10681,0.1061851775669073,0.10587,0.10744,0.11062,0.11480220027202592,0.11979,0.12619431868548062,0.13337,0.14056,0.14862,0.21124,0.202,0.1928,0.18391,0.17441452852460357,0.16542,0.15643,0.14851,0.14039,0.13381,0.12721,0.12141,0.1171,0.11314
2026-01-20 12:55:00,25428.95,0.1147,0.11217,0.10878728568195907,0.10689,0.10592,0.10607,0.10751,0.11028,0.11486,0.11946,0.1261,0.13324,0.14029,0.14881,0.21106,0.20141,0.19312,0.18387,0.17481,0.1652,0.15629,0.14784,0.13991,0.13364,0.12696,0.121350200262629,0.11649,0.11241
2026-01-20 13:00:00,25428.55,0.11009,0.10856,0.1069,0.10542,0.1045,0.10516,0.10747497416973922,0.11049686886988504,0.11462,0.11955,0.12619,0.13349,0.14089271993482955,0.14912,0.21205,0.20330487018709964,0.1943,0.18527,0.17579774389016384,0.16656,0.15769,0.14962,0.14138,0.13494,0.12799,0.12204,0.11751,0.11385389420392956
2026-01-20 13:05:00,25423.7,0.11124,0.10857748433139111,0.10656420400312387,0.10539,0.10456649912218907,0.1048,0.10666,0.1096,0.11432,0.11944,0.12623,0.13368,0.14102,0.14876164083522317,0.21158,0.20228,0.19419,0.18511,0.1755711718041068,0.16629,0.15714,0.14924,0.14094,0.13456,0.12772,0.12212760996424615,0.11728,0.11361
2026-01-20 13:10:00,25424.7,0.1078,0.10677,0.10565,0.10431,0.10396,0.1043,0.10644,0.10939,0.11410538308784147,0.11943,0.12599,0.13342,0.1410632139419193,0.14945,0.21222,0.20243,0.19385821481991505,0.18492,0.17599,0.16618,0.15772946978202368,0.14959,0.14143,0.13437958352151974,0.12811,0.12231,0.11771286493448317,0.11415
2026-01-20 13:15:00,25413.05,0.11784199518662915,0.11396,0.11111,0.10903,0.1073,0.10742,0.10895,0.11184,0.1160440923198291,0.12138,0.12765215234422228,0.13515,0.14205,0.15068,0.2115,0.2026441912956518,0.19348,0.18399,0.17438,0.16511,0.15615,0.14777,0.1402760003572892,0.13339,0.12652,0.12102622812438743,0.11602850044577633,0.11188
2026-01-20 13:20:00,25432.95,0.10549,0.10521,0.10463,0.10332,0.10306,0.10452293979128324,0.10583,0.10895,0.11362,0.11883328131322564,0.12488444341374776,0.13176,0.13839,0.14622,0.21272,0.20298,0.19458,0.18595,0.17630179101706783,0.16723,0.15861,0.15051,0.14280708792197228,0.13619,0.12938,0.12385,0.11922462502872364,0.11571
2026-01-20 13:25:00,25422.0,0.11166,0.11031,0.10826,0.10659,0.10591,0.10591,0.10803763907327023,0.11048,0.11505,0.11937,0.12564,0.13239,0.13918,0.14686,0.2116828607429895,0.20228,0.1938,0.18471931997567279,0.17549,0.16598,0.15731,0.14858,0.14068,0.13395978346175325,0.12769,0.12213,0.11758385788451187,0.1139
2026-01-20 13:30:00,25415.05,0.10348,0.10326,0.10286,0.10234,0.10244,0.10378,0.10643,0.10968,0.11459037262997601,0.11975,0.12607,0.13332,0.14008,0.14774,0.21187,0.20201,0.19422,0.184511153110364,0.17533,0.16572,0.15696,0.14927,0.14108,0.1345807677969508,0.12852,0.12334871170051914,0.11927,0.11595
2026-01-20 13:35:00,25392.3,0.10629,0.10578,0.10436,0.10439,0.10435,0.10572,0.10892464219938691,0.11231,0.11748,0.12272,0.12934,0.13666,0.14399,0.15221,0.21263,0.20288,0.19494,0.18565,0.1764,0.1668,0.15868,0.15101,0.14296,0.13658,0.13079,0.12511,0.12114,0.11826656024092742
2026-01-20 13:40:00,25365.4,0.1195,0.11614,0.11303,0.11111,0.10982,0.11059,0.11295,0.11636,0.12121,0.1265,0.13288,0.14036,0.14718,0.15527,0.21168723682476107,0.20149,0.19393,0.18288,0.17352,0.16381,0.15514,0.14686,0.13959341652798138,0.13282,0.1262,0.12081,0.11626966019388628,0.11217
2026-01-20 13:45:00,25372.15,0.11362,0.11193,0.10892,0.10755,0.10657,0.10757,0.11044,0.11415,0.11937,0.12474,0.13185,0.13917,0.14658,0.15474,0.21139,0.20267,0.1937667854428123,0.18461,0.17568,0.16583,0.15762359684090296,0.14928,0.14203863731402044,0.13548,0.12896,0.12333,0.1187,0.11453
2026-01-20 13:50:00,25364.1,0.12004034725361933,0.11542,0.11178948027374866,0.11015,0.10898,0.10929,0.11172,0.1156,0.1204419012486064,0.1263036128849213,0.13298,0.14043,0.14763,0.15575,0.21097,0.20219,0.19322239530714486,0.18401693186844661,0.1748170925215331,0.16566486244448475,0.15701,0.14852477330647568,0.14016,0.13401,0.12738,0.12171,0.11726,0.11303
2026-01-20 13:55:00,25368.4,0.12035959366282986,0.11596,0.11201399038046735,0.11014,0.10897274044407863,0.10947,0.11184,0.11536,0.12047,0.12582,0.13258,0.13973,0.14713,0.15527,0.21065,0.20234,0.19506,0.18455,0.17557,0.16568,0.15733596940824413,0.14869,0.14079,0.13478,0.12791,0.1224,0.11736,0.11303
2026-01-20 14:00:00,25369.7,0.11619995094585542,0.11201,0.10893,0.10744,0.10673,0.10818,0.11086,0.11473,0.12021,0.12573718361199915,0.13214,0.1396,0.1468,0.15515,0.21334,0.20365,0.1959,0.18599573979043701,0.17648451670718412,0.16678,0.15798,0.14922,0.14073,0.13489,0.13124844101733898,0.13121945827568027,0.13527455097421404,0.14276473775549098
2026-01-20 14:05:00,25359.55,0.11522258301787801,0.11154,0.10917,0.10798,0.10734,0.10897,0.11175,0.11592,0.12161,0.12711345761278373,0.13384,0.1413,0.14938722718374028,0.15808,0.21297468664271327,0.20364,0.19509,0.18532,0.17684,0.16732,0.1586,0.14999,0.14228,0.13639,0.12966,0.12411,0.11977,0.1168930059029648
2026-01-20 14:10:00,25355.15,0.1183,0.11485,0.11245,0.11044262686776618,0.11,0.1113614425785503,0.11373,0.11751,0.12316,0.12865828291725312,0.13541487555186235,0.14273025194449657,0.15054,0.15889,0.21223,0.20319,0.1941707514536636,0.18513,0.17608553633761845,0.16724,0.15862,0.15035810475826908,0.14221,0.13597,0.12932,0.12358144225004554,0.1186728544168106,0.11436
2026-01-20 14:15:00,25366.45,0.11360416922501544,0.11021,0.10831272759673274,0.10745,0.10704,0.10866,0.11137,0.11521,0.12047237695538499,0.12634,0.13298,0.14036411555707284,0.14814,0.15630702257032797,0.21097256649606544,0.20194,0.19271,0.1841641467718896,0.17576,0.16672,0.15844,0.1506228650308495,0.1432448806260155,0.13675,0.13014,0.12492734959539323,0.12065,0.11665
2026-01-20 14:20:00,25356.3,0.12201,0.11807,0.11446241203828329,0.11293,0.11176,0.11265691378162114,0.1147,0.11805,0.12277,0.12807,0.13424,0.14166,0.14925,0.1573754837673294,0.21,0.20085,0.1926,0.18335,0.17458,0.16573,0.15718,0.14903,0.14153,0.13538,0.12847,0.12274,0.11845,0.11392
2026-01-20 14:25:00,25378.65,0.12105,0.117,0.11277815320449913,0.11102,0.10963,0.11063,0.11258,0.11623588821173221,0.121,0.12604,0.13239,0.13931,0.14648,0.15474,0.21293,0.2034,0.19521,0.18582756310385276,0.17705,0.1674,0.15813,0.14975,0.14234308129827877,0.13547,0.12861,0.12265,0.11805,0.11323
2026-01-20 14:30:00,25385.8,0.11073,0.10874,0.1067000669360711,0.10574098831085775,0.10555,0.10716,0.10981641240695546,0.11346,0.11825243134464336,0.12355,0.13016,0.13685,0.1441570918385645,0.15174169261483283,0.21419,0.20425,0.19575072595608944,0.18659,0.17846,0.169,0.16006,0.15221,0.14499392991012497,0.13853,0.1319,0.12654,0.12214,0.11784
2026-01-20 14:35:00,25374.45,0.10874,0.10747,0.10589,0.10523,0.10554934305928274,0.10647,0.10924,0.11288,0.11790933425504498,0.1233,0.12981,0.13652791471808767,0.14366,0.1516,0.21543,0.20562,0.19772,0.18902,0.17987,0.1709,0.16238,0.15404,0.1468527953163176,0.14024,0.1337492825868978,0.12795,0.12368,0.11927
2026-01-20 14:40:00,25356.7,0.11121793752654044,0.10881,0.10683,0.10575356904662138,0.10637,0.1082,0.11121,0.11492,0.12054,0.12572,0.13238,0.1394,0.14656,0.15455,0.21659713732471192,0.20743,0.19928,0.18959,0.18121,0.17213,0.16356,0.1549,0.1474,0.14077,0.13453,0.12876,0.12406,0.11977
2026-01-20 14:45:00,25345.55,0.11529,0.11294,0.11041,0.10866204158773668,0.10864,0.10987,0.11265,0.11615,0.12132537014396398,0.12709336995560241,0.13376,0.14068,0.14752,0.15514,0.21677,0.20717,0.19801,0.1883,0.17987,0.16997,0.16096,0.15256,0.1453587769387361,0.13852,0.13195,0.12642,0.12178,0.11732
2026-01-20 14:50:00,25348.5,0.10425,0.10393,0.10305,0.10268089446475771,0.10348,0.10534,0.10893,0.11342888804400257,0.11893,0.12412,0.1315,0.13842,0.14581,0.1543,0.21856,0.20883,0.19900526938425586,0.18946,0.18001459225748842,0.17097,0.16189,0.153,0.14558,0.1391,0.13254,0.12726149892899483,0.12282,0.11963475671823384
2026-01-20 14:55:00,25335.5,0.09571,0.09742,0.09848,0.09992,0.101,0.10445,0.10817,0.1129,0.11893301585261472,0.12474,0.13244,0.13951,0.14673,0.15479,0.21849,0.20916531389875345,0.19942310680652497,0.1895589547152294,0.18023,0.16993,0.16071,0.15238,0.14526,0.13876,0.13306,0.12801,0.12455,0.12171
2026-01-20 15:00:00,25288.25,0.1044,0.10407,0.10406,0.10487,0.10667487682832762,0.10966,0.1139,0.11894,0.1255,0.13158201093753802,0.13883607904112122,0.14653,0.15421247962666235,0.16265,0.2131,0.20251,0.19301,0.18224,0.17393,0.1639,0.15496,0.14722,0.14049,0.13464,0.1292105123536161,0.12433,0.12107,0.11819
2026-01-20 15:05:00,25289.95,0.09939098715892053,0.09853,0.09973,0.10149,0.10418,0.1078,0.11255,0.11733,0.12391,0.13031669838576085,0.13756317809719326,0.14491,0.15284,0.16084,0.21652,0.2060721516347765,0.19639,0.18535,0.17685,0.167146995431964,0.15847,0.15071,0.14413,0.13867,0.1335,0.12859,0.12557399751081477,0.12319
2026-01-20 15:10:00,25245.35,0.09945,0.10038781132672667,0.10226927837884892,0.10516,0.1089,0.11311,0.11855,0.12392414123992705,0.13062,0.13692362332963998,0.1442,0.15119,0.15931,0.16759,0.21653,0.2042,0.19461,0.18401,0.17462,0.16597663413355007,0.1576,0.15086,0.14497,0.14046,0.13613,0.13301,0.13092,0.129709341152353
2026-01-20 15:15:00,25238.75,0.10515,0.10596,0.10699,0.10871,0.11216,0.11622275361399734,0.12091,0.12630184788176618,0.13268054186325234,0.13918,0.14640678611316496,0.15373,0.16161,0.16897,0.22738,0.21506,0.2033586880390865,0.19277,0.18157156052301707,0.17182,0.16316,0.1550872806515093,0.14824,0.14265,0.13722441673239202,0.13321,0.13012728234265583,0.12772480113031903
2026-01-20 15:20:00,25191.85,0.12125,0.11886,0.11737,0.1178218634240801,0.11975,0.12279685213137026,0.12685,0.13185,0.13761,0.14411,0.15051,0.15709,0.1645130942689458,0.17198,0.2210617780944349,0.20918,0.20017,0.18901,0.17854649887296775,0.16855,0.15906,0.15078852630809397,0.14289,0.13612,0.13026,0.12498,0.12099,0.11734
2026-01-20 15:25:00,25185.2,0.13976112403518665,0.13363217540926595,0.1297,0.12673,0.12581,0.12786,0.12951,0.13428379831745307,0.13935,0.14396,0.15083516244817768,0.15751,0.16495,0.17189,0.21891363078263257,0.2088,0.19656,0.18717,0.17528,0.16647,0.15823,0.15255,0.14239,0.1339,0.12805,0.12057,0.11524,0.11107777160162388
2026-01-21 09:15:00,25171.75,0.1642496613099277,0.15294,0.14775620493292047,0.14119,0.13853,0.13825,0.1395,0.14351559366273506,0.14727,0.15271,0.1594964043929649,0.16575,0.17272,0.18004,0.22163,0.21205,0.20214,0.19239,0.18253,0.17277,0.16299,0.15324,0.14406,0.13532,0.12661,0.11838,0.11024,0.10135
2026-01-21 09:20:00,25204.0,0.14489,0.13684,0.13149,0.12897,0.12792,0.12825,0.13111,0.13522,0.14083,0.14681,0.15371,0.16135,0.16841,0.17651,0.22981,0.21958485834355523,0.20887,0.19878,0.18866,0.17833441453799134,0.168597023784138,0.15893,0.14964,0.14123,0.13293,0.12507,0.11766,0.11031
2026-01-21 09:25:00,25249.5,0.11239,0.11070091029688212,0.10841,0.1092,0.11136390757458646,0.11359,0.11891708173418568,0.124,0.13056,0.1378,0.14569,0.15395,0.16214,0.16992,0.23932,0.22872,0.21839077806077284,0.20844,0.19844,0.18774254114612723,0.1780409563205514,0.16883,0.15985,0.15212,0.14385,0.13775,0.1322,0.1272354214346596
2026-01-21 09:30:00,25231.8,0.13669,0.12892323192254715,0.12412,0.12087,0.12038,0.12144205016028375,0.12475,0.12956,0.13608,0.14246,0.15005,0.15783,0.16532,0.17285,0.236330438854096,0.22560808547424485,0.21497926656049535,0.20422,0.19388,0.18338,0.17313036994939784,0.16297,0.15255,0.14322,0.13429,0.12583,0.11875,0.11057
2026-01-21 09:35:00,25229.95,0.11448777729483534,0.11103006537685231,0.10846,0.10857,0.11074714038154494,0.11357,0.11819,0.12409,0.1309,0.13852,0.14714409872993872,0.1555,0.16438,0.17241,0.2393,0.2281408510817506,0.21739,0.20703,0.19616574926505692,0.18647,0.1758,0.16575,0.15633,0.14788,0.13944,0.13261,0.12591,0.12057
2026-01-21 09:40:00,25195.85,0.1288094437030326,0.12386,0.12034,0.11914,0.11944,0.12178,0.12572,0.13084822080975939,0.13744,0.14442,0.15206,0.1599146606969874,0.16806831316222098,0.17625,0.23126,0.22039,0.20921,0.19894,0.18912,0.17868,0.1683389369377745,0.15788,0.14814,0.13936,0.13038,0.12255,0.11511,0.10884735331208009
2026-01-21 09:45:00,25195.8,0.12734614944092093,0.12241,0.11905,0.11758,0.11845550057262072,0.12115,0.12508,0.13066,0.13676293643534584,0.14369,0.15164,0.15957345106056345,0.16779,0.17631,0.22998575206440044,0.21955,0.20885,0.19846665519379614,0.18822,0.17803,0.167860905625232,0.15791,0.14843,0.1399,0.1314,0.12326,0.11657,0.10994
2026-01-21 09:50:00,25185.15,0.12236,0.11795,0.1156304997185148,0.11528,0.11662060151042614,0.11966,0.12440988845731485,0.1304,0.13697,0.14439,0.15238,0.16083,0.16916,0.17729,0.22539,0.21541,0.20434,0.19499,0.18528,0.17565,0.16525,0.15601,0.1469,0.13844074860806574,0.13028,0.12305753630178536,0.11641,0.11009
2026-01-21 09:55:00,25177.9,0.11379,0.11152,0.11084544829195128,0.11141,0.11346,0.11718,0.12215,0.1284,0.1355997091116411,0.14351696686144313,0.15195646839067584,0.16066,0.16945,0.1787999196453523,0.22504,0.21521,0.20467,0.1950331322467635,0.18534402215920562,0.17627,0.16640591624523893,0.1575,0.14867,0.14081,0.13313565051552137,0.12667,0.12103,0.1157
2026-01-21 10:00:00,25151.55,0.12546,0.12079352686680504,0.11875573939371167,0.11892,0.11961,0.12284,0.12739,0.13308,0.13961,0.14673,0.15487,0.16346,0.17209,0.18073055264045743,0.22193,0.21176,0.20182919581323727,0.19167,0.18148,0.1718,0.16211,0.15239,0.14399,0.13558,0.12784,0.12142,0.11492005230069573,0.10876
2026-01-21 10:05:00,25168.3,0.11858836285066766,0.11538,0.11423,0.11445,0.11681651874251163,0.12028275678436422,0.12495995630602175,0.13075,0.13746,0.14494,0.15349,0.16138,0.16973,0.17714,0.22286,0.21264,0.20243,0.19279,0.18268,0.17313,0.16324,0.1546,0.1458,0.13816,0.13112,0.12476,0.11912,0.11439
2026-01-21 10:10:00,25142.55,0.12749,0.12315,0.12023,0.12039,0.12189,0.12482,0.12961629588767545,0.13563,0.14202,0.14943709955540666,0.15767,0.16529,0.17225,0.18029,0.21797,0.20761,0.1978968574794302,0.18776,0.17788,0.16848,0.15900716938632187,0.14989,0.14065,0.13289,0.12515,0.11804,0.11153,0.10527
2026-01-21 10:15:00,25145.8,0.12333,0.11947,0.1175,0.1173822803419192,0.11928,0.12282,0.12764,0.13377,0.1409,0.14844852666917754,0.15653,0.16493,0.1719,0.17995,0.22032,0.21,0.200056362035406,0.18993,0.1799089435219228,0.17012,0.16051,0.15150273012134416,0.14282397119345192,0.13445,0.12696,0.1204,0.11402,0.1085
2026-01-21 10:20:00,25143.35,0.1079,0.10745,0.1083,0.11044,0.11423,0.11960731549099544,0.1254,0.13227,0.14021,0.14801,0.15664,0.16499,0.17225,0.18071,0.22032,0.21089,0.20145,0.19248,0.18309,0.17442,0.16525,0.15763,0.14974,0.14271,0.13565,0.13077,0.12584,0.12255
2026-01-21 10:25:00,25100.4,0.12159,0.11908,0.11899,0.1201,0.12283,0.12703646793164675,0.13228,0.13878,0.14571,0.15384,0.16191223184680906,0.17048,0.17831,0.18593,0.21872,0.2089,0.19884,0.18907,0.17952,0.16994029589631082,0.16056,0.15206,0.1438,0.13602,0.12931,0.12317,0.11782422591267648,0.11316
2026-01-21 10:30:00,25093.35,0.12211489986472278,0.12031,0.11937,0.12075,0.12372,0.1282,0.13354,0.13998719482964342,0.14693,0.15483,0.16325,0.17116295885871993,0.17904858142572652,0.18642,0.21712,0.2065,0.19696,0.18695,0.1772368482424532,0.1679,0.1584,0.14965,0.1415,0.13393237630731294,0.1269121874715948,0.12053,0.11435,0.10948
2026-01-21 10:35:00,25094.5,0.11848,0.1171,0.11731,0.11929668147392673,0.12269291673150956,0.12727,0.13311028328899327,0.13976373465819228,0.147,0.15472,0.16342,0.17133,0.17914,0.18757,0.2166,0.20606,0.19642,0.18667,0.17674,0.16751,0.15878456355953485,0.15015,0.14241,0.13525,0.12902,0.12337,0.11888,0.11551409196014814
2026-01-21 10:40:00,25076.8,0.11202955747857692,0.1126,0.11566761365558238,0.11919,0.12378,0.12957,0.13582,0.14283,0.14989,0.15783,0.16683,0.1749781407581475,0.18316,0.19098,0.21921,0.21009,0.20117,0.19196,0.18307333685888535,0.1754,0.16699,0.16,0.15276,0.14706,0.14167813410938443,0.13814,0.13602,0.13435
2026-01-21 10:45:00,25011.65,0.12991,0.12886,0.12996,0.13271,0.13656,0.141353064575022,0.1476,0.15431,0.16135,0.16871,0.17751,0.18442,0.19225748815040777,0.199976146803855,0.2134,0.20348,0.19441,0.18465,0.17497,0.1664,0.15781,0.14998,0.14243,0.13656226061816867,0.1304146087358459,0.1243,0.11945,0.11484
2026-01-21 10:50:00,25009.05,0.1201,0.12206,0.1260004026470115,0.1298,0.13479,0.14106594134878153,0.14727,0.15463597319407268,0.16232,0.16956,0.17816,0.18631,0.1941961656964172,0.20172,0.22256,0.21319,0.20412,0.19450154571742553,0.18603,0.1770352880336825,0.16924447202092766,0.16208789289257902,0.15621,0.1511,0.1474,0.14463,0.14192,0.14173
2026-01-21 10:55:00,24957.3,0.14328,0.14073858043155874,0.14171,0.14384,0.14722,0.1518,0.157,0.16274555076607142,0.16965,0.17684,0.18402009440008002,0.19209,0.19924,0.20689,0.22052,0.21080772330444722,0.20088,0.19093,0.18127,0.17177842251281641,0.16314,0.1544,0.14602,0.13843,0.1313168264026336,0.1235,0.11793475730096531,0.11216706225176802
2026-01-21 11:00:00,24996.3,0.1347,0.13404462010322143,0.13532,0.13812,0.14231,0.14755,0.15363,0.16007,0.16697,0.17401,0.18197,0.18865,0.19583,0.20379,0.22455,0.21423,0.20369720052109933,0.19389,0.18403,0.17468770505948328,0.16654,0.15824,0.15039087884903288,0.14372,0.13739199744451153,0.13204,0.12724,0.12338967000634196
2026-01-21 11:05:00,24985.75,0.13780123417570833,0.13763,0.13894,0.14137,0.1458,0.15085,0.1568,0.16288,0.16942,0.17636,0.18417,0.19065,0.19721,0.20514,0.2196,0.20915,0.19845764317674155,0.1881939833314862,0.17801,0.16867,0.16003280953986565,0.15128,0.14394,0.13636,0.12993,0.12302,0.11765973556833668,0.11277
2026-01-21 11:10:00,25017.2,0.14300855497825962,0.14085461196003768,0.14029,0.14097326765835536,0.14317,0.14704,0.15151,0.15734421109258928,0.16355,0.17047984743515526,0.1778,0.18489,0.1916,0.19977,0.22119,0.21052,0.20085,0.19069,0.18073,0.17053,0.1613,0.15209,0.1432,0.13358,0.12579698086446625,0.11749,0.11042,0.10185
2026-01-21 11:15:00,25046.1,0.14397,0.14016,0.13860239568993313,0.13908,0.14103,0.14436,0.14881,0.15391,0.15965,0.16606,0.17377,0.18004,0.18735,0.1947,0.22158,0.21124,0.20104,0.19101,0.18117,0.17146982498612956,0.16191,0.15273,0.14403,0.13539,0.12731,0.12038,0.11276,0.10637467769027005
2026-01-21 11:20:00,25060.3,0.13169,0.12981,0.1297,0.13102,0.13391,0.13809,0.14350828724670955,0.14952,0.15634826998258022,0.16346426344506473,0.17068,0.17767,0.18520836743195687,0.19253540899069363,0.22501,0.21546277819577753,0.20584,0.19596,0.18562,0.17611,0.16717,0.1585,0.14967,0.14173,0.13515,0.12908,0.12283,0.11697
2026-01-21 11:25:00,25041.3,0.12924,0.12753,0.12769,0.12964,0.13366,0.13824,0.14359,0.14983,0.15679,0.16395,0.17192,0.1789,0.18698,0.19456,0.22775,0.21815,0.20868,0.19892,0.18899,0.17966,0.17054,0.1622,0.15397901263461047,0.14682,0.139432991240139,0.13311,0.12778,0.123
2026-01-21 11:30:00,25041.05,0.13283,0.13058,0.13029181884900953,0.13195,0.13501,0.13941,0.1446353888480126,0.15084,0.15769918034369546,0.16494,0.1728,0.17992,0.18742,0.19495369510819274,0.22611,0.21648966454242669,0.20680032273799423,0.19713137045511062,0.18746,0.17814,0.1690283042779122,0.16022,0.15174,0.1437,0.13617,0.12995,0.12374,0.1176
2026-01-21 11:35:00,25049.35,0.13118,0.12936,0.12957,0.13118,0.13391,0.13844,0.14389,0.14995,0.15668,0.16404872839806467,0.17176,0.1791897341062639,0.18645,0.19453,0.22696,0.217235846471587,0.20769,0.19761,0.18773,0.17863,0.16983,0.16134,0.15297436712418194,0.14528,0.13856,0.13231,0.12686,0.12162
2026-01-21 11:40:00,25042.9,0.13383307556387236,0.13186,0.13145,0.13247,0.13537,0.13942675385803083,0.14483,0.1505,0.15708,0.16411,0.17186,0.17917,0.18658,0.19412,0.22612,0.21626,0.20649,0.19653,0.18629,0.177,0.16772,0.15908,0.15079,0.14328,0.13621822873523692,0.12979,0.12372,0.119172914437012
2026-01-21 11:45:00,25045.15,0.13392919359303326,0.13206,0.13134567125422372,0.13236,0.13523,0.13924,0.14427,0.1499,0.15644,0.16362,0.17162,0.1783,0.18635,0.1939,0.22687,0.21664,0.20673,0.19655,0.18659,0.17713,0.16783,0.15919,0.15081551749153116,0.14292,0.13557,0.12887,0.12235,0.11701115121656355
2026-01-21 11:50:00,25057.75,0.13374,0.13061,0.12978,0.1313,0.13417,0.13801,0.1433,0.14884,0.15563,0.16264,0.17054,0.17769,0.18521,0.19285,0.22699,0.217,0.20681732413214854,0.19683721180400543,0.18704,0.177440313752279,0.16813,0.15925,0.15112,0.14337,0.13526,0.12839,0.12245,0.11627
2026-01-21 11:55:00,25064.55,0.13047,0.1286,0.12848,0.12994,0.13295,0.13718,0.14238,0.14817,0.15471,0.16176,0.1697,0.17657,0.18406,0.19166,0.22742,0.21717,0.20707716126491785,0.19738,0.18712,0.17786,0.16849,0.15966,0.15122575682184933,0.14359864987125384,0.13634,0.12944115141866222,0.12378,0.11829
2026-01-21 12:00:00,25081.9,0.14194,0.13712,0.13497,0.13424,0.1353734136754377,0.13853,0.14254,0.14725709776233095,0.15337,0.15944,0.16694,0.17378,0.18123,0.18878,0.225,0.21461,0.2048,0.1945376030089145,0.1843951681170741,0.17414,0.16427,0.15487,0.14552,0.13740635374939936,0.12910849229123247,0.1206,0.11306,0.10483
2026-01-21 12:05:00,25117.2,0.12873,0.12563,0.12408,0.1252704374660618,0.12718,0.13056,0.1351,0.14051,0.14695,0.15358,0.16090204692585308,0.16809,0.17581,0.18372,0.2282744300250067,0.21847,0.20894,0.19888603266063282,0.18906,0.17998,0.17017,0.16139,0.15266,0.14483,0.13702,0.13023,0.12375,0.11802
2026-01-21 12:10:00,25113.35,0.13919,0.13376,0.13116,0.13082,0.13145,0.13404,0.13797,0.14292952797562197,0.14912,0.15502,0.16263,0.16926,0.17671,0.18404914475235398,0.22408,0.21377,0.20384,0.19381906989995706,0.1841687407154991,0.17402,0.16463,0.15525,0.14665,0.13796,0.12963,0.12258,0.11500525693043187,0.10767
2026-01-21 12:15:00,25129.25,0.14212,0.13645,0.13254512155461756,0.13138,0.13217,0.13425093332622534,0.13796,0.14234,0.1479,0.15374,0.16084,0.16697,0.17331,0.18063,0.2263031725316619,0.2158,0.20614,0.19586,0.18605528974366825,0.17534,0.1656,0.15635,0.14722,0.13817,0.13001,0.12186,0.11408,0.10638
2026-01-21 12:20:00,25163.0,0.13704,0.13153,0.12777591093602275,0.12705,0.12762615119853474,0.13013541322299965,0.13361,0.13822,0.14354,0.14955,0.15667,0.16309257321471848,0.16958,0.17664,0.23038,0.22027,0.21058,0.20048,0.19102756652630035,0.18101,0.17114,0.162,0.15272,0.14432,0.13626,0.1279,0.12078522490903496,0.11349
2026-01-21 12:25:00,25166.9,0.11646,0.11482,0.11454,0.11565,0.11826,0.12276404329989068,0.12722,0.13303,0.13967,0.14655,0.15443,0.16135,0.16878,0.1764338992171027,0.23888,0.22894,0.21883440053045497,0.20945,0.19993,0.19064,0.18145,0.17226780198040162,0.16386676084300358,0.155981127991353,0.14943,0.14255,0.13679,0.132
2026-01-21 12:30:00,25153.65,0.14411,0.13677128356772913,0.13294,0.13066,0.13051,0.13202,0.13485465528305332,0.13924,0.14482,0.1501,0.15725,0.16402,0.17046,0.17743,0.23409,0.22385,0.21446,0.2047078870863512,0.19463814056326556,0.18477,0.17467,0.16519,0.15566,0.14664,0.13804,0.12914,0.12071,0.11267
2026-01-21 12:35:00,25191.3,0.1472,0.14047,0.13539,0.13212,0.1314381509377488,0.13255,0.13494,0.13883,0.14335,0.14828,0.15471,0.16102,0.16735428020789095,0.17383,0.2341,0.2241,0.21447704542148988,0.2048617041850422,0.19469,0.18542,0.17552,0.16609,0.15689,0.14758,0.13896,0.13075,0.12259,0.11461
2026-01-21 12:40:00,25225.6,0.13617775585836944,0.1311,0.1277967023273016,0.12561,0.12506,0.1262,0.12875,0.13256018237418127,0.13711,0.14219,0.14804,0.15492,0.16058,0.16847,0.24091,0.23056,0.22149,0.21174,0.20221,0.19333,0.18365,0.17469905946611175,0.16626,0.15742570649124182,0.1492226806509509,0.14166,0.13429,0.1274
2026-01-21 12:45:00,25260.15,0.14866,0.14045365177264416,0.13502,0.13106,0.12889,0.12878,0.1305454175982122,0.13345,0.13754,0.14228,0.14755436948786715,0.15331,0.15916,0.16562,0.24406688085750572,0.23445,0.22483,0.21557,0.20544,0.19649,0.1868933596287609,0.17763,0.16816,0.15944,0.15062,0.14206,0.13387,0.12606
2026-01-21 12:50:00,25266.0,0.1499259536363856,0.14299,0.13659,0.13214371214623824,0.13001154692987865,0.12986,0.13099,0.13379,0.1377,0.1423,0.14736,0.15339,0.15914,0.16617,0.2475885759325658,0.23813,0.22897,0.21941926802598602,0.2098,0.20057,0.19091,0.182,0.17238,0.16351,0.15473,0.14632,0.13756,0.12958
2026-01-21 12:55:00,25281.8,0.13917,0.13324774416907098,0.1287956304906914,0.12593,0.12491846591127805,0.1254955405001866,0.12724652706891917,0.13017724689636823,0.13403,0.13891,0.14462,0.15084,0.15753,0.16444256166794186,0.25027,0.24056,0.23144,0.22236,0.2125,0.20318,0.19394,0.18479,0.17522,0.16673,0.15789,0.14926,0.14108,0.13375
2026-01-21 13:00:00,25281.3,0.13807,0.13319,0.12776,0.12551,0.12366,0.12413,0.12643,0.12955,0.13415,0.13929842718544178,0.14535,0.15225,0.1586,0.16594,0.25099,0.2412,0.23143,0.22218,0.21278,0.20316,0.19335,0.18437,0.1752374786383357,0.16630741830149304,0.15764,0.14886,0.14094,0.13318
2026-01-21 13:05:00,25288.85,0.12164,0.11875,0.11667,0.11569,0.1168223595959987,0.11798,0.1212,0.12532,0.13069,0.13647,0.14268,0.1498970470036089,0.15705418915773892,0.16431,0.2516930436532171,0.24229166856804224,0.23312,0.22367731175025338,0.21469,0.20515,0.19551,0.18666,0.17799,0.1693,0.16109,0.15329,0.14588,0.13943
2026-01-21 13:10:00,25221.5,0.14555,0.13388,0.13292,0.12941,0.12723,0.12818,0.1294821162696406,0.13326,0.13677,0.14244,0.14854061965048707,0.15601,0.16247,0.17012,0.24334,0.23292,0.22424,0.21525,0.20452,0.19612,0.18546,0.17645,0.16852,0.15804,0.14967,0.14177,0.13249,0.12413
2026-01-21 13:15:00,25225.05,0.1338,0.12896,0.12545090672866313,0.12326,0.1228,0.12402,0.126669036973579,0.13065,0.13568,0.14121,0.14793,0.15501,0.16172,0.16931,0.24435,0.23512,0.22589,0.21678,0.20749,0.19819,0.1889776322144734,0.18004,0.1711,0.1628,0.15452,0.14636,0.13888,0.13236
2026-01-21 13:20:00,25225.7,0.12872,0.12486,0.122309870949032,0.12081,0.12085,0.12246,0.12556,0.12964,0.13486,0.14077,0.14749375506267812,0.15468,0.16132,0.16885,0.24658817454907522,0.23721523073508394,0.22782,0.21895,0.20902,0.19978,0.19047,0.18129,0.17238948151817898,0.16424,0.15583422705240918,0.14833,0.14156,0.13545
2026-01-21 13:25:00,25205.25,0.1344328876004563,0.1299,0.12663,0.12487,0.12494,0.12609367272539518,0.1291,0.13326,0.13793059446229944,0.14405,0.15016,0.15713903150433797,0.16463,0.17223,0.24316,0.2337,0.22373,0.21445,0.20476617765644128,0.19517899121556836,0.18538,0.17635,0.16764,0.15913,0.1512,0.1440507506611866,0.13714526342635555,0.1304
2026-01-21 13:30:00,25215.7,0.11697495461273082,0.11531743979028936,0.11384,0.11439,0.11611,0.11898,0.12333177152623437,0.12793,0.13384,0.14041,0.14769010881286143,0.1549871963889391,0.16265,0.17059,0.24707,0.23815,0.22832505242245252,0.21911,0.20948,0.20028,0.1906765954717565,0.18238,0.17411,0.16604,0.15871,0.15219,0.14655,0.14146
2026-01-21 13:35:00,25182.35,0.14827,0.13934,0.13698,0.1338,0.13289,0.13224,0.13451958441819403,0.1378,0.1423,0.14773,0.15379,0.16017608090999974,0.16719,0.17421,0.2376323137278575,0.22763,0.2182642291754912,0.20869,0.1986,0.18997,0.18004,0.17157,0.16251,0.15420145441805927,0.14590143330097105,0.13646,0.12972,0.12058
2026-01-21 13:40:00,25193.1,0.13324,0.12889048525109806,0.1257,0.12472,0.12518,0.12695,0.12987229498390235,0.13381,0.13901,0.14486,0.15121568292830284,0.1581,0.16516,0.17297,0.24104,0.23161,0.22252,0.21314,0.20345,0.19387,0.18456,0.17598,0.16709820402383438,0.15902,0.1515043641109268,0.14393,0.13706,0.13075
2026-01-21 13:45:00,25192.95,0.13211,0.12832,0.12516398826355804,0.12411,0.12448,0.12634,0.12935,0.1334971666499597,0.13859,0.14451,0.15095,0.15785,0.16523,0.17348,0.24175,0.23225,0.22274,0.21318,0.20349,0.19378,0.18417,0.17565,0.16677,0.15838,0.15082193299229174,0.14335,0.13649,0.13029
2026-01-21 13:50:00,25179.95,0.12507,0.1225,0.12106,0.12096,0.12254,0.12493,0.12858,0.13335,0.13902,0.1453503135011036,0.15218,0.15955,0.16688,0.1742,0.2418,0.23224,0.22298,0.21312,0.20354,0.19431,0.18498,0.1767,0.16826,0.1603,0.15311,0.14644,0.14051,0.13554122677193492
2026-01-21 13:55:00,25164.25,0.12508,0.1227,0.12142,0.12196970909172676,0.12362,0.12630629125469506,0.12986,0.13471,0.14081,0.14683,0.15375,0.16127,0.16886,0.17614,0.24014,0.23066,0.2216,0.21187,0.20207,0.19272996479020468,0.18361213679366886,0.17487,0.16677,0.15894,0.15212,0.14506,0.13935,0.13429
2026-01-21 14:00:00,25141.15,0.13137074191846637,0.12917,0.12692,0.12689,0.12849,0.1309,0.13466,0.13925,0.14488,0.15069,0.15765,0.16457,0.17215,0.17942,0.23441654711657453,0.2242,0.21511,0.2058,0.1961848544601278,0.18634,0.17715,0.16852,0.1606611790946144,0.15275,0.14567,0.139,0.13285939251917128,0.12701
2026-01-21 14:05:00,25151.55,0.12298,0.12147,0.11990672098563485,0.11955,0.12101,0.12406,0.12791,0.13284,0.13906,0.1456711278330241,0.15267,0.1606,0.16894,0.17762978634398446,0.23437,0.22453,0.21563,0.20635,0.19667,0.18761,0.17836,0.1695061659876198,0.16148,0.15407,0.14726,0.14125,0.1353544654554429,0.1311
2026-01-21 14:10:00,25141.05,0.12310821144439424,0.12105,0.12018,0.12055,0.12248,0.12586,0.12964,0.13475,0.14065945409308098,0.14735,0.15495,0.16301,0.17122861612491608,0.17987693531225382,0.23095,0.2211,0.21162657517641198,0.20219275050661772,0.19295,0.18376,0.1746921456129312,0.1659299394274999,0.15815,0.15046,0.14392,0.1377,0.13180765099365999,0.12778
2026-01-21 14:15:00,25139.05,0.14051,0.13525,0.13062307578458976,0.12945,0.12981,0.13115,0.1334983923882567,0.13773,0.14279,0.14837974394584624,0.15467,0.16227,0.16974,0.17697,0.22544,0.21577,0.20643,0.19658,0.18674,0.17739,0.16786,0.15897,0.15036,0.14252918161561295,0.13421,0.12632,0.11937,0.11216
2026-01-21 14:20:00,25178.3,0.11275137122199658,0.11156,0.11175,0.11306,0.11618758447576735,0.11962,0.12405,0.12924,0.13577,0.1422763581244412,0.14905,0.15704,0.165,0.17319960542535007,0.23348,0.22449,0.21495921810069155,0.20603,0.1965,0.18713042521063195,0.17844,0.17048,0.16261,0.15539678170411025,0.14925,0.14362,0.13928,0.13574
2026-01-21 14:25:00,25144.75,0.11203,0.11192,0.1129,0.11453,0.11751,0.12133,0.12644,0.13201,0.13842,0.14552,0.15314,0.16094,0.16956,0.17788101836949988,0.22976,0.22104027627789896,0.21204,0.20324,0.19409,0.18498,0.17631,0.16855,0.16094,0.154,0.14796799342381925,0.14231944679907768,0.13846,0.13469644099472977
2026-01-21 14:30:00,25130.1,0.13431634331259024,0.13148022984905375,0.13004,0.12881,0.12961,0.13109,0.13442,0.13863,0.14401,0.14972,0.15656,0.16347204452571582,0.17098,0.17869,0.22543,0.21582,0.20649,0.19662,0.18686,0.17739,0.16792,0.1591963760412374,0.1505387789468367,0.1418,0.13475351775055874,0.12673,0.11991,0.11289
2026-01-21 14:35:00,25146.5,0.12803859185154468,0.12594,0.1239,0.12393,0.12532,0.12787,0.13162730060321637,0.13605,0.1419,0.14795115821699462,0.15477,0.16188,0.16945,0.17727,0.22669,0.21725,0.20771,0.19788,0.18807764514631276,0.17837,0.16959,0.1609,0.1526,0.14483002252454427,0.13813382499448829,0.13126,0.12538,0.1206563919138197
2026-01-21 14:40:00,25152.35,0.1209536961670226,0.11893,0.11830614884881048,0.11882,0.12084,0.12401,0.1282907068927173,0.13315,0.13905,0.14561,0.15277009713051914,0.16013,0.16837,0.17615,0.22728,0.21766,0.20841482197774058,0.1993,0.18976621727388152,0.18086,0.17211,0.16388960110450568,0.1563092937302133,0.14926178113050995,0.14301,0.13732,0.13209,0.12786252242683796
2026-01-21 14:45:00,25149.7,0.12554,0.12304,0.12152980980181868,0.12183,0.1233,0.126,0.12989,0.13456235717124393,0.14041,0.14654844422466348,0.15357,0.16122,0.16874,0.17748,0.22466,0.21461,0.20589,0.19637,0.187,0.17806,0.16955,0.1615684596514017,0.15405,0.14697,0.14065,0.1347,0.12959,0.12474
2026-01-21 14:50:00,25153.5,0.11993635990477651,0.11866582576837784,0.1182,0.11874303188038213,0.12042,0.12336,0.1273656233586045,0.13215,0.13819,0.14432,0.15163,0.15918461542571766,0.16705,0.17562,0.22362,0.214211723385223,0.20483,0.19536,0.18592,0.17725,0.16877,0.16103,0.15363,0.14652,0.1403,0.1346287752526485,0.12976,0.12525
2026-01-21 14:55:00,25147.1,0.12119,0.11943681034651653,0.1192,0.11878,0.12095,0.12375797378577608,0.12738,0.13253,0.13854,0.1451264744105192,0.1525,0.16021,0.16788,0.17644,0.226,0.21577,0.20664,0.19663,0.187060148106872,0.17788,0.16911,0.16108,0.1528,0.146,0.13932,0.1337,0.12836,0.12385
2026-01-21 15:00:00,25160.2,0.1322044223841685,0.12829729535148363,0.12599,0.12423,0.12419638100202038,0.12612,0.1293,0.13273,0.13886,0.14424,0.15146,0.15934,0.16696716695112382,0.17493,0.22462,0.21481347042480564,0.20482,0.19468852926371422,0.18445,0.17483,0.16566,0.15701147935277587,0.1482,0.1406,0.13385430397441317,0.1271,0.12107650437634729,0.11472
2026-01-21 15:05:00,25171.7,0.11706,0.11539,0.1148,0.11552,0.11721,0.12017,0.1241,0.12894,0.13536,0.14201,0.14972112301100607,0.15794,0.16584,0.17458,0.22647,0.21712,0.20732,0.19776,0.18797,0.17885366339551897,0.17025,0.16227,0.15494,0.14792,0.14197,0.13652,0.13194,0.12824936538683263
2026-01-21 15:10:00,25159.7,0.11404,0.11283,0.11313,0.11384,0.11659,0.11997410058299254,0.12455731444874925,0.1298829584606622,0.1363,0.14291,0.15131,0.1595,0.16735,0.1759297011129619,0.22813,0.21813,0.20858,0.19826,0.18875,0.17947049096506917,0.17086,0.16272813773168368,0.1552073057799872,0.14858,0.14238,0.13678,0.1328,0.12917
2026-01-21 15:15:00,25148.5,0.11886512114432106,0.11725389968248144,0.11692,0.11701,0.1186385330880044,0.12157096563778956,0.12587,0.13072338526987667,0.13709,0.14341,0.1520105261078555,0.16095,0.16919,0.17746,0.22618,0.21597,0.20606,0.19582,0.18651643355316389,0.17725369114768705,0.16852,0.16038,0.1526,0.14546,0.13934503787830108,0.13377986218000834,0.12898,0.12484
2026-01-21 15:20:00,25154.25,0.11111,0.11098,0.11135102205087888,0.1123,0.11485987071161101,0.1183,0.12263,0.12762,0.13529,0.14189,0.15119,0.15955,0.16812,0.17634,0.2231080293520158,0.21398,0.20528,0.19525,0.18665,0.17793,0.16939,0.16151,0.15378,0.14632,0.1402121927707976,0.13498,0.1309,0.12696657798984753
2026-01-21 15:25:00,25150.7,0.12111,0.11857,0.11712,0.11677,0.1183,0.12103,0.12473,0.12919,0.13625,0.14187,0.15024927787373454,0.15893,0.16642,0.17481,0.22134217494630692,0.21134,0.20163,0.19141,0.18136826405158585,0.17105,0.16232,0.15362961925908047,0.14483,0.13698,0.13030863508952176,0.12394,0.11898,0.11399385725942009
2026-01-22 09:15:00,25332.45,0.10473,0.10204451187024555,0.10454,0.10521,0.10684,0.10947,0.11372,0.11836,0.12544,0.13242,0.14014,0.14997,0.15905,0.16873,0.2466482421803122,0.23565,0.22513,0.21365,0.20268,0.19258,0.1816,0.17114,0.16105,0.15211,0.14424,0.13698,0.13113,0.12802475914911812
2026-01-22 09:20:00,25329.3,0.11648152534847485,0.11259,0.11074,0.10979,0.11021,0.11218,0.11591,0.12018,0.12695,0.13378,0.14197,0.15047775464651117,0.15953,0.16876,0.24508,0.23367267013024773,0.22226610062574612,0.21083,0.19932,0.18830922892209315,0.17772,0.16692698838158812,0.15679,0.14767,0.13893823380481618,0.13125,0.1246,0.11798
2026-01-22 09:25:00,25334.05,0.14574748595536727,0.13823,0.13143,0.12538314397503403,0.12272509454569619,0.12234,0.12374,0.12643,0.13155,0.13711,0.1440417773426788,0.15203,0.1597,0.16864,0.24449,0.23292,0.22276,0.21093,0.19921,0.18794,0.17635,0.16546,0.15452,0.14538043975211493,0.13472,0.12604,0.11812910669134505,0.10968
2026-01-22 09:30:00,25400.35,0.1313,0.12552,0.11846,0.11584982799772875,0.11534,0.11588,0.11921237787679569,0.12335,0.12933992265008318,0.13597,0.14327,0.15129237128294618,0.1591,0.1679,0.29877,0.28957,0.27803,0.26802,0.25667,0.24469,0.23145,0.21741,0.20172186185780294,0.18732,0.17254552357608927,0.15864739668648437,0.14582,0.13137829068254617
2026-01-22 09:35:00,25415.7,0.12572,0.1196,0.11492,0.11249,0.11221,0.11558,0.12023,0.12671,0.13404,0.14122,0.14855,0.15675,0.16402,0.17148,0.30317,0.29661,0.28651,0.27848497773278896,0.26983,0.25848,0.24745,0.23456,0.22072,0.20666,0.19281,0.17783,0.16503,0.1509
2026-01-22 09:40:00,25405.7,0.12722,0.12223,0.11794,0.11543,0.11462,0.1168,0.12063,0.12524,0.1317016179227036,0.13851,0.14595149528684,0.15358,0.16068,0.16828,0.29928,0.2891,0.27712,0.2668901454351784,0.25601,0.24365,0.23047,0.21789395690935717,0.20472,0.19126,0.17853,0.16576,0.15406,0.14212
2026-01-22 09:45:00,25400.1,0.15452,0.14307,0.13348,0.12744,0.12418,0.12365,0.12604,0.12986,0.13537,0.14087,0.14796,0.15554,0.16312,0.1704,0.29,0.2793345346550605,0.26748,0.25775,0.24606703752850567,0.2343,0.22245,0.20936,0.19737,0.18456,0.17194,0.15918,0.14702,0.13419
2026-01-22 09:50:00,25430.85,0.10962,0.10808,0.10618,0.10596,0.10825498473946019,0.10993,0.11497594817653435,0.12013139962146936,0.12606,0.13221,0.13989,0.14755363457995446,0.15476,0.16298065680067841,0.2845,0.27354353990412167,0.26278,0.2528058560674318,0.24304,0.23201,0.22049,0.20827,0.19722,0.1857,0.17472,0.16332364525158408,0.15281034957916032,0.14369
2026-01-22 09:55:00,25385.65,0.13584006797131107,0.12983,0.12362,0.11927671074512644,0.11901,0.11909,0.12178,0.12571,0.13161,0.13658,0.14401,0.15158,0.15875,0.16661,0.2655,0.25452,0.24299,0.23352,0.22257,0.21122,0.19957,0.18796,0.17596,0.16584375929739176,0.15487735734153663,0.1444603281926925,0.1348,0.12521
2026-01-22 10:00:00,25404.05,0.10776,0.10582,0.1050601056364608,0.10378,0.10506491096311903,0.10659,0.11024,0.11494,0.12111,0.1282589656977634,0.13519,0.14291,0.15032,0.1592476252819419,0.26132,0.24963,0.23888,0.22953,0.21860839970983903,0.20862,0.19673,0.18526,0.17367,0.16390828426235837,0.15416,0.14472,0.13716,0.13127076649010166
2026-01-22 10:05:00,25387.2,0.11719,0.11299,0.11030657574787452,0.10822,0.10842,0.11023569146177441,0.11334426420837249,0.11733,0.12315,0.13026174012186353,0.13748,0.14503,0.1528201792790324,0.16041,0.26225,0.25061,0.23979,0.22998,0.21877,0.20853,0.19724,0.185171906336852,0.17356,0.16269,0.1527698855820941,0.14351,0.13446746852462352,0.12669
2026-01-22 10:10:00,25366.75,0.13658,0.12671420687257215,0.12072,0.1163676497012537,0.11568,0.11694,0.11915,0.12345,0.12918,0.13488,0.14178823341970298,0.14913563296418944,0.15688,0.16445,0.2575041733640802,0.24688,0.23518,0.22525,0.21450506485498794,0.2036547025197263,0.19267,0.18126764350159058,0.16968,0.15848,0.14853799292010356,0.13837,0.12908,0.12057
2026-01-22 10:15:00,25384.2,0.09766,0.09836040683721957,0.09829493255510072,0.09906,0.10208,0.10502,0.10997,0.11552,0.12304,0.12969,0.13847,0.14584,0.1535,0.16136,0.25894,0.2480418268561885,0.23735,0.22862,0.21919,0.20863,0.19703228227315697,0.18719,0.17595,0.16545,0.15665,0.14742,0.13901239629297574,0.13255
2026-01-22 10:20:00,25330.55,0.13469,0.12744,0.12068076551421043,0.11706936557220032,0.11599057625964743,0.11744,0.12075,0.12485247582945846,0.13132,0.13681,0.14468,0.15186,0.15964,0.16747,0.24705,0.23563,0.22598864123936033,0.21547,0.20534,0.19424,0.18383,0.17305,0.16197,0.15146,0.14198,0.13311,0.1253473123844187,0.11890738699604689
2026-01-22 10:25:00,25335.0,0.09628,0.09735,0.09889,0.10032,0.10334,0.10665,0.11183,0.11894146592835651,0.12565,0.1329,0.14153,0.14963997986228958,0.15712,0.16553,0.24,0.22985967841107566,0.2196934350724756,0.20926,0.19898751382213783,0.18905,0.17911,0.16988,0.1606,0.15157,0.1443,0.13825,0.13302,0.12882940633389853
2026-01-22 10:30:00,25273.25,0.13945,0.13166,0.12574,0.12204,0.12132,0.12241,0.12505669874745282,0.12998,0.137,0.14323996045312642,0.15175,0.15956,0.16779,0.17688,0.23624,0.22619,0.21609,0.20399,0.19332,0.18327280269482052,0.17284,0.16271,0.1521,0.14205,0.13349,0.12467,0.1169,0.10937
2026-01-22 10:35:00,25312.45,0.10656932644685611,0.10459921513889608,0.10407170178792739,0.10439,0.10721,0.11117,0.11637647038372527,0.12258,0.13031,0.13765,0.14618,0.15453,0.16222,0.17138,0.23916,0.22825,0.21796,0.20729,0.1962,0.18687,0.17646,0.16749,0.15827,0.14937,0.14221,0.13534,0.12967,0.12434683921309396
2026-01-22 10:40:00,25290.35,0.12122,0.11683,0.11428,0.11369,0.11429,0.117,0.12133678963946766,0.12689843051303926,0.13356811839524743,0.1408,0.14941,0.15731,0.16522,0.17431,0.23637,0.22582,0.21577,0.20398,0.19285,0.18294868669447195,0.17255,0.16337,0.15384372272643976,0.1446,0.13703,0.1298,0.12365463557508533,0.11738
2026-01-22 10:45:00,25288.95,0.1135,0.11212,0.1110990234501882,0.11126864675594955,0.11267,0.11627640977924197,0.12097,0.1269949173899281,0.13415,0.14106,0.14966,0.15788,0.1670931339134006,0.17630898546868112,0.23673,0.22663503096383636,0.21672,0.20513,0.1944,0.18474,0.17462,0.16521,0.15611,0.14677,0.1396,0.13244,0.12659633822996905,0.12065
2026-01-22 10:50:00,25270.45,0.11997,0.1154971483467763,0.11448,0.11425,0.11599,0.11920982686521389,0.12413,0.12997228691024462,0.13665128203244145,0.1441,0.15263,0.1603893650259025,0.16839,0.17794,0.23618,0.22588372425077416,0.21531,0.20447,0.1937,0.18389,0.17382074939173997,0.1641535119046086,0.15472011118849696,0.14588,0.13804,0.13106276150238688,0.12491890848884386,0.11856
2026-01-22 10:55:00,25267.3,0.0946,0.09808,0.10061,0.10451,0.10876,0.11403,0.12045,0.1278460770270988,0.13522,0.14329,0.15206,0.16066,0.16887,0.17887,0.23925,0.22912,0.21894926167987971,0.20926,0.19929872359802148,0.19022,0.18099,0.17219,0.16323801385617537,0.15599,0.14955,0.1433,0.13964,0.13687
2026-01-22 11:00:00,25234.85,0.1185,0.11694,0.11547,0.11648,0.11914,0.12277,0.12787,0.13398,0.14143,0.14793,0.15618,0.1639318279085535,0.1716,0.1813,0.23335,0.22333,0.21319,0.20304,0.19266,0.18352,0.17394360147061874,0.16501,0.15589,0.148,0.14095301548313532,0.13366,0.12873,0.12323
2026-01-22 11:05:00,25223.35,0.12387,0.12094,0.11987,0.12009450006425514,0.12217193364649145,0.12569,0.13042,0.1362969511127979,0.14347,0.15015,0.15785798909919194,0.16614,0.17361,0.18285,0.23148,0.22185,0.21166,0.20118,0.19055,0.18182,0.17225,0.1630940990223191,0.15447,0.14595,0.13901354518264886,0.1321,0.12579,0.12123
2026-01-22 11:10:00,25234.6,0.11783,0.11612,0.11572903853126523,0.11679,0.11961,0.12341,0.12878232232378742,0.1344,0.14175,0.14873407776327066,0.15632,0.16431,0.17175,0.18097,0.23386882256521038,0.22345,0.21361,0.20313,0.19275,0.1835889327561691,0.1751,0.16645,0.15833490019085056,0.1506723126130281,0.14371,0.13697,0.13114548011942756,0.12592666726555515
2026-01-22 11:15:00,25230.3,0.11734,0.11619,0.11596,0.11705,0.11987427160953412,0.12398,0.129370558075604,0.13488,0.14284,0.15014165040576655,0.15790531128063373,0.16565,0.17372145382713594,0.18196636354052667,0.23256,0.2226165991044351,0.21276,0.20203,0.19194,0.18226878542716862,0.1733,0.16454,0.15615,0.14857,0.14203,0.13552,0.13174,0.1269
2026-01-22 11:20:00,25224.65,0.137,0.13082,0.12749,0.12654,0.12667878031965285,0.12968,0.13375,0.13862705908994855,0.1452,0.15148,0.1587,0.16648,0.17362,0.18287,0.22973,0.21929362860738388,0.20875,0.19782,0.18693,0.17738,0.16773,0.15831,0.14919,0.1414558892054372,0.13372277790358061,0.12592,0.11974,0.11326
2026-01-22 11:25:00,25274.25,0.11029,0.1095,0.11047,0.1123,0.11503,0.11882,0.12464282631698917,0.13048136386744125,0.1372,0.14366,0.15165,0.1597,0.16749,0.17623418190320658,0.23631213935118858,0.22609881788920072,0.21573875681116084,0.20607,0.19547,0.18598,0.17682,0.16704793912059332,0.1584548733692497,0.15095,0.1442,0.13826,0.13343,0.13062
2026-01-22 11:30:00,25237.65,0.12721,0.12374,0.12201,0.12194,0.12356,0.12649,0.13078710337092636,0.13617,0.1424946869849593,0.14986,0.15778,0.16548,0.17365,0.18226,0.2316,0.22112,0.21067,0.20008,0.18997,0.17994366507609033,0.16987,0.16085,0.15191,0.1438,0.13708,0.13062,0.1252,0.12044
2026-01-22 11:35:00,25252.75,0.11588,0.11479,0.11479,0.11610352531556936,0.11857,0.12203,0.12717,0.13342818110798715,0.1402,0.14765,0.15566,0.16411,0.17208,0.18127,0.23498,0.22361,0.2135,0.20258,0.1922621162589632,0.18266,0.17321,0.16413,0.15533,0.14776,0.14132,0.13517,0.13073,0.12644
2026-01-22 11:40:00,25230.6,0.11155273412042539,0.11095,0.1127,0.11542,0.11893,0.12346,0.12878,0.13507,0.14286,0.15035,0.1589,0.16714819566553568,0.17552,0.18424,0.23382,0.22297,0.21283,0.20268,0.19227722517199947,0.18294,0.1738,0.16513,0.15713,0.15002160199577608,0.14431,0.13938,0.1355,0.13284
2026-01-22 11:45:00,25200.8,0.13034,0.12707,0.12579,0.12618,0.12794,0.13121,0.13519,0.14066,0.14796,0.15439,0.16295,0.17075,0.17877,0.1872514920345453,0.22867,0.21837591293440767,0.20777,0.19708,0.18627,0.17701,0.16759918095599527,0.1585,0.14969,0.14189,0.13525,0.12864,0.12392327575139547,0.119
2026-01-22 11:50:00,25218.4,0.11952618510629831,0.11799,0.11825,0.12004,0.12293,0.12699502114672148,0.13162,0.13778,0.14525,0.15228,0.16035403896730305,0.16842695534146987,0.17647,0.18503,0.23193,0.22182,0.21127,0.20134,0.1911,0.18159,0.17246,0.16332661590074682,0.15526,0.14788,0.14121238112724427,0.1358,0.13142,0.12799
2026-01-22 11:55:00,25201.6,0.12001,0.11932,0.11974,0.12163,0.12481,0.12881,0.13424,0.14034,0.1483,0.15507,0.16351,0.17177,0.1796,0.1887,0.23017,0.2196,0.20944894558532667,0.19954,0.18937,0.18024,0.17079,0.16267,0.15446,0.14755,0.14166,0.1361,0.13157590272862543,0.12873
2026-01-22 12:00:00,25184.35,0.13758,0.13244,0.12988,0.13034,0.1310724772681247,0.13423515131346103,0.13886,0.14457,0.15216,0.15902048765749136,0.16743,0.17523,0.1837020552197491,0.19241,0.228093496164699,0.21731,0.20632,0.19602,0.18569,0.17589848389934207,0.16609,0.1571,0.14822,0.14008,0.13273,0.12559,0.12063,0.11536
2026-01-22 12:05:00,25218.75,0.13087,0.12668,0.12499,0.12484,0.12639920412302852,0.12956374964672032,0.1341,0.13956,0.1466393274047626,0.15396,0.16225,0.17014376104414616,0.17781,0.18703,0.2305,0.21984,0.20922,0.19904,0.18865,0.17888714587924548,0.16943,0.16058,0.15135,0.14328,0.13606,0.12929,0.12342,0.11846
2026-01-22 12:10:00,25226.35,0.12834,0.12438,0.12308,0.12348736458844191,0.1255,0.12883,0.13332683668023163,0.1386,0.14562,0.15270745761425314,0.16094,0.16851,0.17645,0.18564,0.23027,0.21899,0.2086282181559636,0.1981,0.18752,0.17778,0.16817,0.15912178227711934,0.15021,0.14225,0.13511,0.12849,0.12273,0.11839
2026-01-22 12:15:00,25221.55,0.13087,0.12662,0.12485,0.12467,0.12612,0.12894,0.13336,0.13905,0.14608,0.15314275142341088,0.16142,0.16924,0.17751489385784933,0.18616803924397904,0.2289573059820825,0.21801,0.20771902742575032,0.19688,0.18636,0.17645,0.16673,0.15776844310019553,0.14855,0.1402,0.13314,0.12629,0.12024,0.11566
2026-01-22 12:20:00,25272.95,0.10777,0.10918,0.11013,0.11252,0.11574,0.11971,0.12478,0.13168621061438573,0.13870696353800094,0.14593,0.15429,0.16213,0.17068,0.17954763837325372,0.23702,0.22579,0.21552,0.20511,0.19413,0.18511,0.17556,0.16716,0.15828,0.15104,0.14397589892032167,0.13842182667371422,0.13467,0.13125
2026-01-22 12:25:00,25240.05,0.13081,0.12553831332719975,0.12305,0.12343,0.12401,0.12723,0.13101,0.13657,0.14324,0.15053,0.15886,0.16678,0.17518,0.18403,0.2314,0.22077461872920928,0.21001,0.19899,0.1889518785837814,0.17866,0.16859,0.15934,0.15022,0.14241557940768138,0.1346537455222056,0.12828,0.12165,0.11719
2026-01-22 12:30:00,25251.1,0.13184,0.12588,0.12274,0.12196,0.12266,0.12520248070197268,0.12929401102581975,0.13463807772476252,0.14101,0.14825,0.1565,0.16431,0.17290208087445122,0.18126,0.23153,0.22096,0.20977,0.19965,0.18935753748572626,0.1792,0.169156139084277,0.15981596935558448,0.15072,0.14231,0.1349,0.12783,0.12144,0.11636799331937771
2026-01-22 12:35:00,25259.05,0.11375,0.11285,0.11296,0.11425,0.11663,0.12023,0.12509,0.1311,0.13856,0.14640934264889752,0.15486,0.16339130219923365,0.17196,0.1812,0.23369907429699327,0.22293,0.21239,0.2021,0.19122,0.18161,0.1716642744520697,0.16285,0.15423,0.14655,0.14013,0.13408,0.12891,0.12525
2026-01-22 12:40:00,25236.55,0.12143,0.11888,0.11785,0.11858,0.12061,0.12433,0.1288,0.1348,0.14199,0.14964,0.15738739365304608,0.16577,0.17465,0.18377,0.23071,0.21957,0.20866,0.19815634695125142,0.18749,0.17785,0.16802,0.15876,0.15014,0.14232,0.1357,0.12925,0.12412,0.11937
2026-01-22 12:45:00,25253.05,0.11551028790859222,0.1137,0.11324,0.11404,0.11663,0.12042905714075847,0.1254083138354895,0.13136,0.1383376655087945,0.14596329544783407,0.15427964692671955,0.16302164853110834,0.1719583656127545,0.18119,0.23296,0.22186,0.21098,0.1998,0.18881,0.17943,0.16946,0.16021,0.15147,0.14345478138989368,0.1361,0.12985302155056935,0.12471,0.12011
2026-01-22 12:50:00,25254.0,0.10616,0.10634,0.10745,0.11055,0.11341,0.11806,0.12397,0.13097679144698965,0.13861,0.14621,0.15496154095248998,0.16373809270925702,0.17242,0.18251,0.23222,0.22122,0.21044,0.19967,0.1890459594794506,0.17901197858412393,0.16946,0.16058,0.15221,0.14482,0.13801,0.1322347460169842,0.1278,0.12496
2026-01-22 12:55:00,25215.15,0.11693,0.11559,0.11562,0.11762,0.12057,0.12475,0.13009,0.13645,0.14476,0.15231441209324798,0.16112,0.16993,0.178876284711164,0.18816,0.22672,0.21609,0.20483,0.1943,0.1832,0.17413,0.1645706414714472,0.15541,0.14757,0.14025,0.13412,0.12866,0.12398,0.12074113213693313
2026-01-22 13:00:00,25215.7,0.12028,0.11817,0.11746,0.11863,0.12125,0.1251580571242113,0.13016,0.13671,0.14473,0.15251,0.16138,0.17026,0.17891,0.18906,0.2264,0.2154,0.20429491729558472,0.19346,0.1825,0.17286,0.16312207696319486,0.15348,0.14544,0.1378,0.13144,0.1254717363913768,0.1203,0.11621
2026-01-22 13:05:00,25210.35,0.11631,0.11516642417746831,0.11513539795546494,0.11698,0.12032,0.1246703632924395,0.13022,0.13689,0.14524,0.15312,0.16221,0.17072,0.1797,0.19028,0.22724877872233104,0.21559,0.20467,0.19357449371178043,0.18263,0.17306,0.16327223455966386,0.15394,0.1462,0.13844,0.13297,0.12712,0.12285576173953841,0.11964
2026-01-22 13:10:00,25206.6,0.11138,0.11166998200877297,0.11223,0.11469475701876047,0.11804,0.12279,0.12887,0.13615,0.14438273844335672,0.15277,0.16252,0.17164,0.18067,0.19068614393975356,0.22767,0.21638,0.20602,0.19486,0.18413857769198425,0.17393,0.16423,0.15523,0.14719,0.13983,0.13354,0.12783,0.12334,0.12059
2026-01-22 13:15:00,25186.75,0.1276278805779662,0.12416,0.12157,0.12197,0.12334119368863004,0.12712,0.13228,0.13881,0.14705,0.15477,0.16365,0.17236,0.18179,0.19077,0.22374,0.21337,0.20264,0.19149,0.1810589943224816,0.17076,0.16041,0.15123,0.14272026490650763,0.13474088383541225,0.12696,0.1203,0.11439,0.10863
2026-01-22 13:20:00,25195.0,0.12022989259382783,0.11774,0.117,0.11794257578382829,0.12077,0.12443,0.13025,0.13702,0.14521,0.15352900495538746,0.16253,0.17128,0.18032,0.19023,0.22537,0.2146153150217449,0.20384,0.19303,0.18168,0.17161,0.16195,0.1531,0.14463,0.13729601437819855,0.13042,0.12400040161011013,0.11923,0.11484
2026-01-22 13:25:00,25194.95,0.11545,0.11404,0.11425,0.11633,0.11942,0.12361,0.13004517805821958,0.13692,0.14568,0.15431027709059214,0.16349,0.17263994918140366,0.18163,0.19123,0.22589,0.21543,0.20496,0.19431,0.18359,0.17389,0.16421,0.15583,0.14765,0.14,0.13434,0.1282335043294785,0.12492,0.12197906715487876
2026-01-22 13:30:00,25171.75,0.1432,0.13615,0.1311,0.12962,0.13031,0.13214,0.13627363762646472,0.14216919604680833,0.14993,0.15715,0.16596,0.17461,0.184,0.19342,0.2219869991390103,0.21074,0.19980871541263803,0.18897567992313546,0.17787,0.16798,0.15783,0.14782,0.13901526029451805,0.12957,0.1217,0.11384,0.10646,0.10158149187636592
2026-01-22 13:35:00,25225.85,0.10471,0.10687627895255315,0.10754,0.11094266763111664,0.11402,0.11975760164917412,0.12522,0.13245,0.1411396315782208,0.14964504358293992,0.15859,0.1672,0.17675863289683125,0.18541,0.22697011294714298,0.21620413664707233,0.20571,0.19599,0.18523,0.17619,0.1663050551955328,0.15805,0.14992838245136872,0.1425318027314548,0.137,0.13167,0.12773,0.12513
2026-01-22 13:40:00,25195.9,0.12374,0.12067278612408336,0.11880919983085282,0.11976,0.12201899877359193,0.12616,0.13153,0.1382,0.14598574885929536,0.15395,0.16323,0.1715727668508478,0.18046,0.1899,0.22344,0.21331,0.20238565371609218,0.19152,0.1811570660009001,0.17099878397411764,0.16098021092901946,0.15191,0.14299,0.13503,0.12823,0.12167285112424332,0.11572,0.11140893491486503
2026-01-22 13:45:00,25188.3,0.12922504756204284,0.12541,0.12318,0.12313,0.12513,0.12814,0.13351609163673522,0.13966,0.14793,0.1554158695578763,0.16408,0.1723560266598677,0.18112,0.19097,0.22203,0.21151,0.19995,0.18986,0.17852,0.16927,0.15899455488231481,0.14961,0.14032,0.13213,0.12488,0.11745,0.11126,0.10524
2026-01-22 13:50:00,25206.65,0.13006098348439074,0.12637,0.12402,0.12326,0.12433,0.12728,0.13213,0.13825,0.14571,0.15345,0.1624,0.1705796312126082,0.17913,0.18909,0.2250241740275641,0.21404,0.20291,0.19184,0.18065,0.17112,0.16077,0.1507,0.14105,0.13153,0.12403,0.11657,0.10964,0.10354
2026-01-22 13:55:00,25236.1,0.11656,0.11359,0.11292992027206324,0.11390787876432854,0.11625,0.12045,0.12573,0.13281561384690563,0.14054348941738476,0.14887,0.15822,0.16671,0.17660299397837337,0.18618,0.22795,0.21717,0.20582,0.19499,0.18373,0.17406,0.16392,0.15358987304070257,0.1443510687908495,0.13574,0.1282091398248396,0.12181,0.11645,0.11189
2026-01-22 14:00:00,25232.35,0.11278,0.11062633742033215,0.11044,0.1117256447581717,0.11444344156351315,0.11889,0.12442,0.13177,0.14082,0.14875,0.15824,0.16729,0.1762,0.18560048130696483,0.22847590244917804,0.21617662696124298,0.20418,0.19241,0.18109,0.17072986215720437,0.16079,0.15092,0.1423,0.13419,0.12787,0.12171,0.11672842488089147,0.11263
2026-01-22 14:05:00,25228.35,0.1079549244646319,0.10708,0.10712,0.10975,0.11323,0.11804,0.12407,0.13184,0.1409,0.14891,0.15827323837874407,0.16756,0.17741186046727966,0.18734,0.22543498424313613,0.21401,0.20272835925535115,0.19156,0.1806733007694513,0.1704507938806959,0.16046,0.15106,0.14225,0.13464,0.12825,0.12236,0.1183,0.1145
2026-01-22 14:10:00,25212.7,0.10325,0.10382,0.10594,0.10885,0.11289,0.11798,0.12494,0.1332534435785238,0.14238,0.15053,0.16028,0.16979,0.17899,0.18902,0.22308,0.2124652895553619,0.20205,0.19124,0.1810595223142636,0.17176,0.16192,0.15288,0.14506,0.13776,0.13253,0.12725,0.12369,0.12152434446212558
2026-01-22 14:15:00,25178.75,0.12182,0.1185,0.11731,0.11826,0.12078,0.12452,0.13073,0.13801,0.14683,0.15506,0.16487,0.17383,0.18321,0.19286754186105862,0.221469041445562,0.20979,0.19827,0.1869,0.17605,0.16626,0.15609,0.14672,0.1380351423424919,0.12978,0.12368,0.11768,0.11306101801725267,0.10897299324132503
2026-01-22 14:20:00,25194.65,0.11846,0.11485,0.11419040538038663,0.11535,0.11816,0.12338865707898745,0.1297254371631944,0.13714324332680147,0.14569,0.15396125385762105,0.16287806322974802,0.17242,0.18114,0.19248,0.21965498102592543,0.2083110825340003,0.19714568653058906,0.18621595898872323,0.17536,0.16566,0.1552715967612614,0.14546,0.13666,0.12849,0.12242,0.11596844166998632,0.11085,0.10634
2026-01-22 14:25:00,25206.4,0.13345,0.12568,0.1217,0.11997,0.12155,0.12397,0.12961,0.13628,0.14473,0.15238,0.16165,0.17013,0.17877,0.18780049938528623,0.22143,0.21092,0.19894,0.18769,0.1760919064183501,0.16480978695685153,0.15369,0.14311,0.13395768429556462,0.1250482617130264,0.11657,0.10903,0.10235,0.09526
2026-01-22 14:30:00,25236.6,0.14193,0.13211,0.12578,0.1224,0.12165081043644191,0.12347565540464607,0.12701,0.13316014939040907,0.14065,0.1477,0.15648,0.16456,0.1726,0.18125170293916112,0.22567433896164568,0.21403,0.20264,0.19115,0.1791,0.1683443226095083,0.15779,0.14667,0.1368,0.12692,0.11873,0.11061,0.1026,0.09509
2026-01-22 14:35:00,25267.55,0.13245,0.12446,0.11907,0.11647639178577683,0.11656,0.11849,0.12255,0.12866,0.13621,0.14339,0.15211,0.15998,0.16808,0.17725,0.22783,0.21768,0.2057708679884323,0.19426,0.18242,0.17251,0.16169,0.15087,0.14137,0.13163,0.1233496652323503,0.11555,0.10842,0.10158
2026-01-22 14:40:00,25289.0,0.12219490499501968,0.11554,0.11172478022293394,0.11038,0.11062,0.11348,0.11844,0.12494,0.13286,0.14032127563544125,0.14849,0.1556,0.16394,0.17217482256958133,0.2310198795254121,0.21954,0.20935,0.19642,0.18545,0.17533,0.1644,0.15399,0.14452,0.13534,0.12744,0.12046,0.11392,0.10707
2026-01-22 14:45:00,25289.65,0.1265,0.11898,0.11442,0.11143,0.11179,0.11412,0.11793,0.12328,0.1315,0.13833460749358048,0.14695,0.15481,0.16299,0.17293,0.22661,0.2165,0.2050441988543279,0.19358,0.18106,0.17133,0.15961,0.14912,0.13972,0.13057,0.12292,0.11586,0.10908,0.10263
2026-01-22 14:50:00,25294.65,0.11257,0.10885,0.10643442160833964,0.10548062978927057,0.10645836833992119,0.10929,0.11406,0.12007,0.12843,0.13603,0.1445441716933414,0.15341,0.16192,0.17181,0.22732,0.21666,0.20698,0.19387,0.1822,0.17141,0.16048408294491032,0.15026028036250896,0.14075,0.13205,0.12467,0.11794,0.11225,0.1065
2026-01-22 14:55:00,25290.85,0.12505,0.1183,0.11366,0.11078,0.11049,0.11193,0.11479,0.12027,0.12826,0.135547035070221,0.144,0.15238,0.16102,0.17045670967599102,0.22431,0.21334,0.20302,0.19065,0.17886,0.16816898423516335,0.15749,0.1469,0.13782,0.12883,0.12193,0.1152,0.1089007425602243,0.10323
2026-01-22 15:00:00,25269.5,0.11006,0.10676,0.10425,0.10401,0.10568160974879465,0.10865,0.11289,0.11928,0.12814,0.13594,0.14531,0.15404,0.16301619430005493,0.17172,0.22366,0.21357,0.20234,0.18974,0.1781,0.1673336531238833,0.15686,0.14672,0.1378774321944772,0.12967,0.12325,0.11666659279803315,0.11208,0.10714
2026-01-22 15:05:00,25256.3,0.13972,0.12854466584726762,0.12152982041910913,0.11811,0.11559327172352205,0.11644,0.11855,0.12337,0.13109,0.13759,0.14609,0.1536,0.16076,0.17157,0.22269,0.21193,0.20212,0.18893,0.17636,0.16553,0.15355,0.14238,0.13331,0.12411,0.11681,0.1094,0.10242,0.09535
2026-01-22 15:10:00,25297.3,0.12411,0.11729,0.11174,0.10823,0.10749318604669594,0.10824,0.11119,0.11643,0.12445,0.13121847244207407,0.13938,0.14775,0.15498,0.16581,0.2272950942665315,0.21557,0.20383731127876975,0.19217,0.18069807859412582,0.1699,0.15856,0.14748,0.13834,0.12938,0.12225,0.11514,0.10924,0.10464251253300673
2026-01-22 15:15:00,25297.45,0.13466,0.12452,0.11641049713275224,0.11152,0.10988,0.10975,0.11292557349797556,0.1175018601533352,0.12425,0.13058,0.138706744173137,0.14720906629734543,0.15617,0.16649,0.22527200489270385,0.21324,0.20198,0.18929,0.17801001437714248,0.16658,0.1554,0.14371,0.13430333558537522,0.12415,0.11671,0.10891,0.10236,0.09474
2026-01-22 15:20:00,25308.25,0.1376603911512231,0.12651,0.11843,0.11297,0.11042,0.10944,0.11139,0.11523,0.12287,0.12878,0.13797,0.1464,0.1562752268607937,0.16518,0.22618,0.21531,0.20509,0.19178,0.17973,0.16889,0.1573,0.14589,0.13596,0.12591,0.11754732099277722,0.10996,0.10303,0.09568
2026-01-22 15:25:00,25314.1,0.13426590042869468,0.12019333731541489,0.11396,0.10975,0.10781096455309487,0.10811,0.1098,0.11474546762690786,0.12093256654330556,0.12859,0.13684,0.14746,0.15832080852013575,0.16634,0.22632118637774967,0.21422,0.20312,0.19107,0.17871,0.16753603088079996,0.15573,0.14379,0.13299,0.1243457820923841,0.11524,0.10856,0.10267,0.09963953410060203
2026-01-23 09:15:00,25292.15,0.11931,0.11649,0.11509,0.11199053410409275,0.11418,0.11547,0.11955,0.12571,0.13324389510820103,0.1418072470492719,0.1524283327853505,0.1627296407649641,0.17459,0.18542144225863869,0.24477,0.23396,0.22297,0.20999484281962916,0.19742409946545053,0.18483778817186092,0.17365,0.16193,0.15213,0.14322,0.13578,0.13011,0.12536,0.12142
2026-01-23 09:20:00,25265.75,0.15631,0.14353,0.13315,0.12568738338101385,0.1228,0.12116,0.12231,0.12772,0.13584,0.14465,0.15410784453520499,0.16482,0.17469649221538405,0.18469,0.24396,0.23301981369846902,0.22085,0.2079,0.19492,0.18248,0.1699936042535193,0.15744,0.14538,0.13438,0.12516,0.11665,0.10902,0.10073
2026-01-23 09:25:00,25330.85,0.12813,0.12132,0.11486,0.11163,0.10964,0.10946,0.11183,0.11716,0.12565,0.13462226567142901,0.14474386902788977,0.15603,0.16670029779051032,0.17721,0.2534959514256167,0.24198,0.23026,0.21748,0.2051,0.19247,0.1795,0.16666,0.15364,0.1427,0.13305,0.12516,0.11848,0.11422828610054266
2026-01-23 09:30:00,25330.3,0.10755500711988925,0.10461,0.10332,0.10229,0.10288,0.10443,0.10828,0.11533,0.12474,0.1352,0.14612,0.156867483840587,0.16717,0.17867,0.25374,0.24183291203272395,0.22972135027171267,0.21749,0.2051,0.19356,0.1807448578077101,0.16882346252400263,0.15766293879020438,0.14749528855791372,0.13837,0.13156,0.12593,0.12058
2026-01-23 09:35:00,25299.45,0.12453,0.11639,0.11166,0.10767574975283495,0.10737,0.10758,0.11121,0.11806,0.12835,0.1381478969903758,0.14951,0.16119,0.17159,0.18236,0.25024,0.23882259030407296,0.22676743421462925,0.21401,0.20141,0.18963,0.17650949816631326,0.16441,0.15234,0.14161,0.13315,0.12488,0.1189,0.11226
2026-01-23 09:40:00,25299.95,0.11211,0.10773,0.10513553644880391,0.10349023060710169,0.10436,0.1056,0.10957,0.11735,0.1274653126238058,0.13748,0.14949,0.16018,0.171,0.1817,0.25295,0.24189,0.22915,0.21597,0.20356,0.19183,0.17915,0.16708,0.15541,0.14557,0.13685,0.12948,0.12378,0.11808
2026-01-23 09:45:00,25269.0,0.13505,0.12568,0.11863,0.11398,0.11201,0.11176,0.11522,0.12257,0.13271,0.14257440693381196,0.15413,0.16573,0.17570688844402924,0.18534,0.24748,0.23583153336956675,0.22327,0.21053813390785076,0.19701,0.18482451723535737,0.17224,0.15981,0.14748,0.13673,0.12776241029617952,0.11934793469805383,0.11206,0.10445
2026-01-23 09:50:00,25300.7,0.1151997775607291,0.10769565276345812,0.10102,0.09972,0.10033,0.10371737779177291,0.10898666280810312,0.11544,0.12655,0.13711,0.14907,0.16072,0.16983,0.18175,0.25005,0.23852984110862172,0.22641,0.21445,0.20178788437748077,0.19005,0.17705000123640105,0.16533,0.15422,0.14410410759675407,0.13561,0.12812,0.12267,0.11716
2026-01-23 09:55:00,25284.3,0.11957419389868328,0.11467,0.10997,0.10683,0.10583,0.1076145892752558,0.11068,0.11894,0.1295,0.14041,0.15111,0.1623939769362923,0.17282,0.18339,0.24953605446291938,0.23659,0.22362,0.21121,0.1983674289961694,0.18583,0.17265,0.16037,0.14893,0.13825,0.12963994662952252,0.12193,0.11497520105560782,0.10906
2026-01-23 10:00:00,25294.9,0.11551,0.10871,0.10436,0.10219,0.10211,0.10379,0.10796,0.11658136860942735,0.12600285113393614,0.13663334370725327,0.14825,0.1594078554059587,0.17017,0.18201,0.24879,0.23819,0.22575,0.21331,0.19948,0.18824,0.17501,0.16269,0.15122,0.14134384669337974,0.13134,0.12581,0.11644,0.11059
2026-01-23 10:05:00,25293.15,0.10517,0.10167,0.09968,0.0982,0.09925,0.10135,0.10671,0.11611,0.12728,0.13881,0.15002501314265926,0.16201,0.17172,0.18302,0.24980206545752173,0.23745,0.22507,0.2122325097201045,0.19887,0.18769,0.17481,0.16247,0.15101471000066824,0.14012,0.13151039930200817,0.12392,0.11809,0.11261
2026-01-23 10:10:00,25285.05,0.11052,0.1048323161397117,0.1024,0.10061,0.10086,0.10313,0.10837,0.11749,0.12893,0.13934,0.1512,0.16325,0.17293,0.18352,0.24904542433643168,0.2364,0.22377426685464202,0.2111,0.19732,0.18653,0.17297976320678116,0.16068,0.149385910124615,0.13838,0.12989114079650213,0.12203,0.11586,0.10975
2026-01-23 10:15:00,25283.3,0.09813,0.0969,0.09643,0.09644,0.09796,0.10289410980837688,0.10741,0.11842750033902455,0.12892521004440236,0.1408,0.15197,0.16357,0.17458962588333515,0.18454,0.24748,0.23625,0.22383,0.2114,0.19799,0.18669,0.17432,0.16229,0.15133,0.1416059354951239,0.13319,0.12637,0.12096,0.1163
2026-01-23 10:20:00,25261.25,0.11266,0.10693,0.10368,0.10196,0.10212,0.10681859367087701,0.11281827613000293,0.11993,0.13215,0.14301917163255512,0.15483,0.16683,0.17642,0.18865657769471303,0.24452,0.23264,0.21969,0.20778,0.19476,0.18301,0.16998,0.15745,0.14593,0.13537,0.12714,0.11906,0.11292,0.10675
2026-01-23 10:25:00,25266.4,0.12923,0.12084,0.11249480172307046,0.10906,0.1068,0.10733,0.11143,0.12046,0.13069438581159099,0.14234,0.15368,0.1651,0.17515,0.18488,0.24668407096354447,0.23405,0.21999,0.20768,0.19478,0.1828,0.16927761007937134,0.15649,0.1444697388307308,0.13273,0.12314,0.1146,0.10689,0.10202311447578644
2026-01-23 10:30:00,25303.15,0.11532,0.10978,0.10509,0.10165,0.10087,0.10216,0.10624,0.11495,0.12659,0.13721,0.14878,0.15988,0.16944,0.17992,0.24986,0.23875,0.22534,0.2132526039237755,0.20076,0.1885,0.1746825410011281,0.16166,0.1496461414276092,0.13819,0.12852,0.12019,0.11289,0.10818490719058567
2026-01-23 10:35:00,25313.0,0.10599,0.10186,0.09907,0.09747,0.09758056448274666,0.0994,0.10381,0.11312,0.12386,0.13501,0.14694,0.15955,0.16936,0.18005,0.252,0.24023,0.2279587776033532,0.21536901166104216,0.20270380399644752,0.1897,0.17706,0.163961273809028,0.15175,0.14111,0.13216,0.12329913145591109,0.11661,0.11176639667760316
2026-01-23 10:40:00,25297.7,0.11135,0.10472255249192315,0.10164,0.09885,0.09857,0.10014,0.10721275904609293,0.11392,0.12568,0.1366,0.14834,0.16081,0.17098,0.18154,0.24998,0.23817,0.22580176359206958,0.21299,0.20011,0.18782,0.17474,0.16203,0.15044053719495962,0.13919,0.12978338435055267,0.12116,0.11415,0.10767
2026-01-23 10:45:00,25297.35,0.09821,0.0961,0.09449,0.09374,0.09458,0.09708,0.10329,0.1138647511278064,0.12481,0.13631,0.14820249958971654,0.15986,0.16983,0.18010991152785488,0.25003,0.23822,0.22587,0.21341346238428016,0.20057,0.18858,0.17634,0.16313,0.15174,0.14097,0.13188,0.12401,0.11728,0.11287950178791213
2026-01-23 10:50:00,25284.35,0.10889,0.10308,0.0988036301098714,0.09792,0.09777,0.1012866202706557,0.10539,0.11485,0.12655,0.13792,0.14974908331480513,0.16131852619273798,0.1719202332582601,0.1813,0.24965,0.2374180421511372,0.22462,0.21215,0.19953,0.18702,0.17404,0.16081,0.14871,0.13728,0.12794,0.11977,0.11228,0.10575
2026-01-23 10:55:00,25278.2,0.11094,0.105,0.10087,0.09864,0.09843,0.10062,0.1063,0.11618,0.12824,0.1389,0.15055180679813987,0.16219,0.172,0.18298,0.24891286507578977,0.23687,0.22382,0.21133,0.19828,0.18614,0.17283,0.15906,0.14739244356481068,0.1357,0.12612,0.11739933103220859,0.1103,0.10344
2026-01-23 11:00:00,25279.7,0.09949,0.09668,0.09415764809021573,0.09447,0.09556,0.09858,0.10747257506125542,0.11571,0.12772,0.13912981445045933,0.15124,0.16314,0.1738,0.1836,0.24788,0.23718,0.2236,0.21164,0.19899,0.18645,0.17314,0.15991,0.14826,0.13761,0.12834,0.12056,0.11372,0.10873945461812207
2026-01-23 11:05:00,25270.35,0.11142,0.10533,0.10125,0.09914,0.09985173433501898,0.10319107918296283,0.10775,0.11755,0.12923,0.14062,0.1524919884725579,0.16401,0.17519,0.18760942661423197,0.24668,0.23478,0.22181,0.2094,0.19661964722621939,0.184,0.17078,0.15764,0.14516,0.13386,0.12443,0.1159,0.10893,0.10227
2026-01-23 11:10:00,25281.6,0.10635,0.1008626711162249,0.09802,0.09604,0.09709,0.09969,0.10605,0.11605,0.12821,0.13898,0.15062,0.16269535110677322,0.17368,0.1835,0.24835,0.23587,0.2233911453877367,0.210643473881329,0.19733,0.18506,0.17165,0.1587,0.1462,0.13463,0.12497,0.11648,0.10931,0.10249
2026-01-23 11:15:00,25277.8,0.09535,0.09137263263699615,0.08948040688101018,0.09017652899217972,0.0938,0.09877736387291546,0.10508,0.1156,0.12818,0.1392,0.15124,0.16298423387718006,0.17365,0.18335,0.24587,0.23482,0.22086,0.20872,0.1962817258161375,0.18418,0.17177,0.15952,0.14744,0.13673,0.127245402460399,0.11909425106000734,0.11301,0.10725
2026-01-23 11:20:00,25261.05,0.11031,0.10344,0.09958,0.09768,0.09885,0.10159,0.10799,0.11835,0.12925504919105163,0.14178,0.15327,0.16497077947062824,0.17543,0.18648,0.24568,0.23374,0.2202,0.2076273512067126,0.19441,0.18205,0.168842246676185,0.15658,0.14398,0.13288,0.12298146918341724,0.11444,0.10707,0.10215704040282478
2026-01-23 11:25:00,25270.95,0.10984174148947455,0.10164,0.09754,0.09611,0.09717,0.10005,0.10828929245862651,0.11709,0.12867,0.14035,0.15238,0.16421,0.17509840521435385,0.18445,0.24634780007601614,0.2339113875119574,0.22117,0.20887,0.19554,0.1829,0.17018,0.15771,0.14458,0.13327,0.12294,0.1139577823808158,0.10649,0.09934
2026-01-23 11:30:00,25274.7,0.09177,0.08955,0.08944,0.0899026334219467,0.0926,0.09732,0.10642983401001145,0.11568,0.12738532912760375,0.13943,0.15141336808295583,0.16318,0.17460788659778245,0.18476,0.24712,0.23528,0.2218,0.20902,0.19618,0.18467,0.17181,0.15975,0.14731,0.1370682591642509,0.1278,0.11926558669517032,0.11252303611500171,0.10746
2026-01-23 11:35:00,25252.0,0.0935,0.09162,0.09041793130900065,0.09228,0.09519,0.10037,0.10855,0.11968,0.13129282971691356,0.14375,0.15529,0.16707,0.17758,0.18871,0.24268,0.23094,0.21751,0.20479,0.19155,0.18014,0.16828,0.15635,0.14542,0.13578,0.12799,0.12053880147472612,0.11509,0.11053
2026-01-23 11:40:00,25221.8,0.10092,0.09778,0.09666,0.0970093506733004,0.10061,0.10582,0.11556,0.12721,0.13961,0.15203,0.16314,0.17428833931271276,0.18383,0.19476346039537612,0.23925,0.2271508337629767,0.21433,0.20188,0.18882,0.17609719430205845,0.16385,0.15167,0.14043,0.13085,0.12271,0.11551463699851999,0.10956,0.10438
2026-01-23 11:45:00,25210.75,0.09618,0.09589543424378923,0.09747,0.09935,0.10373,0.10955,0.11906,0.13073,0.1424,0.1535671550431575,0.16531,0.17591,0.1869362879913615,0.19675,0.23574,0.22526,0.21174,0.1984,0.18638,0.17499,0.16393,0.15306,0.14354,0.13564,0.12815,0.12247,0.11882,0.11379
2026-01-23 11:50:00,25193.45,0.11117,0.1073,0.10417588065513958,0.10484346875263786,0.1085,0.11444091367894324,0.12208,0.13307,0.14486,0.1561,0.16703,0.17741,0.18736,0.19852,0.23272,0.22105,0.20822,0.1951534858290427,0.18169,0.16945,0.15821,0.14678851923997685,0.13596,0.12681,0.11883,0.11236,0.10684,0.10173
2026-01-23 11:55:00,25208.4,0.10773,0.10369,0.1022,0.10292,0.10575,0.11240112050673305,0.11979,0.1304,0.14257,0.15349,0.1649548525721779,0.17532,0.18533,0.1963920818426408,0.23561,0.22389,0.21046,0.19772,0.18489,0.17183,0.16035,0.14834,0.13744,0.12787,0.11962490749746826,0.11298,0.10728,0.10528337937937493
2026-01-23 12:00:00,25209.75,0.11086214605993983,0.10481,0.10303,0.10346,0.10637,0.11101,0.12055029935150724,0.13061766534805636,0.14275,0.15335,0.16428,0.1752,0.18645656726900858,0.19714,0.23589,0.22355,0.2109752322570692,0.198,0.18517,0.17207004962858227,0.15967,0.1473,0.13627,0.1266,0.11838173359804782,0.11104,0.10492,0.09911
2026-01-23 12:05:00,25207.8,0.09717,0.09573900771583108,0.09616271143280228,0.09955,0.10375,0.10947,0.11933,0.13061,0.14312,0.1545,0.16511,0.17556,0.18748388778584602,0.1982,0.23501,0.22209,0.20998,0.19729,0.18451,0.17225,0.1607,0.14862,0.13899137310294893,0.12999,0.12296,0.11696,0.11247,0.10886
2026-01-23 12:10:00,25190.3,0.10602,0.10311,0.10236,0.10405,0.10765,0.11471389875617391,0.12261,0.13353,0.14595,0.15725,0.16842835715456217,0.17872,0.18877,0.19964484276415095,0.23266,0.22020285011520793,0.20754687914562522,0.1943,0.18239,0.16962,0.15765,0.14576,0.13523,0.12612,0.11846,0.11226,0.106267835721944,0.1021
2026-01-23 12:15:00,25193.1,0.12044,0.11324,0.1091,0.10736845534665677,0.11003,0.1141,0.12241,0.13313,0.14523,0.15569703131707405,0.16696,0.1780752676930319,0.18781,0.199,0.23385,0.22083,0.20803,0.19529,0.18201,0.16936,0.15689,0.14393,0.13247,0.12203,0.11306,0.10491,0.09748,0.09034
2026-01-23 12:20:00,25216.55,0.12046680663914844,0.10945165806722898,0.1025385198153272,0.09993,0.10351,0.10881,0.1184278376413441,0.12907,0.14159,0.15250504825773853,0.16402,0.17452,0.18521,0.19582,0.23652,0.22488,0.2115,0.19831,0.1855730060841553,0.17343,0.16068,0.14839,0.13724,0.12774,0.11932,0.11244,0.10652,0.10192
2026-01-23 12:25:00,25202.7,0.10902,0.10505,0.10247392015546652,0.10354,0.10624646995181056,0.11111,0.1202,0.13111,0.14351,0.15435,0.1652,0.1766,0.18770190101519454,0.19783,0.23468,0.22237,0.20902,0.19636,0.1836,0.17066089555846997,0.15822,0.14614866684017339,0.1348706689117564,0.12424,0.11559,0.10789580564060466,0.10184,0.09596
2026-01-23 12:30:00,25205.2,0.10924,0.10449,0.10241,0.10351,0.1062,0.11118,0.12027,0.13092128996614028,0.14318,0.15377082803286948,0.16535426322069824,0.17632,0.18762,0.19829,0.23505229076895137,0.22218,0.20888,0.19647767290553472,0.18377233265423015,0.17105,0.15802,0.14542077782048202,0.13319,0.12291,0.11407,0.10656,0.09979,0.09415
2026-01-23 12:35:00,25205.5,0.11402,0.1070799677240387,0.10454,0.10462,0.10685,0.1115,0.12027,0.13105,0.14285,0.15350617217410994,0.16493,0.17635,0.18638,0.19688,0.23527,0.22295,0.20959,0.19674322577903522,0.18372,0.17078,0.15745134992350088,0.14482,0.13307,0.12233,0.11291,0.10468,0.09735,0.09349162047289154
2026-01-23 12:40:00,25211.7,0.11514,0.10772383451297451,0.10518,0.10499,0.10666,0.11088,0.11947,0.12981,0.14194,0.15277,0.16456,0.17497,0.18622,0.19683,0.23403,0.22129,0.20819,0.19528,0.18287,0.17019,0.15677,0.1442506417668422,0.13219070126974844,0.12064,0.11144,0.10300253218369963,0.09605,0.08937
2026-01-23 12:45:00,25238.75,0.09531,0.09296,0.09274,0.09478,0.09861,0.10362,0.11331,0.1241167087487069,0.13567,0.14706,0.15868,0.17112,0.18118,0.19242,0.23660666583344608,0.22412070974388654,0.2115,0.19929,0.18696,0.1748,0.16178,0.14858,0.13779884206163748,0.12777,0.11935,0.1118,0.10566,0.10053
2026-01-23 12:50:00,25208.05,0.11818,0.10911543374988646,0.10589,0.10503,0.1068906256425152,0.11180068590472708,0.11886,0.12907,0.13947492816291493,0.15177,0.16278,0.17508,0.1861723910597733,0.19678,0.2343663396151658,0.22163,0.20784,0.19651,0.18341,0.17058,0.15682757728835564,0.14308,0.13085,0.11971,0.11048818304209891,0.10129,0.0937,0.0855
2026-01-23 12:55:00,25226.8,0.09191,0.09074,0.09157384352959115,0.09436,0.09920986938724911,0.10493,0.11596625723251132,0.12694,0.13837,0.15025,0.16205,0.17356,0.18484980906636944,0.19498,0.23641,0.22369,0.21182,0.20039,0.18662074826607122,0.17433,0.16074,0.14707,0.13576,0.12571,0.11721,0.10981,0.10391,0.09895
2026-01-23 13:00:00,25191.8,0.10732,0.10216,0.10054,0.10197,0.10559,0.11277091335706683,0.12128,0.13301,0.14356421714823628,0.15608,0.16683,0.17872,0.18873,0.19995,0.23239,0.22018,0.20746,0.19582,0.18204,0.16979,0.15628,0.14286,0.13142,0.1209,0.11199,0.10345885110945931,0.09654,0.08989
2026-01-23 13:05:00,25191.25,0.10340957658706355,0.10077,0.09948,0.10124,0.10514,0.11102,0.12143,0.1322292565130446,0.14478,0.15664,0.16748,0.17944,0.19018,0.20155,0.23227638070940163,0.21953,0.20747,0.19582,0.18203,0.17015,0.15659,0.14283,0.13138,0.12085,0.1118,0.10375,0.0965,0.09041
2026-01-23 13:10:00,25194.95,0.10157,0.09802,0.09731,0.09991,0.10395,0.1104,0.12099547256980035,0.13232,0.1434499675038342,0.15573,0.167,0.17842,0.18909,0.20112,0.23302,0.2218290894674302,0.20969098148895274,0.19672710940879756,0.18311,0.16964,0.15624,0.14236,0.13117,0.12065435091098302,0.11148,0.1041,0.09747,0.09301425473657927
2026-01-23 13:15:00,25171.1,0.09416,0.09409042066461872,0.0962,0.101,0.10760459550170211,0.11552,0.12639,0.13715060742368707,0.14894241140484027,0.1611,0.17255,0.18417,0.19448,0.20596,0.22912016956997266,0.21619,0.20472,0.19249,0.1795525970958804,0.16678,0.15381,0.14203,0.13153,0.12279,0.1152,0.10933,0.10496,0.10098
2026-01-23 13:20:00,25141.7,0.09918,0.10042,0.10271,0.10734,0.11295,0.12215292605753873,0.13196,0.14377,0.1549,0.16568,0.17738770957415356,0.18856,0.19941,0.2104397388420801,0.22429,0.21339,0.2011,0.18918,0.17603,0.16335,0.15068,0.1396,0.12972,0.12171073090252314,0.11470850534321887,0.10861,0.10422,0.09779
2026-01-23 13:25:00,25138.55,0.09959,0.09975,0.10241204602171844,0.10753,0.1139,0.12191,0.13279,0.14464,0.15683,0.16747,0.179,0.19071,0.20056,0.21212,0.22394,0.21174,0.20072,0.1875657501117545,0.17434,0.1622,0.14993,0.1387796258702329,0.12773,0.11936,0.11245,0.10677,0.10208307224702373,0.09899
2026-01-23 13:30:00,25095.3,0.10352,0.10563,0.10911971655462444,0.11503,0.12248,0.13185325465347658,0.1424,0.15439,0.1651449226507613,0.1774,0.18879,0.20028,0.21161,0.2223,0.22468,0.21272,0.20148,0.18886,0.17617,0.16462,0.15373,0.1436,0.13495,0.12750345703347563,0.12178733187723177,0.11829,0.11494561672604024,0.11441
2026-01-23 13:35:00,25072.05,0.10627,0.10742,0.11133,0.11663,0.12418272291332655,0.13282,0.14377,0.15568,0.1666500597628572,0.17828,0.1900379439354881,0.20123,0.21156,0.2226189827404345,0.22141,0.20905501957908676,0.19618,0.18393683592602322,0.1715,0.15941,0.14792,0.13777,0.12862,0.12121,0.11527,0.11049878365776653,0.10719,0.10371
2026-01-23 13:40:00,25076.35,0.1005,0.10382,0.10953,0.11588,0.12411,0.1342985262574148,0.14490655642987316,0.15623,0.16833,0.17852,0.19002,0.20116319088408421,0.21165,0.2226,0.2251,0.21313945053299077,0.20101,0.18915,0.17594,0.16462,0.15405,0.14446,0.1358577442871961,0.12982,0.12428,0.12058057641246879,0.11991,0.1204
2026-01-23 13:45:00,25053.0,0.11187,0.11268165946785935,0.11669,0.12201,0.12927,0.13836,0.14889,0.16014,0.17213,0.1829140809197009,0.1941,0.20560505879150925,0.21633,0.22737,0.21884,0.20684108232531,0.1944095487160523,0.18173,0.16826,0.15582,0.14497,0.13544904152132817,0.12594280585865217,0.11786,0.11116,0.10602,0.10156230929067168,0.09759
2026-01-23 13:50:00,25055.05,0.11105,0.11255,0.11691,0.12263,0.12998,0.13922,0.14982,0.16105,0.17257,0.18399,0.1948,0.20664,0.21767329998013815,0.22849,0.22043,0.20712,0.19469514101924554,0.18212,0.16866,0.15651,0.14516,0.1349618276486422,0.12498,0.11719,0.11063,0.10486,0.10082,0.09924433231275052
2026-01-23 13:55:00,25054.0,0.11215,0.11334,0.1173,0.12212351740943662,0.12874,0.13809498730610845,0.14821149990390578,0.15952,0.17036,0.18221,0.19365,0.20479,0.21625929412183928,0.2275775273635021,0.21977,0.2081,0.19563,0.18322,0.1706,0.15865,0.14751,0.13711,0.1281,0.12067,0.11411,0.10903,0.1056,0.10223
2026-01-23 14:00:00,25054.2,0.11441,0.11409457423448625,0.11665555806124248,0.12157661881734916,0.12875,0.13712,0.1472012515113244,0.15833,0.1693,0.18057,0.19126,0.20207,0.21334,0.22331,0.21929,0.20717,0.19529,0.18134,0.16889166283072463,0.15643166519977586,0.14443,0.1335,0.12424,0.1165,0.10991,0.10398,0.09874,0.09436
2026-01-23 14:05:00,25065.1,0.11171,0.11208,0.11495,0.11976,0.1261,0.13483,0.14508,0.15631,0.16766,0.17854,0.18921,0.2009759028687448,0.21187,0.22187,0.22034,0.20887,0.19703,0.18391,0.17077531855941078,0.15778,0.14614,0.13499,0.12562,0.11815,0.11116721827163718,0.10558,0.10159,0.09656
2026-01-23 14:10:00,25058.25,0.11362,0.11404,0.11716,0.1215,0.12778,0.13652,0.1464169051153109,0.15781,0.16918,0.1801,0.19032,0.20165,0.21304916338190819,0.22438,0.22067,0.20894694955598256,0.19652,0.18292,0.16945,0.15701,0.14502,0.13361,0.12347,0.11525,0.10969,0.10308,0.09849,0.09298
2026-01-23 14:15:00,25090.65,0.09978,0.10291,0.10778676408898907,0.11374,0.12098,0.12996,0.1401,0.15103,0.16303,0.17347,0.18454,0.19525,0.20694307397818695,0.21772,0.22608,0.2139,0.20107,0.18844,0.17504,0.16301,0.15186,0.14089,0.13175,0.12436,0.11926,0.11535,0.11235238325470744,0.11247
2026-01-23 14:20:00,25059.65,0.10638,0.10812,0.11209440315933096,0.11766,0.12511376497459664,0.13389,0.14450117989997435,0.15581,0.16723,0.17783,0.18819,0.19926,0.21029202739832273,0.22094356561308232,0.22341,0.21041,0.19825,0.1848305612146512,0.17186,0.15965,0.14814,0.13705,0.12795,0.12066,0.11480810609461736,0.11106,0.10765,0.10473
2026-01-23 14:25:00,25049.75,0.1156367449514333,0.11518,0.11749,0.12119,0.12738,0.13461,0.1447,0.15513,0.16647,0.17606,0.18781704531796445,0.19883790221952838,0.20981293924297978,0.22056,0.2197,0.20694,0.19409,0.1802,0.1669834624074785,0.15341,0.14170777562142228,0.13030837499038506,0.11907,0.11017,0.10294,0.09634,0.08975,0.08191
2026-01-23 14:30:00,25077.85,0.11012,0.11027,0.11321,0.11741,0.12437,0.13318184606316172,0.14348,0.15363,0.16489,0.1743,0.18512,0.19678,0.20853,0.2183,0.22389,0.21011,0.19796,0.1842,0.17068,0.15744,0.14487,0.13241,0.12265936995383417,0.11309,0.10574,0.09974,0.0941,0.08855
2026-01-23 14:35:00,25087.05,0.1078,0.10743,0.10964005268459906,0.11406,0.1208251902034151,0.129,0.13845378414261478,0.14878918774570313,0.15984908382533433,0.17109,0.18275,0.1945360954266675,0.20595,0.21554,0.22344,0.21124177590421886,0.19846,0.18482,0.17106,0.15737,0.14542,0.13398127848216862,0.12292,0.11523907648458358,0.10799,0.10227,0.09782,0.0929
2026-01-23 14:40:00,25094.55,0.10307278579076512,0.1053,0.10947,0.11466,0.12255,0.1313482922498622,0.141311445337691,0.15227,0.16277,0.17191,0.18385,0.19511,0.20599640154424645,0.2169,0.22589,0.21317347413051788,0.20016,0.18735,0.17383,0.16065261147342835,0.14804345553010648,0.13695,0.12586,0.11704,0.11101,0.10538,0.10359687054887652,0.10326541927379335
2026-01-23 14:45:00,25081.45,0.10176,0.10398,0.10836974517600524,0.11413,0.12281323966745446,0.13217,0.14255,0.15294,0.16297224530032095,0.17305,0.18502149764934236,0.19652,0.20829,0.21885,0.2247,0.20978,0.19875,0.18541,0.17329,0.1604,0.14852085640763119,0.13823,0.12811,0.12033894033913252,0.11468,0.11013,0.10692,0.10686844101464645
2026-01-23 14:50:00,25059.3,0.11348478005445745,0.11385800481772955,0.11717,0.12119355309947251,0.12789,0.13662,0.14639,0.15629,0.16695,0.17648,0.18874,0.19922,0.21018,0.22051,0.21833325194737663,0.20545,0.19303,0.18035,0.16728,0.15404,0.14196,0.1304195963560653,0.11889,0.10969,0.10346045843797896,0.09703,0.0915,0.08374
2026-01-23 14:55:00,25096.0,0.10423462263136894,0.10472,0.1084,0.11268,0.11992,0.12927,0.13943,0.14980782177873062,0.16087,0.17099,0.18333443672314287,0.19457,0.20503,0.21545,0.22446,0.21105170405594756,0.19757,0.18516,0.17236,0.15908,0.14635459935556874,0.13503,0.12398,0.11532,0.10926,0.10437,0.10001,0.09741
2026-01-23 15:00:00,25071.15,0.10632,0.10791,0.11251,0.11727,0.12556,0.13521,0.14652,0.15761,0.16824,0.17934,0.1912,0.20287,0.21389,0.22422,0.22224,0.2101911586238971,0.19792,0.1847653702124392,0.17151,0.15878351916714495,0.14663,0.13499,0.12541541172672013,0.11609,0.11005,0.10618,0.10368,0.1
2026-01-23 15:05:00,25059.0,0.1009,0.10433,0.10951,0.11488,0.12411,0.13455,0.14715,0.15877,0.17062,0.1813,0.193379020120248,0.20477,0.21637,0.22744,0.2193,0.20755670948756677,0.19568,0.18348,0.17207,0.16041,0.15012,0.13935,0.13024,0.12326,0.11828743271533529,0.11648,0.11517,0.11593
2026-01-23 15:10:00,25045.6,0.11068,0.11183911100168836,0.11676,0.1215,0.13029,0.13946022212014336,0.15104,0.16104,0.17246,0.18393734080697988,0.195285706464864,0.20648915569253917,0.21719,0.22664,0.21790155830721283,0.20548,0.193060333161584,0.18023,0.1675349369713523,0.15451,0.14377,0.13176,0.12279433254902769,0.11352,0.10779,0.10344,0.09947665623321561,0.09623
2026-01-23 15:15:00,25061.1,0.10403,0.10756,0.11216,0.11735,0.12658,0.1366,0.14719,0.15763,0.16971,0.18027,0.19149,0.20296,0.21502,0.22596,0.22229,0.20842,0.19569,0.18167462754427807,0.16830499989627767,0.15498,0.14334,0.13215,0.12057,0.11286,0.10961,0.1063,0.10286328340574138,0.1021
2026-01-23 15:20:00,25040.65,0.1146,0.11616,0.11942577113849867,0.12528862698344,0.13309,0.1423209988084195,0.15303,0.16297443892024155,0.17486,0.18481,0.1965470722482272,0.20832,0.2181,0.22899,0.2195264453954033,0.2064524475385107,0.19313,0.17961,0.1662,0.15292,0.14013,0.12789,0.11618,0.10749,0.10309077471528394,0.0991,0.09488,0.08909
2026-01-23 15:25:00,25049.65,0.10887,0.11147,0.11604,0.12176,0.13109,0.14046745469198635,0.15154,0.16182,0.17314,0.18434,0.19727,0.20814,0.2205,0.22986,0.21958,0.20286,0.19008,0.17715,0.16433,0.15096,0.13995,0.12750431974171628,0.1174192678707684,0.10726,0.10175,0.09947,0.09448,0.08977
2026-01-27 09:15:00,25113.05,0.27499,0.30202,0.32281,0.35058,0.38461,0.42786,0.47824,0.52453,0.57367,0.62043,0.6737801205980425,0.70998,0.7593576866678393,0.832012028207448,0.80455,0.75263,0.70349,0.64961,0.59775,0.55382,0.51257,0.48379,0.46589,0.46533,0.47357,0.49258,0.51278,0.54893
2026-01-27 09:20:00,24981.3,0.37173,0.38093,0.3997000926702119,0.4290900790156447,0.47083017326897514,0.5139188234327605,0.55918,0.60764,0.6609,0.70752,0.76109,0.80431,0.84893,0.914015727582185,0.722,0.67056,0.63579,0.57755,0.52942,0.47801,0.43494991676242895,0.39554,0.37825,0.3773,0.38901,0.39474199320483944,0.41378,0.42258159963422315
2026-01-27 09:25:00,24940.7,0.41215,0.41457,0.42548,0.4562133292746834,0.4958,0.53823,0.58329,0.6321833471410317,0.6864,0.73837,0.78617,0.83239,0.877,0.9309158315303697,0.70051,0.6563456518917802,0.60735,0.55241,0.5018,0.4528,0.40457,0.36324,0.34417224534308,0.32686,0.31923,0.31138,0.2881,0.28084033526705493
2026-01-27 09:30:00,24944.4,0.43418,0.43019,0.43592284393693115,0.45789,0.49582387521720456,0.53966,0.5824984350564941,0.63551,0.68635,0.7364591376641011,0.79262,0.83608,0.880556369248745,0.92433,0.69697,0.65541,0.61709,0.56144,0.51004,0.45156,0.40631027162494754,0.35395,0.31876,0.30027,0.278177738099856,0.25579774463979266,0.23261,0.15552
2026-01-27 09:35:00,25018.3,0.4495,0.42747,0.41019,0.42032,0.45178,0.48805682718586757,0.52925,0.57595,0.62223,0.67629,0.7256731694033752,0.77034,0.81264,0.85271,0.7445814560703947,0.69537,0.64737,0.60076,0.54814,0.4962,0.44574,0.40001065883449705,0.35472,0.32039,0.29276,0.26448,0.22211,0.12637
2026-01-27 09:40:00,25090.85,0.4547,0.4137,0.39014,0.38476,0.40993,0.44455,0.48925,0.53745,0.58193,0.63655,0.68678,0.73576,0.76941,0.81462,0.79603,0.74443,0.69617,0.64951,0.60292,0.55029,0.49947,0.45308,0.40468,0.36501,0.333,0.30009,0.26344,0.2039
2026-01-27 09:45:00,25142.05,0.36816,0.34955,0.3373,0.34272,0.36865449188753746,0.40126,0.44811,0.49461,0.54701,0.59015,0.6474207210524184,0.6970207913329488,0.74219,0.78754,0.8194506926876598,0.77235,0.7245226410323076,0.6754,0.63383,0.58196,0.52995,0.48204040361060785,0.43571,0.40108,0.3768,0.35236,0.32250191136847917,0.29136
2026-01-27 09:50:00,25142.45,0.34662,0.32683,0.31992,0.32756,0.35831,0.39611,0.44871,0.50094,0.54737,0.59426,0.65191,0.6996871440335396,0.74216,0.78114,0.8219206763730245,0.77273,0.72082,0.67648,0.6290224836614754,0.58085,0.53176,0.48237,0.4405,0.40779,0.3784201148718269,0.3596705847900138,0.34076,0.30921
2026-01-27 09:55:00,25130.4,0.32119,0.31184,0.31403,0.32672,0.36179,0.4037927508349848,0.45679,0.51181,0.5612018048075892,0.61344,0.6655253892036891,0.71226,0.75959,0.7934,0.80994,0.7601,0.72919,0.677925837635822,0.6264,0.56905,0.516,0.46864,0.42882,0.4011556134306519,0.3807279319338368,0.37073,0.3518828609125845,0.33788
2026-01-27 10:00:00,25139.8,0.32443,0.3041553986038926,0.3057953432139784,0.32502,0.3585890701512195,0.40375,0.4560756602936367,0.51008,0.56064,0.6130010174455774,0.66324,0.70756,0.7545702645249637,0.7962192067241447,0.83447,0.78289,0.7355594614312332,0.68513,0.633,0.58504,0.52821,0.47811,0.431,0.39817,0.37604,0.35656,0.33606,0.31098
2026-01-27 10:05:00,25125.85,0.30215,0.29677,0.30128,0.32297,0.36228,0.40899,0.46656,0.51932,0.57315,0.62148,0.67629,0.72081,0.7669045192662818,0.80129,0.8307798969647272,0.7808954386247163,0.73296,0.6851333578278315,0.63328,0.57812,0.52108,0.47288,0.43083,0.40016,0.38385,0.37058,0.35888,0.33865
2026-01-27 10:10:00,25088.75,0.4075,0.3670632257102576,0.35823,0.36103,0.38793674036955395,0.42782,0.48428,0.53178,0.58393,0.63445,0.68859,0.73067,0.7829,0.82034,0.81291,0.76659,0.71267,0.66199,0.6103080068436714,0.55399,0.49687,0.44858,0.39699,0.36248,0.33467,0.30494200338016736,0.27156,0.21831
2026-01-27 10:15:00,25129.65,0.43897,0.39066,0.36472,0.36018,0.38258,0.41304,0.46118869045392114,0.51171,0.56872,0.61118,0.66561,0.71362,0.75313,0.79688,0.84848,0.7956,0.74158,0.69533,0.63808,0.58309,0.53429,0.47852,0.43107,0.38655,0.35069,0.31475,0.27834,0.22729
2026-01-27 10:20:00,25170.2,0.32589,0.30563,0.2993406180749356,0.31025,0.34257,0.38807,0.4391442741140648,0.49493,0.553,0.59737,0.65279,0.69651,0.74989,0.78886,0.87099,0.8284744008168118,0.78094,0.73318,0.67496,0.62221,0.56933,0.5144045241457875,0.4640612226876995,0.42046,0.3860673410429202,0.36053,0.33017731918171983,0.30288
2026-01-27 10:25:00,25164.05,0.25371,0.26218,0.27617,0.30173,0.34283,0.39283,0.4492,0.50273,0.5591121977238193,0.60586,0.67118,0.7168140558593619,0.7628212272635626,0.79871,0.87468,0.82807,0.77342,0.72691,0.67296,0.61698,0.5619,0.51093,0.46452096422431965,0.42822,0.40896,0.38451130383108034,0.38081,0.37269
2026-01-27 10:30:00,25123.35,0.3273,0.31534,0.31552269500871566,0.33808,0.3749162423415437,0.42491,0.48153,0.5322973560248166,0.58658,0.63961,0.6950935617708663,0.7464,0.79521,0.83545,0.85189,0.79916,0.75078,0.701578524704119,0.64601,0.59014,0.54071,0.49048,0.43891,0.39674,0.3694422387171343,0.33773,0.31402,0.28019
2026-01-27 10:35:00,25122.35,0.27324103207902894,0.2853500269818887,0.3076,0.33586,0.37908,0.4312491028488511,0.48624,0.54057,0.58795,0.64561,0.7025,0.74763,0.79619,0.82755,0.8585,0.80533,0.75652,0.70959,0.65084,0.5944114552935632,0.5395237989784304,0.49179,0.4435,0.40453,0.380619366490094,0.35626,0.33601,0.31486
2026-01-27 10:40:00,25095.65,0.28156542097589127,0.27705,0.30858,0.34517,0.39676,0.4572613292552146,0.5135,0.57223,0.62559,0.6770514148371244,0.7287080548990842,0.7755,0.82494,0.87277,0.82604,0.77517,0.73559,0.66826,0.62248,0.56794,0.5106229113756577,0.46905,0.42666,0.41728,0.41798,0.42719,0.44604,0.47381
2026-01-27 10:45:00,25027.6,0.33335,0.33817,0.35486,0.3919143311808022,0.44222,0.49912,0.5557,0.61343,0.66951,0.72857,0.7768911956816112,0.82268,0.8691518974958501,0.91224,0.81134,0.75038,0.7059193792019215,0.64989,0.59084,0.53037,0.47477,0.42695,0.37786,0.3559010199702596,0.33006,0.3199238292906649,0.2975,0.26889
2026-01-27 10:50:00,25020.95,0.3003320958629514,0.3311,0.36917761927077697,0.41388,0.46816,0.5249681818885891,0.58347,0.63393,0.67963,0.74791,0.8027,0.8509,0.89024,0.94593,0.82915,0.7702700552606007,0.7148431369530726,0.65159,0.59194,0.5382,0.48057,0.4304,0.3935338127590121,0.36854,0.36669,0.37527,0.3732247173966166,0.40869
2026-01-27 10:55:00,24997.0,0.3272,0.3485797617393566,0.3854748543703223,0.4288,0.4848730875568302,0.53983,0.59563,0.64794,0.70518,0.76982,0.81506,0.8733,0.9244616124374001,0.97544,0.80799,0.7571470531608869,0.70166,0.64264,0.58219,0.52396,0.46638768674003644,0.41534,0.37268,0.35504,0.35497,0.3473280288338936,0.3523890536850099,0.3853
2026-01-27 11:00:00,24984.95,0.33583595535295185,0.35719449277752413,0.39579893962380525,0.44337,0.49355,0.55304,0.60914,0.66918,0.7194,0.7846,0.83519,0.8902210740383627,0.94099,0.99173,0.8349604678752803,0.7683338319964688,0.70616,0.63595,0.57545,0.5148797307820839,0.45921,0.40189,0.34996,0.32186,0.31013,0.29312,0.26525,0.201
2026-01-27 11:05:00,25008.55,0.35938,0.36842386741340766,0.39529,0.43643,0.48808,0.5449927577627824,0.60524,0.65624,0.71909,0.77679,0.83301,0.88779,0.93527,0.98664,0.8180223893576655,0.76668,0.72755,0.667117573635937,0.6031597572286457,0.53754,0.47948,0.42233,0.36786,0.33818,0.32588,0.3085052783677178,0.31009,0.29008
2026-01-27 11:10:00,25017.35,0.35447,0.3649173289026551,0.3917,0.4341963422091081,0.48639,0.54371,0.6022170186113878,0.66031,0.71616,0.78283,0.83535,0.90092,0.94465,0.9962920885621127,0.84323,0.78659,0.74005,0.66858,0.6102287386331521,0.55235,0.484971854794901,0.42763,0.37099,0.33704,0.32149,0.30100745388115613,0.29971,0.27694
2026-01-27 11:15:00,25024.0,0.36044,0.36747,0.38888,0.42815,0.48191,0.53609,0.59681,0.65096,0.70102,0.77263,0.82914,0.88409,0.9353486592007549,0.9822,0.84713,0.79103,0.74571,0.67934,0.61259,0.5498538617922358,0.48546,0.42832,0.37381,0.33669,0.31376,0.29753,0.28932884455184327,0.2818143676234135
2026-01-27 11:20:00,25044.9,0.32104,0.3392897895324904,0.36439,0.41123,0.46217,0.52086,0.58499,0.63522,0.69429,0.7598987777085559,0.81298,0.87951,0.92713,0.96345,0.85907,0.8038,0.75361,0.68763,0.63226,0.56455,0.51188,0.45302,0.39312,0.36313,0.34214,0.33306,0.32606,0.31835
2026-01-27 11:25:00,25036.65,0.36696,0.36749,0.38782,0.42691,0.4720346897366137,0.52892,0.58582,0.63827,0.6913,0.76463,0.8207,0.88782,0.93488,0.9890629051112366,0.8674427597160419,0.80684,0.7564629041669259,0.69546,0.6399730540236233,0.57808,0.5149,0.45444,0.39294,0.34485,0.31554,0.28871516094475935,0.26278,0.209
2026-01-27 11:30:00,25078.55,0.30177,0.31892,0.34583,0.39147,0.44136462706784957,0.50143,0.55908,0.616451479765148,0.67088,0.73376,0.7979007703033284,0.85717,0.91064,0.95374,0.89745,0.84137,0.79065,0.72989,0.6700547168067256,0.61261,0.54192,0.4866,0.42664,0.38602,0.36245,0.34457,0.33544,0.3219982212401249
2026-01-27 11:35:00,25074.65,0.33099235258739046,0.34012,0.35804,0.39528,0.436,0.49221,0.55529,0.60544,0.66896,0.73161,0.79348,0.84687,0.91508,0.94711,0.90452,0.83873,0.7928833672900227,0.73505,0.67733,0.61641,0.54493,0.48589,0.42361,0.37293,0.33543,0.30559435991536626,0.28242,0.25141
2026-01-27 11:40:00,25088.45,0.51292,0.44935,0.42746,0.43359,0.45344,0.48777,0.54722,0.59689,0.6479335459429243,0.70847,0.76042,0.8165674485909599,0.86804,0.91268,0.9321624256455133,0.86574,0.8114711058116697,0.75212,0.68852,0.62328,0.56051,0.5012,0.43625,0.38682,0.3401,0.29952,0.25544,0.17427
2026-01-27 11:45:00,25159.6,0.26014,0.2794,0.30133,0.33437,0.37354,0.43836,0.49435,0.54956,0.60709,0.6735682685716333,0.73216,0.78416,0.833024895141147,0.86457,0.97798,0.9111,0.85324,0.79336,0.7316,0.6599625740540391,0.5969070333622853,0.5383698679540386,0.48941,0.44602,0.42422,0.41054,0.40549,0.41203
2026-01-27 11:50:00,25103.25,0.3271,0.32609,0.3415,0.37589,0.41313,0.47250637194428413,0.53389,0.59395,0.6460814352012357,0.69661,0.77721,0.81837,0.87825,0.92405,0.94209,0.87488,0.81721,0.76497,0.69521,0.63118,0.56521,0.50148,0.44941,0.4126490101549319,0.38774,0.3700071317350562,0.36494,0.34715
2026-01-27 11:55:00,25084.4,0.3792930633672869,0.37526,0.3784497455064076,0.4052,0.43891,0.49008,0.55875,0.60674,0.66333,0.71693,0.79863,0.85098,0.91214,0.9693652279020877,0.95193,0.8890658016971126,0.8252135138474398,0.76111,0.69042,0.61931,0.5561721389705773,0.4943435187827803,0.43434,0.39001,0.36070735641220625,0.33146,0.30429,0.26015
2026-01-27 12:00:00,25100.25,0.3932,0.37693,0.37919,0.40214872129168444,0.44151,0.49354,0.5541,0.60307,0.65156,0.7133619781034098,0.77765,0.82725,0.8856849794073117,0.9353668311285689,0.9623,0.88186,0.82452,0.77303,0.7019928762342637,0.6363815953331773,0.571,0.5103521151894366,0.45472,0.40448,0.37113,0.34364,0.31813,0.31195517919862287
2026-01-27 12:05:00,25122.5,0.35913,0.347,0.35271,0.37884,0.42015,0.47865,0.53933,0.5944887296157827,0.65344,0.69809,0.78273,0.82285,0.89728,0.954435243760509,0.98853,0.90705,0.84928,0.78884,0.72602,0.6541,0.59385,0.5308212404418571,0.47451,0.4260425041111629,0.39439,0.37132,0.3522,0.34740736526635496
2026-01-27 12:10:00,25117.85,0.37709,0.3605,0.36361,0.38941,0.42902,0.48555758104448216,0.55495,0.59802,0.66477,0.72079,0.78509,0.84864,0.9070753814904136,0.95972,0.98491,0.90182,0.84542,0.79545,0.73937,0.6659,0.6038986411972403,0.54119,0.47988,0.42957,0.39059,0.36109,0.33405,0.3012
2026-01-27 12:15:00,25117.6,0.30765,0.31365,0.33785,0.38075,0.438,0.49899,0.56222,0.62062,0.675231707715897,0.73016,0.7932873384652263,0.84696,0.9233,0.97212,1.01025,0.92673,0.85601,0.81432,0.7486,0.67419,0.61091,0.5508877022251699,0.494870687583027,0.44767,0.41968,0.39999,0.38464,0.37378
2026-01-27 12:20:00,25109.2,0.39454,0.3656844817193459,0.37656,0.40138,0.4488706047915582,0.51201,0.57587,0.62761,0.68817,0.73425,0.81144,0.8637,0.94107,0.99043,1.00465,0.93314,0.8756217243541636,0.819,0.754084628668269,0.6835,0.62307,0.55271,0.48838,0.42912,0.37872,0.33881,0.30166690467348084,0.24873
2026-01-27 12:25:00,25134.2,0.27995,0.29513,0.3327547908905531,0.37419,0.42935,0.4948,0.56462,0.6231335235886472,0.67951,0.73799,0.81575,0.85823,0.94879,0.98686,1.03517,0.94871,0.90214,0.8382730746219612,0.77268,0.72383,0.63977,0.58404,0.51233,0.4608916978775996,0.42482,0.40127,0.38577,0.37778
2026-01-27 12:30:00,25098.2,0.34532,0.3391974385499994,0.36118,0.4013,0.45691,0.52494,0.59417,0.66049,0.71503,0.76211,0.84146,0.89501,0.98724,1.00813,1.0379,0.95103,0.88906,0.83341,0.76474,0.70024,0.62633,0.56307,0.49249,0.4407,0.39862,0.36573,0.33397,0.29361
2026-01-27 12:35:00,25099.65,0.32818,0.3356,0.36352,0.41336,0.47017,0.53637,0.6010496747593871,0.66877,0.72412,0.7944048810433327,0.86377,0.92022,1.00022,1.03866,1.04009,0.97827,0.90271,0.8446180994772008,0.77667,0.71739,0.6401966980779893,0.57224,0.51253,0.45385,0.41578,0.38450583428483437,0.3681,0.3717292916512867
2026-01-27 12:40:00,25084.95,0.3379639378938795,0.35756,0.3851,0.43265,0.48939,0.55081,0.61517,0.6815156237493076,0.746916324983472,0.81686,0.87549,0.9377728887095788,0.99762,1.04657,1.04478,0.96906,0.90513,0.84759,0.7761867696101761,0.71012,0.62832,0.55539,0.49525,0.43449226040220246,0.39172350420529267,0.36124608376392287,0.34137,0.36334565924668055
2026-01-27 12:45:00,25083.9,0.3052080811711073,0.33588,0.38006,0.43751,0.49765,0.5685401944655006,0.63201,0.6978804609044668,0.76706,0.82994,0.8935507791612458,0.94517,1.0283,1.06306,1.05972,0.98286,0.91795,0.85952,0.78761,0.7134,0.6369,0.56286,0.50176,0.45209,0.42086,0.40056,0.38685,0.38058
2026-01-27 12:50:00,25065.25,0.3993,0.39715,0.42182,0.46947,0.52555,0.59988,0.66958,0.7234530496091793,0.78377,0.85703,0.9201869818777727,0.98798,1.04271,1.098909149507075,1.07631,0.96973,0.90591,0.83859,0.75874,0.69506,0.62552,0.54605,0.4776657470066605,0.41217,0.36272,0.31743,0.2694115496370755,0.2240817313294418
2026-01-27 12:55:00,25094.45,0.33154,0.3502,0.3889,0.44732186888597136,0.510703803186517,0.58448,0.6508455949904671,0.71484,0.77353,0.84815,0.9178566034563388,0.98176,1.05306,1.10751,1.10123,1.0272012619411313,0.954683254968482,0.88526,0.80352,0.7374,0.65314,0.57953,0.5093,0.44418,0.40057,0.36528,0.34277,0.3115
2026-01-27 13:00:00,25087.35,0.32893,0.348,0.39724973586513773,0.45282,0.52299,0.58998,0.66662,0.72416,0.798369293958525,0.86777,0.94264,1.00345,1.07589,1.13114,1.11403,1.03344,0.95265,0.8874217328023633,0.81111,0.74373,0.66463,0.5885660347402819,0.51132,0.45443,0.408,0.37208,0.33849,0.30072
2026-01-27 13:05:00,25077.3,0.37491,0.387,0.42388,0.47872,0.5369,0.61433,0.69302,0.74483,0.82368,0.87877,0.93987,1.01338,1.08612,1.13901,1.10891,1.0367122839373515,0.96104,0.90142,0.80672,0.74013,0.66738,0.5851073361020025,0.50256,0.44235,0.39141363986287625,0.34786,0.30785,0.25246
2026-01-27 13:10:00,25078.6,0.38621,0.39523,0.43152,0.48027,0.54075,0.6185,0.6834,0.75694,0.82697,0.90538,0.98283,1.04564,1.12058,1.15819,1.12954,1.0471,0.96446,0.90732,0.8283413868847985,0.76234,0.68031,0.6085624990353456,0.5333116326765991,0.4683872088445612,0.40577,0.35911,0.31882,0.25628
2026-01-27 13:15:00,25088.55,0.3841146471130407,0.41003,0.44149,0.48748,0.54588,0.62644,0.70165,0.76234,0.83383,0.88793,0.99268,1.0553474761893218,1.13316,1.14869,1.15813,1.07422,0.99013,0.9322,0.83392,0.77672,0.6902401196245302,0.61558,0.53137,0.46989,0.41386,0.36185,0.31305059062388874,0.26639
2026-01-27 13:20:00,25085.9,0.43553,0.43431,0.45449,0.49675,0.55424,0.6292824302039914,0.71032,0.7769163293358434,0.86254,0.92093,1.00047,1.0453,1.15693,1.19614,1.15829,1.07399,1.0125035761081724,0.94771,0.864916637017024,0.78017,0.70546,0.61252,0.5352278474001324,0.4614,0.39462,0.34472306704082445,0.3026,0.23747
2026-01-27 13:25:00,25098.05,0.46141,0.45251,0.46505,0.50455,0.56244,0.6333152125282796,0.71329,0.78384,0.86895,0.94142,1.01001,1.09028,1.1697,1.21001,1.176914596302271,1.10515,1.05253,0.97691,0.89784,0.81566,0.73052,0.64864,0.56142,0.47273,0.40676,0.34945,0.30219,0.27566101800675197
2026-01-27 13:30:00,25112.65,0.36831,0.38375,0.42904202721850704,0.48536,0.55493,0.63535,0.71437,0.79586,0.87378,0.94799,1.03188,1.101929615041397,1.16419,1.22291,1.22766,1.15967,1.08677,1.0096996809283774,0.92938,0.8436864577843824,0.75914,0.68207,0.58743,0.5117,0.44197,0.39028,0.35284,0.34792221387601835
2026-01-27 13:35:00,25095.5,0.28249,0.3523261010656241,0.42153,0.49482,0.5801793034627685,0.65956,0.7536,0.8196,0.9056965032866199,0.98382,1.0626487568336276,1.1389267672998953,1.2138772626650556,1.28497,1.21494,1.1566222100065222,1.09508,1.00257,0.93371,0.8427510334836992,0.7598581513908536,0.68561,0.6133893554469064,0.56349,0.52090615447124,0.52212,0.53098,0.59249
2026-01-27 13:40:00,25049.05,0.37743,0.42277,0.49073,0.569813026040704,0.66038,0.74594,0.82367,0.90134,0.97221,1.06132,1.1209,1.1978709400797518,1.27192,1.33216,1.20272,1.13539,1.06165,0.99634,0.92155,0.83142,0.73084,0.64204,0.55651,0.4863,0.42132,0.39112,0.36411,0.33202
2026-01-27 13:45:00,25044.1,0.42625,0.4600206937007649,0.51533,0.59021,0.6615609014623184,0.7409253100862444,0.8230183646780636,0.9040916019618577,0.9834880809799517,1.06364,1.15186,1.224656034696956,1.294370347271847,1.34114,1.2395389172790579,1.1581833359665428,1.0821,1.008444023079122,0.91634,0.83709,0.73498,0.63898,0.55494,0.47821672778534074,0.39944,0.35232,0.30672,0.22099
2026-01-27 13:50:00,25054.3,0.37171,0.42344,0.49546,0.57747,0.67696,0.75746,0.85059,0.94007,1.0022,1.08021,1.175515435186028,1.26015,1.34868,1.39246,1.314,1.2306890472177143,1.15066,1.06292,0.9819,0.88599,0.77972,0.67892,0.58948,0.50801,0.43768888087772706,0.39785,0.35565869852974585,0.34367
2026-01-27 13:55:00,25040.65,0.38421,0.43769,0.5183415763759984,0.6083,0.70442,0.7958883064772856,0.89528,0.97861,1.05464,1.13671,1.21434,1.30604,1.37665,1.44131,1.315346951918871,1.23488,1.1689208926108898,1.0871374491648407,0.99334,0.8929068321689547,0.7897949111856346,0.68166,0.5828686388533043,0.48888,0.40466,0.3535705986588054,0.29989,0.20917
2026-01-27 14:00:00,25042.35,0.32664,0.4114,0.50478,0.60881,0.70982,0.80406,0.89113,0.96993,1.0818,1.15066,1.22752,1.3206,1.41273,1.50397,1.3745014810644653,1.28946,1.18482,1.0946,1.01173,0.9052442948185906,0.8088,0.7024913088090478,0.6073,0.52322,0.44833,0.41858,0.41354835242029764,0.45000039241368256
2026-01-27 14:05:00,25010.6,0.39868,0.48123,0.5727487238569386,0.67489,0.78007,0.8729883682348974,0.9680179131564874,1.0674,1.15967,1.240093683987355,1.3227983940808365,1.41135,1.490279953510728,1.57916,1.35802,1.27511,1.1981718073322458,1.10648,0.99522,0.89362,0.78825,0.67908,0.56582,0.47476,0.4064505075410401,0.32586,0.27633,0.12281
2026-01-27 14:10:00,25041.35,0.37357,0.45821,0.55878,0.6636077995705633,0.77277,0.86212,0.94634,1.05464,1.1515787619356017,1.25296,1.3296351941873232,1.40178,1.49949,1.56997,1.40252,1.3198547463352976,1.2302463667745334,1.14421,1.0163,0.91977,0.8388,0.72874,0.6121338722822891,0.51409,0.41328,0.3543,0.31415,0.25836
2026-01-27 14:15:00,25034.25,0.3695,0.45459,0.56798,0.67166,0.7809695232506644,0.89058,0.990664698945243,1.08509,1.19427,1.31635,1.37374,1.49623,1.55624,1.62888,1.44116,1.35926,1.277856804323125,1.18998,1.05823,0.9419,0.8405089629058079,0.73568,0.62576,0.52151,0.41642,0.3612147627538711,0.31669,0.27147
2026-01-27 14:20:00,25028.4,0.40083,0.48493,0.59172,0.693222798604479,0.79921,0.89922,1.0028,1.10091,1.1940411641507847,1.2960616782370995,1.38358,1.51294,1.61732,1.710304910405439,1.48547,1.33764,1.3076,1.1853443946321862,1.07166,0.96811,0.8591,0.75421,0.6467,0.5403,0.44549,0.3874,0.34854,0.28994
2026-01-27 14:25:00,25022.0,0.42522,0.51321,0.62323,0.7317,0.84639,0.9497666851184863,1.04852,1.1661,1.26484,1.37808,1.46805,1.55096,1.65772,1.76347,1.555161926904414,1.4439065032281733,1.3424820389136898,1.22728,1.1153238310735467,1.0026612327375668,0.88354,0.76492,0.64858,0.5281,0.4163718667049542,0.31222331819076093,0.2175409173245778,0.11719
2026-01-27 14:30:00,25040.85,0.39181,0.50066,0.62518,0.75971,0.88623,0.99624,1.1264,1.2432,1.34177,1.46343,1.56662,1.66481,1.7658469360595987,1.87057,1.57868,1.49654,1.415399817619054,1.32053,1.1978488752761092,1.07647,0.944,0.8212,0.6883186869214213,0.57136,0.45098,0.36207,0.30341,0.2437482757448929
2026-01-27 14:35:00,25042.95,0.54896,0.57786,0.66313,0.76466,0.89905,1.00651,1.09641,1.22306,1.34797,1.50913,1.5931319981209469,1.68869,1.77649,1.8546,1.65134,1.52633,1.4625507508385105,1.38194,1.2511561365636683,1.12711,0.98879,0.87119,0.74329,0.60591,0.46679,0.34556390535875153,0.22762191508342874,0.10484
2026-01-27 14:40:00,25097.55,0.33389,0.42508,0.55551,0.67826,0.78645,0.92303,1.03769,1.16763,1.23569,1.42219,1.526587695687026,1.63715,1.7484657317338752,1.83068,1.7994,1.6687,1.5711744314873881,1.47385,1.33685,1.22119,1.06074,0.93888,0.84334,0.69108,0.5463679495197163,0.40992,0.31756,0.26193
2026-01-27 14:45:00,25108.1,0.37525,0.42842,0.5503966101854272,0.68849,0.8273,0.97349,1.11692,1.23827,1.32278,1.48454,1.58344,1.71158,1.8237433567546997,1.925824757374387,1.91042,1.71363,1.6267178637886444,1.53578,1.4097572487807268,1.27885,1.15422,1.00505,0.88216,0.7285979021647147,0.58912,0.43418,0.30565,0.20319
2026-01-27 14:50:00,25122.3,0.33178173484106915,0.4328,0.55658,0.70672,0.84021,0.9529,1.12283,1.2355755328562863,1.34638,1.48257,1.61719,1.79522,1.88216,1.94677,2.033337777354923,1.89989,1.7681233433911074,1.64927,1.5315446679274902,1.37749,1.24586,1.08792,0.94426,0.78047,0.6274521083248931,0.47032,0.31555,0.16639
2026-01-27 14:55:00,25143.55,0.35345,0.38729,0.52999,0.6764754513174148,0.82563,1.0072,1.1444870602593753,1.2937,1.40702,1.55288,1.69702,1.7779,1.8867012253373878,1.94457,2.1777864145319907,2.06243,1.9599428972068658,1.86546,1.7262,1.55776,1.38835,1.2177,1.08865,0.90835,0.7386063851893399,0.58392,0.39964,0.24166
2026-01-27 15:00:00,25118.0,0.22867,0.42577,0.5903892889079687,0.76229,0.93694,1.07719,1.24115,1.40258,1.56178,1.66008,1.71452,2.02809,2.10815,2.13811,2.27781,2.11407,1.9501,1.851498734731222,1.72376,1.54954,1.37437,1.19798,1.01998,0.864630659840315,0.6876,0.51939,0.32525,0.31591151376858206
2026-01-27 15:05:00,25134.65,0.20763,0.42034,0.58577,0.74767,0.96576,1.10655,1.2084,1.45281,1.62229,1.78968,1.85084,2.0438685913710057,2.16189,2.31529,2.60916,2.34411,2.1573970207963695,1.9936762234940337,1.8287122276420305,1.68275,1.44213,1.2974316776679893,1.11695,0.95237,0.75249,0.56259,0.35433,0.11644
2026-01-27 15:10:00,25154.95,0.16803,0.40933,0.6162695633344675,0.82645,0.9887306295889107,1.12661,1.3620548135063695,1.58429,1.7561115266791947,1.96159,2.03204,2.3302,2.38021,2.55189,2.71129,2.5390928955901773,2.380530631379065,2.13747,2.13017,1.85502,1.65228,1.44843,1.2431,0.97402,0.82574,0.6055233600718514,0.40968,0.17324
2026-01-27 15:15:00,25174.85,0.14225,0.42629,0.6745,0.81392,1.03772,1.33488,1.47205,1.7367708496580863,1.9617095741378756,2.22048,2.30421,2.50644,2.7022921856529916,2.90515,3.17201,2.95157,2.88296,2.51011,2.4194,2.06703,1.84445,1.62086,1.39592,1.16917,1.00123,0.75534,0.5076565756042243,0.23712
2026-01-27 15:20:00,25198.1,0.0168,0.39816,0.69406,0.9566174727318686,1.20671,1.47601,1.84647,2.00071,2.331432289836944,2.6557,2.76165,3.0532375626837696,3.3085979658494558,3.69076,3.9305651208867767,3.6968630642282476,3.40433,3.13418,2.86358,2.59234,2.32024,2.04698,1.77218,1.4953,1.21558,0.947741803239087,0.68798,0.3404
2026-01-27 15:25:00,25242.4,0.03726,0.35816,0.73157,1.13908,1.53259,1.91634,2.29252,2.66246,3.02705,3.3720650591974706,3.74259,3.9672122035357704,4.211736020990855,4.769233613964084,5.594409350221983,5.38476,4.97453,4.59339,4.21172,3.82927,3.44575,3.06078,2.6739,2.28444,1.89151,1.4507541744033279,1.08871,0.6631113704154218
