id,value
07-01-2026 09:15||NIFTY27JAN2624100PE,0.1632814414645341
07-01-2026 09:15||NIFTY27JAN2625500CE,0.1173082562550605
07-01-2026 09:15||NIFTY27JAN2625800CE,0.1007292290944727
07-01-2026 09:20||NIFTY27JAN2624000PE,0.1702659137160491
07-01-2026 09:20||NIFTY27JAN2624200PE,0.1595025216492135
07-01-2026 09:20||NIFTY27JAN2624800PE,0.1282737754984605
07-01-2026 09:20||NIFTY27JAN2625000PE,0.1185156500435481
07-01-2026 09:20||NIFTY27JAN2625300CE,0.1034495389847385
07-01-2026 09:20||NIFTY27JAN2625400CE,0.1109823154257412
07-01-2026 09:20||NIFTY27JAN2625800CE,0.1067077305727631
07-01-2026 09:20||NIFTY27JAN2625900CE,0.1034011203143497
07-01-2026 09:25||NIFTY27JAN2624300PE,0.1542462355290179
07-01-2026 09:25||NIFTY27JAN2625100PE,0.1144608795643383
07-01-2026 09:25||NIFTY27JAN2625300CE,0.0958146076247325
07-01-2026 09:25||NIFTY27JAN2626500CE,0.0851789365796642
07-01-2026 09:30||NIFTY27JAN2623900PE,0.1768245289766029
07-01-2026 09:30||NIFTY27JAN2624300PE,0.1528695953631366
07-01-2026 09:30||NIFTY27JAN2625900CE,0.1013561822579234
07-01-2026 09:30||NIFTY27JAN2626400CE,0.0892708035369259
07-01-2026 09:35||NIFTY27JAN2623900PE,0.1771762309424069
07-01-2026 09:35||NIFTY27JAN2624600PE,0.1372976387256648
07-01-2026 09:35||NIFTY27JAN2625100PE,0.1131288564666685
07-01-2026 09:35||NIFTY27JAN2625900CE,0.102727985047594
07-01-2026 09:35||NIFTY27JAN2626100CE,0.0959044091570264
07-01-2026 09:40||NIFTY27JAN2625100PE,0.1145292507703298
07-01-2026 09:40||NIFTY27JAN2625600CE,0.0881289420977569
07-01-2026 09:40||NIFTY27JAN2625800CE,0.0878344130280266
07-01-2026 09:40||NIFTY27JAN2625900CE,0.0863894325813095
07-01-2026 09:40||NIFTY27JAN2626200CE,0.083697075170182
07-01-2026 09:45||NIFTY27JAN2625000PE,0.115913477557532
07-01-2026 09:45||NIFTY27JAN2625200CE,0.1192524737439326
07-01-2026 09:45||NIFTY27JAN2625900CE,0.0995699939162182
07-01-2026 09:45||NIFTY27JAN2626400CE,0.0889545528709738
07-01-2026 09:50||NIFTY27JAN2623800PE,0.180581159733036
07-01-2026 09:50||NIFTY27JAN2624500PE,0.1410309649811947
07-01-2026 09:50||NIFTY27JAN2624900PE,0.1209267886239831
07-01-2026 09:50||NIFTY27JAN2625200CE,0.1241568514377788
07-01-2026 09:50||NIFTY27JAN2625500CE,0.1078080845896079
07-01-2026 09:50||NIFTY27JAN2625600CE,0.1055031960626571
07-01-2026 09:50||NIFTY27JAN2626400CE,0.0882598578125598
07-01-2026 09:55||NIFTY27JAN2624300PE,0.1517250485772509
07-01-2026 09:55||NIFTY27JAN2624700PE,0.1305756360106057
07-01-2026 09:55||NIFTY27JAN2625000PE,0.1152965008576195
07-01-2026 09:55||NIFTY27JAN2625500CE,0.12473677955047
07-01-2026 09:55||NIFTY27JAN2625800CE,0.1109211830208284
07-01-2026 09:55||NIFTY27JAN2625900CE,0.1070331301081658
07-01-2026 10:00||NIFTY27JAN2624600PE,0.1374487728481134
07-01-2026 10:00||NIFTY27JAN2625000PE,0.1173590198936051
07-01-2026 10:00||NIFTY27JAN2625900CE,0.1004826830016419
07-01-2026 10:00||NIFTY27JAN2626100CE,0.0947079469819544
07-01-2026 10:00||NIFTY27JAN2626500CE,0.0915272076752126
07-01-2026 10:05||NIFTY27JAN2625200CE,0.096881379624076
07-01-2026 10:05||NIFTY27JAN2625500CE,0.1131051814628551
07-01-2026 10:05||NIFTY27JAN2626300CE,0.0932868462480059
07-01-2026 10:10||NIFTY27JAN2623800PE,0.1848344650555057
07-01-2026 10:10||NIFTY27JAN2623900PE,0.1786705585702266
07-01-2026 10:10||NIFTY27JAN2624200PE,0.1607872019573032
07-01-2026 10:10||NIFTY27JAN2625500CE,0.1024361927204112
07-01-2026 10:10||NIFTY27JAN2625600CE,0.1029067057916586
07-01-2026 10:10||NIFTY27JAN2625700CE,0.1043351389192687
07-01-2026 10:10||NIFTY27JAN2625900CE,0.1023591320441795
07-01-2026 10:10||NIFTY27JAN2626000CE,0.100216206923976
07-01-2026 10:15||NIFTY27JAN2623900PE,0.1785521114343927
07-01-2026 10:15||NIFTY27JAN2625700CE,0.0927266899045964
07-01-2026 10:15||NIFTY27JAN2626100CE,0.0877125322109416
07-01-2026 10:15||NIFTY27JAN2626200CE,0.0865888902113781
07-01-2026 10:15||NIFTY27JAN2626500CE,0.0851013264294507
07-01-2026 10:20||NIFTY27JAN2624000PE,0.1723906806283672
07-01-2026 10:20||NIFTY27JAN2624200PE,0.1615406541112213
07-01-2026 10:20||NIFTY27JAN2624300PE,0.1560339953770634
07-01-2026 10:20||NIFTY27JAN2624500PE,0.145140790298516
07-01-2026 10:20||NIFTY27JAN2625500CE,0.1113866996401262
07-01-2026 10:20||NIFTY27JAN2625700CE,0.1029248749284584
07-01-2026 10:20||NIFTY27JAN2626100CE,0.0907339927824159
07-01-2026 10:25||NIFTY27JAN2624000PE,0.1707602771224887
07-01-2026 10:25||NIFTY27JAN2624100PE,0.1654067130390037
07-01-2026 10:25||NIFTY27JAN2625600CE,0.0946549320574469
07-01-2026 10:25||NIFTY27JAN2625700CE,0.0932801938244802
07-01-2026 10:25||NIFTY27JAN2626100CE,0.0899415854816253
07-01-2026 10:30||NIFTY27JAN2624200PE,0.1595105724071397
07-01-2026 10:30||NIFTY27JAN2625100PE,0.1117450526687866
07-01-2026 10:30||NIFTY27JAN2625500CE,0.1158452348378755
07-01-2026 10:30||NIFTY27JAN2625600CE,0.110483326476288
07-01-2026 10:30||NIFTY27JAN2626000CE,0.0959510285009139
07-01-2026 10:30||NIFTY27JAN2626200CE,0.0918542091827988
07-01-2026 10:30||NIFTY27JAN2626300CE,0.090006732114337
07-01-2026 10:35||NIFTY27JAN2623800PE,0.181898768756908
07-01-2026 10:35||NIFTY27JAN2624200PE,0.1593133850921899
07-01-2026 10:35||NIFTY27JAN2624500PE,0.142521939371893
07-01-2026 10:35||NIFTY27JAN2625000PE,0.1163441842335366
07-01-2026 10:35||NIFTY27JAN2625400CE,0.1224664805144231
07-01-2026 10:35||NIFTY27JAN2625500CE,0.1148384057211134
07-01-2026 10:35||NIFTY27JAN2626100CE,0.0951342820841645
07-01-2026 10:35||NIFTY27JAN2626300CE,0.0912282130376918
07-01-2026 10:40||NIFTY27JAN2623900PE,0.177322972310804
07-01-2026 10:40||NIFTY27JAN2624900PE,0.1222278152762929
07-01-2026 10:40||NIFTY27JAN2625100PE,0.1120867004525879
07-01-2026 10:40||NIFTY27JAN2625200CE,0.1319621050068237
07-01-2026 10:40||NIFTY27JAN2625400CE,0.1165686766861375
07-01-2026 10:40||NIFTY27JAN2625600CE,0.1062878148142229
07-01-2026 10:40||NIFTY27JAN2625800CE,0.0997774539948718
07-01-2026 10:40||NIFTY27JAN2626100CE,0.0927280808783178
07-01-2026 10:40||NIFTY27JAN2626300CE,0.0889109633837179
07-01-2026 10:45||NIFTY27JAN2624000PE,0.1709487100965789
07-01-2026 10:45||NIFTY27JAN2625100PE,0.1121478358661323
07-01-2026 10:45||NIFTY27JAN2625300CE,0.120268403342297
07-01-2026 10:45||NIFTY27JAN2626000CE,0.0947972634985044
07-01-2026 10:45||NIFTY27JAN2626400CE,0.0872253398074347
07-01-2026 10:50||NIFTY27JAN2623900PE,0.1765852090031283
07-01-2026 10:50||NIFTY27JAN2624200PE,0.1599797775362567
07-01-2026 10:50||NIFTY27JAN2625600CE,0.1105443501499183
07-01-2026 10:50||NIFTY27JAN2625800CE,0.1035549171935876
07-01-2026 10:55||NIFTY27JAN2624300PE,0.1557134767699595
07-01-2026 10:55||NIFTY27JAN2624900PE,0.1235306184057447
07-01-2026 10:55||NIFTY27JAN2625500CE,0.1020984899348083
07-01-2026 11:00||NIFTY27JAN2624200PE,0.1609260506898092
07-01-2026 11:00||NIFTY27JAN2626500CE,0.0883463094878522
07-01-2026 11:05||NIFTY27JAN2624300PE,0.1564748631088411
07-01-2026 11:05||NIFTY27JAN2624600PE,0.1403638289462906
07-01-2026 11:05||NIFTY27JAN2624800PE,0.1298690883285996
07-01-2026 11:05||NIFTY27JAN2625200CE,0.0890039714968712
07-01-2026 11:05||NIFTY27JAN2626000CE,0.09503826998872
07-01-2026 11:05||NIFTY27JAN2626200CE,0.0899897660987387
07-01-2026 11:10||NIFTY27JAN2624400PE,0.1498925012884038
07-01-2026 11:10||NIFTY27JAN2624800PE,0.12902522064042
07-01-2026 11:10||NIFTY27JAN2625200CE,0.109956025125174
07-01-2026 11:10||NIFTY27JAN2625500CE,0.1127928914036489
07-01-2026 11:10||NIFTY27JAN2625700CE,0.1023910258703289
07-01-2026 11:10||NIFTY27JAN2625900CE,0.0948668976304646
07-01-2026 11:10||NIFTY27JAN2626300CE,0.0868932939189096
07-01-2026 11:15||NIFTY27JAN2624000PE,0.1710728956082138
07-01-2026 11:15||NIFTY27JAN2624800PE,0.1274518661370758
07-01-2026 11:15||NIFTY27JAN2625400CE,0.1181629917408967
07-01-2026 11:15||NIFTY27JAN2626100CE,0.0955281837592815
07-01-2026 11:15||NIFTY27JAN2626300CE,0.0912571479549932
07-01-2026 11:20||NIFTY27JAN2623800PE,0.1818709918113631
07-01-2026 11:20||NIFTY27JAN2624200PE,0.1600677813394829
07-01-2026 11:20||NIFTY27JAN2624900PE,0.1222040109278024
07-01-2026 11:20||NIFTY27JAN2625300CE,0.1294708404297883
07-01-2026 11:20||NIFTY27JAN2625700CE,0.1003907489884219
07-01-2026 11:20||NIFTY27JAN2626000CE,0.0924428163182536
07-01-2026 11:25||NIFTY27JAN2623800PE,0.1810683165454873
07-01-2026 11:25||NIFTY27JAN2624400PE,0.1481381756764111
07-01-2026 11:25||NIFTY27JAN2624800PE,0.1266319706919636
07-01-2026 11:25||NIFTY27JAN2625300CE,0.1383583134115086
07-01-2026 11:25||NIFTY27JAN2625700CE,0.1054274437374559
07-01-2026 11:25||NIFTY27JAN2625800CE,0.1008537562551843
07-01-2026 11:25||NIFTY27JAN2625900CE,0.0974659415646581
07-01-2026 11:25||NIFTY27JAN2626000CE,0.0952406062197105
07-01-2026 11:25||NIFTY27JAN2626200CE,0.091560287240793
07-01-2026 11:30||NIFTY27JAN2624300PE,0.1542828371198591
07-01-2026 11:30||NIFTY27JAN2624400PE,0.1487039574252443
07-01-2026 11:35||NIFTY27JAN2624900PE,0.1224926263566755
07-01-2026 11:35||NIFTY27JAN2626300CE,0.0877366489976729
07-01-2026 11:40||NIFTY27JAN2624000PE,0.1710877156762516
07-01-2026 11:40||NIFTY27JAN2624500PE,0.1430958176315051
07-01-2026 11:40||NIFTY27JAN2625200CE,0.1293661177815853
07-01-2026 11:40||NIFTY27JAN2625900CE,0.1002925904076438
07-01-2026 11:45||NIFTY27JAN2624000PE,0.1703692319742704
07-01-2026 11:45||NIFTY27JAN2625000PE,0.1158203050140964
07-01-2026 11:45||NIFTY27JAN2625500CE,0.1139404292477247
07-01-2026 11:45||NIFTY27JAN2625600CE,0.1099191422732715
07-01-2026 11:45||NIFTY27JAN2626400CE,0.088676839814241
07-01-2026 11:50||NIFTY27JAN2624000PE,0.1702647284995563
07-01-2026 11:50||NIFTY27JAN2624600PE,0.1371315212170548
07-01-2026 11:50||NIFTY27JAN2625700CE,0.1010827593420291
07-01-2026 11:50||NIFTY27JAN2626400CE,0.0858778620132572
07-01-2026 11:55||NIFTY27JAN2623900PE,0.1756515603224031
07-01-2026 11:55||NIFTY27JAN2625200CE,0.1556071308381388
07-01-2026 11:55||NIFTY27JAN2625400CE,0.1232472324236262
07-01-2026 11:55||NIFTY27JAN2626100CE,0.0928135478157492
07-01-2026 11:55||NIFTY27JAN2626300CE,0.0891458909131135
07-01-2026 12:00||NIFTY27JAN2624300PE,0.1523411625795485
07-01-2026 12:00||NIFTY27JAN2624500PE,0.1412048647116106
07-01-2026 12:00||NIFTY27JAN2625500CE,0.1122928956620181
07-01-2026 12:00||NIFTY27JAN2625600CE,0.1067215710637941
07-01-2026 12:00||NIFTY27JAN2626400CE,0.0875244284784792
07-01-2026 12:05||NIFTY27JAN2624200PE,0.1577552513867431
07-01-2026 12:05||NIFTY27JAN2624300PE,0.152059722299634
07-01-2026 12:05||NIFTY27JAN2625300CE,0.1453288401360241
07-01-2026 12:05||NIFTY27JAN2625900CE,0.1003073238837827
07-01-2026 12:05||NIFTY27JAN2626000CE,0.0975465703300257
07-01-2026 12:05||NIFTY27JAN2626300CE,0.090977468205684
07-01-2026 12:05||NIFTY27JAN2626400CE,0.0893055978972079
07-01-2026 12:10||NIFTY27JAN2624000PE,0.1684262386621716
07-01-2026 12:10||NIFTY27JAN2625200CE,0.1689726990074014
07-01-2026 12:10||NIFTY27JAN2625600CE,0.1138887489487989
07-01-2026 12:10||NIFTY27JAN2626500CE,0.0895281979214006
07-01-2026 12:15||NIFTY27JAN2624300PE,0.1513799313888974
07-01-2026 12:15||NIFTY27JAN2625000PE,0.1149770157487619
07-01-2026 12:15||NIFTY27JAN2625100PE,0.110149426468476
07-01-2026 12:15||NIFTY27JAN2625300CE,0.1473068646720838
07-01-2026 12:15||NIFTY27JAN2625500CE,0.1191719869625472
07-01-2026 12:15||NIFTY27JAN2625600CE,0.1124254492689662
07-01-2026 12:20||NIFTY27JAN2624000PE,0.1682817275212478
07-01-2026 12:20||NIFTY27JAN2624400PE,0.1457695245302052
07-01-2026 12:20||NIFTY27JAN2625100PE,0.110567574552598
07-01-2026 12:20||NIFTY27JAN2626100CE,0.0959047601047213
07-01-2026 12:25||NIFTY27JAN2624400PE,0.1460893350762259
07-01-2026 12:25||NIFTY27JAN2624600PE,0.1356915218693046
07-01-2026 12:25||NIFTY27JAN2624700PE,0.1306587112559596
07-01-2026 12:25||NIFTY27JAN2625300CE,0.1346383576459655
07-01-2026 12:25||NIFTY27JAN2626300CE,0.0903114514820035
07-01-2026 12:30||NIFTY27JAN2623800PE,0.1793503289037715
07-01-2026 12:30||NIFTY27JAN2624000PE,0.1680457611985236
07-01-2026 12:30||NIFTY27JAN2624100PE,0.1624271935729252
07-01-2026 12:30||NIFTY27JAN2624500PE,0.141194362135734
07-01-2026 12:30||NIFTY27JAN2624600PE,0.1359185239958858
07-01-2026 12:30||NIFTY27JAN2625200CE,0.1386153128091583
07-01-2026 12:30||NIFTY27JAN2626300CE,0.0915019257345893
07-01-2026 12:35||NIFTY27JAN2625100PE,0.1105728651108701
07-01-2026 12:35||NIFTY27JAN2625300CE,0.1286962480257899
07-01-2026 12:35||NIFTY27JAN2625400CE,0.1212467820043341
07-01-2026 12:35||NIFTY27JAN2626300CE,0.0911212039554238
07-01-2026 12:35||NIFTY27JAN2626500CE,0.0900066231240574
07-01-2026 12:40||NIFTY27JAN2625100PE,0.1114390773187992
07-01-2026 12:40||NIFTY27JAN2625700CE,0.0995933325161484
07-01-2026 12:45||NIFTY27JAN2623800PE,0.1774956435917225
07-01-2026 12:45||NIFTY27JAN2624000PE,0.1665552108891441
07-01-2026 12:45||NIFTY27JAN2624900PE,0.1193222907557016
07-01-2026 12:45||NIFTY27JAN2625000PE,0.1143871332228095
07-01-2026 12:45||NIFTY27JAN2625800CE,0.1022809534809752
07-01-2026 12:45||NIFTY27JAN2626400CE,0.0876904008884532
07-01-2026 12:50||NIFTY27JAN2624400PE,0.1451409225427305
07-01-2026 12:50||NIFTY27JAN2624700PE,0.1291686595335777
07-01-2026 12:50||NIFTY27JAN2625100PE,0.1093121412055875
07-01-2026 12:50||NIFTY27JAN2626300CE,0.0905172894662816
07-01-2026 12:55||NIFTY27JAN2623800PE,0.1790954116635538
07-01-2026 12:55||NIFTY27JAN2623900PE,0.1734161521449603
07-01-2026 12:55||NIFTY27JAN2625100PE,0.1092387314331599
07-01-2026 12:55||NIFTY27JAN2625200CE,0.1325391992894937
07-01-2026 12:55||NIFTY27JAN2625300CE,0.1278024242719665
07-01-2026 13:00||NIFTY27JAN2624000PE,0.1685562288452976
07-01-2026 13:00||NIFTY27JAN2624400PE,0.1458467311621171
07-01-2026 13:00||NIFTY27JAN2624600PE,0.1348654861581675
07-01-2026 13:00||NIFTY27JAN2625300CE,0.1291729077870367
07-01-2026 13:00||NIFTY27JAN2625800CE,0.1050815651577776
07-01-2026 13:05||NIFTY27JAN2623900PE,0.1741471122091136
07-01-2026 13:05||NIFTY27JAN2624700PE,0.1298354446199505
07-01-2026 13:05||NIFTY27JAN2625200CE,0.1224105705582406
07-01-2026 13:05||NIFTY27JAN2625400CE,0.1179317429919693
07-01-2026 13:05||NIFTY27JAN2626100CE,0.0935725165351661
07-01-2026 13:10||NIFTY27JAN2624400PE,0.1459923232144765
07-01-2026 13:10||NIFTY27JAN2624700PE,0.1302381475410123
07-01-2026 13:10||NIFTY27JAN2625400CE,0.1175245707147108
07-01-2026 13:10||NIFTY27JAN2625900CE,0.0976779003420375
07-01-2026 13:10||NIFTY27JAN2626400CE,0.0867096721694294
07-01-2026 13:15||NIFTY27JAN2624600PE,0.134956286386576
07-01-2026 13:15||NIFTY27JAN2625400CE,0.1194402216136756
07-01-2026 13:15||NIFTY27JAN2625500CE,0.1157130126938404
07-01-2026 13:15||NIFTY27JAN2625700CE,0.1082099571902509
07-01-2026 13:15||NIFTY27JAN2625800CE,0.1041343724959632
07-01-2026 13:15||NIFTY27JAN2626400CE,0.0877938728477482
07-01-2026 13:20||NIFTY27JAN2624000PE,0.1675350358597759
07-01-2026 13:20||NIFTY27JAN2624500PE,0.1401476813420354
07-01-2026 13:20||NIFTY27JAN2624800PE,0.12453478975147
07-01-2026 13:20||NIFTY27JAN2624900PE,0.1194252377083044
07-01-2026 13:20||NIFTY27JAN2625000PE,0.114346891945093
07-01-2026 13:20||NIFTY27JAN2626300CE,0.0875188176562784
07-01-2026 13:25||NIFTY27JAN2624200PE,0.1554932260749903
07-01-2026 13:25||NIFTY27JAN2624600PE,0.1333285151840723
07-01-2026 13:25||NIFTY27JAN2624700PE,0.1280614253147832
07-01-2026 13:25||NIFTY27JAN2625100PE,0.1085862087677397
07-01-2026 13:25||NIFTY27JAN2626300CE,0.0912496806465356
07-01-2026 13:25||NIFTY27JAN2626400CE,0.0904325659359
07-01-2026 13:25||NIFTY27JAN2626500CE,0.0897524307231951
07-01-2026 13:30||NIFTY27JAN2624000PE,0.166312342694083
07-01-2026 13:30||NIFTY27JAN2624400PE,0.1441369856636163
07-01-2026 13:30||NIFTY27JAN2624600PE,0.1331474350204346
07-01-2026 13:30||NIFTY27JAN2624900PE,0.1174986961412688
07-01-2026 13:30||NIFTY27JAN2625300CE,0.1388244125032749
07-01-2026 13:30||NIFTY27JAN2625700CE,0.1095372900738261
07-01-2026 13:30||NIFTY27JAN2625800CE,0.104391039143525
07-01-2026 13:30||NIFTY27JAN2626500CE,0.0883062074761143
07-01-2026 13:35||NIFTY27JAN2623900PE,0.1725923523409441
07-01-2026 13:35||NIFTY27JAN2624200PE,0.1554929358570005
07-01-2026 13:35||NIFTY27JAN2624300PE,0.1499051074469465
07-01-2026 13:35||NIFTY27JAN2625100PE,0.107330310272785
07-01-2026 13:35||NIFTY27JAN2625200CE,0.151065074218163
07-01-2026 13:35||NIFTY27JAN2625300CE,0.1415201241962525
07-01-2026 13:40||NIFTY27JAN2624300PE,0.1496896922325759
07-01-2026 13:40||NIFTY27JAN2625000PE,0.1125420685694366
07-01-2026 13:40||NIFTY27JAN2625700CE,0.1102093363132823
07-01-2026 13:40||NIFTY27JAN2626100CE,0.0945868602279502
07-01-2026 13:45||NIFTY27JAN2623900PE,0.1724289901053358
07-01-2026 13:45||NIFTY27JAN2624200PE,0.1549849576242163
07-01-2026 13:45||NIFTY27JAN2624600PE,0.1328108074167641
07-01-2026 13:45||NIFTY27JAN2625200CE,0.1435204851286062
07-01-2026 13:45||NIFTY27JAN2625400CE,0.130791356974894
07-01-2026 13:50||NIFTY27JAN2623800PE,0.1786269918915386
07-01-2026 13:50||NIFTY27JAN2623900PE,0.1727187950442947
07-01-2026 13:50||NIFTY27JAN2624100PE,0.1612540474138051
07-01-2026 13:55||NIFTY27JAN2624400PE,0.1442696162327105
07-01-2026 13:55||NIFTY27JAN2625100PE,0.1082332428331617
07-01-2026 13:55||NIFTY27JAN2625300CE,0.1334457281639785
07-01-2026 13:55||NIFTY27JAN2625800CE,0.1069938072251697
07-01-2026 13:55||NIFTY27JAN2626400CE,0.089289790479487
07-01-2026 14:00||NIFTY27JAN2623800PE,0.1776550251514825
07-01-2026 14:00||NIFTY27JAN2623900PE,0.1721588203779684
07-01-2026 14:00||NIFTY27JAN2625400CE,0.1203030887124051
07-01-2026 14:00||NIFTY27JAN2625500CE,0.1152204708262298
07-01-2026 14:00||NIFTY27JAN2625900CE,0.1013751353144048
07-01-2026 14:00||NIFTY27JAN2626200CE,0.0927971055996329
07-01-2026 14:05||NIFTY27JAN2624000PE,0.1671017017741969
07-01-2026 14:05||NIFTY27JAN2624200PE,0.1563158950974564
07-01-2026 14:05||NIFTY27JAN2624400PE,0.1452098317269662
07-01-2026 14:05||NIFTY27JAN2625900CE,0.0992817720901625
07-01-2026 14:05||NIFTY27JAN2626000CE,0.0962030635316745
07-01-2026 14:05||NIFTY27JAN2626300CE,0.0886711206928946
07-01-2026 14:10||NIFTY27JAN2623800PE,0.1771689125048259
07-01-2026 14:10||NIFTY27JAN2624000PE,0.1671647590963924
07-01-2026 14:10||NIFTY27JAN2624700PE,0.1296798572697187
07-01-2026 14:10||NIFTY27JAN2626100CE,0.091402937324271
07-01-2026 14:10||NIFTY27JAN2626200CE,0.089354088519213
07-01-2026 14:10||NIFTY27JAN2626400CE,0.086129886665097
07-01-2026 14:15||NIFTY27JAN2625200CE,0.1254866095416275
07-01-2026 14:15||NIFTY27JAN2625600CE,0.1067673572138337
07-01-2026 14:15||NIFTY27JAN2625900CE,0.0959928614320587
07-01-2026 14:15||NIFTY27JAN2626200CE,0.0891558760311156
07-01-2026 14:20||NIFTY27JAN2623800PE,0.1765321662635033
07-01-2026 14:20||NIFTY27JAN2624500PE,0.139557193345535
07-01-2026 14:20||NIFTY27JAN2625400CE,0.1190504539012907
07-01-2026 14:20||NIFTY27JAN2625700CE,0.1050400467514876
07-01-2026 14:20||NIFTY27JAN2626300CE,0.0878445716807413
07-01-2026 14:25||NIFTY27JAN2623900PE,0.1725168221740049
07-01-2026 14:25||NIFTY27JAN2625400CE,0.1192112679374791
07-01-2026 14:25||NIFTY27JAN2625700CE,0.1064981204233695
07-01-2026 14:25||NIFTY27JAN2625900CE,0.0992452055096286
07-01-2026 14:25||NIFTY27JAN2626300CE,0.0891097582774678
07-01-2026 14:30||NIFTY27JAN2624800PE,0.123875217503294
07-01-2026 14:30||NIFTY27JAN2625100PE,0.110189985471249
07-01-2026 14:30||NIFTY27JAN2625300CE,0.1172667416081582
07-01-2026 14:30||NIFTY27JAN2626300CE,0.0862689871105656
07-01-2026 14:35||NIFTY27JAN2624000PE,0.1666784315391309
07-01-2026 14:35||NIFTY27JAN2624100PE,0.161689097472597
07-01-2026 14:35||NIFTY27JAN2624400PE,0.1454461735891194
07-01-2026 14:35||NIFTY27JAN2624700PE,0.1290130017307027
07-01-2026 14:35||NIFTY27JAN2625000PE,0.1131424837606955
07-01-2026 14:35||NIFTY27JAN2626400CE,0.0892265867970192
07-01-2026 14:35||NIFTY27JAN2626500CE,0.0882093112381963
07-01-2026 14:40||NIFTY27JAN2623800PE,0.1780233087942769
07-01-2026 14:40||NIFTY27JAN2624100PE,0.1631336898027383
07-01-2026 14:40||NIFTY27JAN2625100PE,0.1083534412345054
07-01-2026 14:40||NIFTY27JAN2625400CE,0.1207769790252324
07-01-2026 14:40||NIFTY27JAN2626200CE,0.0917598548365249
07-01-2026 14:45||NIFTY27JAN2623800PE,0.1785942317159081
07-01-2026 14:45||NIFTY27JAN2624000PE,0.1688422902075854
07-01-2026 14:45||NIFTY27JAN2624200PE,0.1579618710301203
07-01-2026 14:45||NIFTY27JAN2624500PE,0.1407424984203822
07-01-2026 14:45||NIFTY27JAN2624900PE,0.1194259230792387
07-01-2026 14:50||NIFTY27JAN2623900PE,0.1728559249627356
07-01-2026 14:50||NIFTY27JAN2624900PE,0.1183635300743206
07-01-2026 14:50||NIFTY27JAN2625600CE,0.1177676587654798
07-01-2026 14:50||NIFTY27JAN2626400CE,0.0903754669032502
07-01-2026 14:50||NIFTY27JAN2626500CE,0.089582693608225
07-01-2026 14:55||NIFTY27JAN2624100PE,0.1639764629254769
07-01-2026 14:55||NIFTY27JAN2624300PE,0.1526827577016803
07-01-2026 14:55||NIFTY27JAN2624600PE,0.1355096878961617
07-01-2026 14:55||NIFTY27JAN2625900CE,0.0978719954173015
07-01-2026 14:55||NIFTY27JAN2626300CE,0.0882953692752767
07-01-2026 15:00||NIFTY27JAN2623900PE,0.1743254817942746
07-01-2026 15:00||NIFTY27JAN2625100PE,0.1112120235187828
07-01-2026 15:00||NIFTY27JAN2625700CE,0.1012955593797694
07-01-2026 15:00||NIFTY27JAN2626000CE,0.0926263966020996
07-01-2026 15:00||NIFTY27JAN2626400CE,0.085742367079281
07-01-2026 15:05||NIFTY27JAN2624200PE,0.1590038397315419
07-01-2026 15:05||NIFTY27JAN2624500PE,0.1418851686778429
07-01-2026 15:05||NIFTY27JAN2625400CE,0.1110808282786291
07-01-2026 15:05||NIFTY27JAN2626000CE,0.0923282734104036
07-01-2026 15:05||NIFTY27JAN2626400CE,0.0851949612595795
07-01-2026 15:10||NIFTY27JAN2623800PE,0.179663494946405
07-01-2026 15:10||NIFTY27JAN2624000PE,0.1703002295380286
07-01-2026 15:10||NIFTY27JAN2624400PE,0.1488616828863668
07-01-2026 15:10||NIFTY27JAN2624500PE,0.1431815992286905
07-01-2026 15:10||NIFTY27JAN2626500CE,0.0825517018983538
07-01-2026 15:15||NIFTY27JAN2624200PE,0.1601908992814562
07-01-2026 15:15||NIFTY27JAN2624900PE,0.1218265160814508
07-01-2026 15:15||NIFTY27JAN2625100PE,0.1123507957429436
07-01-2026 15:15||NIFTY27JAN2625600CE,0.0961128419964654
07-01-2026 15:20||NIFTY27JAN2624100PE,0.1652030226572325
07-01-2026 15:20||NIFTY27JAN2625900CE,0.0919928116364762
07-01-2026 15:20||NIFTY27JAN2626300CE,0.0859436050031376
07-01-2026 15:25||NIFTY27JAN2624700PE,0.1314864149862916
07-01-2026 15:25||NIFTY27JAN2625500CE,0.1092100480557211
07-01-2026 15:25||NIFTY27JAN2626100CE,0.0900068017860058
07-01-2026 15:25||NIFTY27JAN2626400CE,0.0868663528566829
07-01-2026 15:25||NIFTY27JAN2626500CE,0.0871081817295888
08-01-2026 09:15||NIFTY27JAN2624100PE,0.1615602855340482
08-01-2026 09:15||NIFTY27JAN2624300PE,0.1537593203311026
08-01-2026 09:15||NIFTY27JAN2625100PE,0.1099118525083941
08-01-2026 09:15||NIFTY27JAN2625300CE,0.1280979553979274
08-01-2026 09:15||NIFTY27JAN2626300CE,0.0869445471461439
08-01-2026 09:20||NIFTY27JAN2623800PE,0.1834747448153797
08-01-2026 09:20||NIFTY27JAN2624100PE,0.1633383398435475
08-01-2026 09:20||NIFTY27JAN2624800PE,0.1258010490617106
08-01-2026 09:20||NIFTY27JAN2624900PE,0.1206251010121835
08-01-2026 09:20||NIFTY27JAN2625300CE,0.1038582696729413
08-01-2026 09:20||NIFTY27JAN2625900CE,0.0875266773764911
08-01-2026 09:20||NIFTY27JAN2626000CE,0.0860637363336026
08-01-2026 09:20||NIFTY27JAN2626400CE,0.0851961698212774
08-01-2026 09:20||NIFTY27JAN2626500CE,0.0860508374471303
08-01-2026 09:25||NIFTY27JAN2623900PE,0.1772032751075936
08-01-2026 09:25||NIFTY27JAN2624100PE,0.1635706588658366
08-01-2026 09:25||NIFTY27JAN2624200PE,0.1585000520521734
08-01-2026 09:25||NIFTY27JAN2625300CE,0.1102687451486753
08-01-2026 09:25||NIFTY27JAN2626200CE,0.0839375611148515
08-01-2026 09:25||NIFTY27JAN2626400CE,0.0830294663772023
08-01-2026 09:30||NIFTY27JAN2624100PE,0.1623726913128007
08-01-2026 09:30||NIFTY27JAN2624700PE,0.1287373229870291
08-01-2026 09:30||NIFTY27JAN2624800PE,0.1237801430089021
08-01-2026 09:30||NIFTY27JAN2624900PE,0.1187369541901465
08-01-2026 09:30||NIFTY27JAN2625000PE,0.1136282214564067
08-01-2026 09:30||NIFTY27JAN2626200CE,0.0876973343019483
08-01-2026 09:30||NIFTY27JAN2626300CE,0.0868682093687061
08-01-2026 09:35||NIFTY27JAN2623900PE,0.173508874820969
08-01-2026 09:35||NIFTY27JAN2624100PE,0.1625672434058017
08-01-2026 09:35||NIFTY27JAN2624400PE,0.1452480414969354
08-01-2026 09:35||NIFTY27JAN2625300CE,0.130297735252677
08-01-2026 09:35||NIFTY27JAN2625400CE,0.124123634407378
08-01-2026 09:35||NIFTY27JAN2626100CE,0.0957012471273231
08-01-2026 09:35||NIFTY27JAN2626200CE,0.0933216394269296
08-01-2026 09:35||NIFTY27JAN2626500CE,0.0907217737736819
08-01-2026 09:40||NIFTY27JAN2623800PE,0.181935848964702
08-01-2026 09:40||NIFTY27JAN2624800PE,0.125226133866258
08-01-2026 09:40||NIFTY27JAN2624900PE,0.1199832954069575
08-01-2026 09:40||NIFTY27JAN2625000PE,0.1148358577124054
08-01-2026 09:40||NIFTY27JAN2625200CE,0.0868604989558806
08-01-2026 09:40||NIFTY27JAN2625700CE,0.0984562541566366
08-01-2026 09:40||NIFTY27JAN2626200CE,0.0859494577836068
08-01-2026 09:40||NIFTY27JAN2626400CE,0.0842134458209398
08-01-2026 09:45||NIFTY27JAN2624200PE,0.1590615738259415
08-01-2026 09:45||NIFTY27JAN2624600PE,0.1353208256789217
08-01-2026 09:45||NIFTY27JAN2625400CE,0.1027501980562153
08-01-2026 09:45||NIFTY27JAN2625900CE,0.0935942481213687
08-01-2026 09:45||NIFTY27JAN2626500CE,0.0871334275614046
08-01-2026 09:50||NIFTY27JAN2624400PE,0.1463566651401946
08-01-2026 09:50||NIFTY27JAN2625100PE,0.1099973635170199
08-01-2026 09:50||NIFTY27JAN2625500CE,0.1176516440031354
08-01-2026 09:50||NIFTY27JAN2625600CE,0.113082020636698
08-01-2026 09:50||NIFTY27JAN2626400CE,0.0886857191762831
08-01-2026 09:55||NIFTY27JAN2624200PE,0.1602005921748699
08-01-2026 09:55||NIFTY27JAN2624600PE,0.1368895971563761
08-01-2026 09:55||NIFTY27JAN2625000PE,0.1169812568065294
08-01-2026 09:55||NIFTY27JAN2625100PE,0.1134116203830974
08-01-2026 09:55||NIFTY27JAN2625300CE,0.1149582252068515
08-01-2026 09:55||NIFTY27JAN2626000CE,0.0902294555201545
08-01-2026 09:55||NIFTY27JAN2626200CE,0.087175997739272
08-01-2026 10:00||NIFTY27JAN2624600PE,0.1363631700702876
08-01-2026 10:00||NIFTY27JAN2625900CE,0.0884661823307345
08-01-2026 10:00||NIFTY27JAN2626100CE,0.086021406344217
08-01-2026 10:00||NIFTY27JAN2626200CE,0.0848502772920237
08-01-2026 10:05||NIFTY27JAN2624800PE,0.1249611606498779
08-01-2026 10:05||NIFTY27JAN2625500CE,0.1010146936146302
08-01-2026 10:05||NIFTY27JAN2625800CE,0.0909997520140672
08-01-2026 10:05||NIFTY27JAN2626000CE,0.0876782916961518
08-01-2026 10:05||NIFTY27JAN2626500CE,0.08403645825925
08-01-2026 10:10||NIFTY27JAN2624100PE,0.1632627170399416
08-01-2026 10:10||NIFTY27JAN2625000PE,0.1129611289347495
08-01-2026 10:10||NIFTY27JAN2625100PE,0.1077080300745659
08-01-2026 10:10||NIFTY27JAN2625200CE,0.1658098869797308
08-01-2026 10:10||NIFTY27JAN2625600CE,0.1050995808843863
08-01-2026 10:10||NIFTY27JAN2625800CE,0.0991034815925568
08-01-2026 10:10||NIFTY27JAN2626400CE,0.0861855018325351
08-01-2026 10:15||NIFTY27JAN2625100PE,0.1100558376816882
08-01-2026 10:15||NIFTY27JAN2625700CE,0.0930701194402152
08-01-2026 10:15||NIFTY27JAN2625800CE,0.0898497800147149
08-01-2026 10:15||NIFTY27JAN2626500CE,0.0844773558408715
08-01-2026 10:20||NIFTY27JAN2625200CE,0.1202966248383845
08-01-2026 10:20||NIFTY27JAN2626400CE,0.0863602907301414
08-01-2026 10:25||NIFTY27JAN2623900PE,0.1742502923546105
08-01-2026 10:25||NIFTY27JAN2624000PE,0.168897090597164
08-01-2026 10:25||NIFTY27JAN2624400PE,0.1455210403542772
08-01-2026 10:25||NIFTY27JAN2624800PE,0.1233620329899002
08-01-2026 10:25||NIFTY27JAN2625000PE,0.113544635572877
08-01-2026 10:25||NIFTY27JAN2625100PE,0.1093083923347756
08-01-2026 10:25||NIFTY27JAN2625200CE,0.1257211549488641
08-01-2026 10:25||NIFTY27JAN2625500CE,0.1102799458160223
08-01-2026 10:25||NIFTY27JAN2625600CE,0.1061258420845706
08-01-2026 10:25||NIFTY27JAN2625700CE,0.102666260494943
08-01-2026 10:25||NIFTY27JAN2626100CE,0.0919922531359933
08-01-2026 10:25||NIFTY27JAN2626500CE,0.0868967468620817
08-01-2026 10:30||NIFTY27JAN2623800PE,0.1790259761360377
08-01-2026 10:30||NIFTY27JAN2624000PE,0.1689875676431352
08-01-2026 10:30||NIFTY27JAN2624400PE,0.1458390441337939
08-01-2026 10:30||NIFTY27JAN2624500PE,0.1401623669486053
08-01-2026 10:30||NIFTY27JAN2626000CE,0.0943054891582167
08-01-2026 10:30||NIFTY27JAN2626400CE,0.0893417292564795
08-01-2026 10:30||NIFTY27JAN2626500CE,0.0894035672358535
08-01-2026 10:35||NIFTY27JAN2624000PE,0.1696973229435584
08-01-2026 10:35||NIFTY27JAN2624200PE,0.1583226432541632
08-01-2026 10:35||NIFTY27JAN2625800CE,0.0946719806297186
08-01-2026 10:35||NIFTY27JAN2626300CE,0.0868568454090225
08-01-2026 10:35||NIFTY27JAN2626500CE,0.0856217915709031
08-01-2026 10:40||NIFTY27JAN2624000PE,0.1677132510774357
08-01-2026 10:40||NIFTY27JAN2624300PE,0.150777383730736
08-01-2026 10:40||NIFTY27JAN2625000PE,0.1128528519831069
08-01-2026 10:40||NIFTY27JAN2625500CE,0.1140640965706621
08-01-2026 10:40||NIFTY27JAN2625900CE,0.0963384082700603
08-01-2026 10:40||NIFTY27JAN2626100CE,0.0916252444090102
08-01-2026 10:40||NIFTY27JAN2626300CE,0.0885466919980884
08-01-2026 10:40||NIFTY27JAN2626400CE,0.087234198810425
08-01-2026 10:45||NIFTY27JAN2623900PE,0.1738156134537455
08-01-2026 10:45||NIFTY27JAN2624200PE,0.1571266081000481
08-01-2026 10:45||NIFTY27JAN2625200CE,0.1273161208651011
08-01-2026 10:45||NIFTY27JAN2625300CE,0.1212869386000104
08-01-2026 10:45||NIFTY27JAN2625600CE,0.1037349145414073
08-01-2026 10:45||NIFTY27JAN2626400CE,0.087879747141789
08-01-2026 10:45||NIFTY27JAN2626500CE,0.0881509018163277
08-01-2026 10:50||NIFTY27JAN2623900PE,0.1733106430198659
08-01-2026 10:50||NIFTY27JAN2625500CE,0.1050119159322151
08-01-2026 10:50||NIFTY27JAN2625800CE,0.0951094442973102
08-01-2026 10:50||NIFTY27JAN2626100CE,0.0906070258664817
08-01-2026 10:50||NIFTY27JAN2626500CE,0.0867272296231623
08-01-2026 10:55||NIFTY27JAN2624000PE,0.1673053507300819
08-01-2026 10:55||NIFTY27JAN2624700PE,0.1286437422541684
08-01-2026 10:55||NIFTY27JAN2624800PE,0.1232106373322929
08-01-2026 10:55||NIFTY27JAN2625100PE,0.1091718779299435
08-01-2026 10:55||NIFTY27JAN2625400CE,0.1180881674752423
08-01-2026 10:55||NIFTY27JAN2625600CE,0.1045184035258157
08-01-2026 11:00||NIFTY27JAN2623800PE,0.1791905732881835
08-01-2026 11:00||NIFTY27JAN2623900PE,0.1734807459257185
08-01-2026 11:00||NIFTY27JAN2624000PE,0.1677236443582647
08-01-2026 11:00||NIFTY27JAN2624300PE,0.1506437138330894
08-01-2026 11:00||NIFTY27JAN2624600PE,0.1342541787879021
08-01-2026 11:00||NIFTY27JAN2625000PE,0.1147699639207512
08-01-2026 11:00||NIFTY27JAN2625100PE,0.1103949869484242
08-01-2026 11:00||NIFTY27JAN2626200CE,0.0901175007809564
08-01-2026 11:00||NIFTY27JAN2626500CE,0.087222907305581
08-01-2026 11:05||NIFTY27JAN2623800PE,0.1817349001054332
08-01-2026 11:05||NIFTY27JAN2624200PE,0.1555047863561199
08-01-2026 11:05||NIFTY27JAN2624400PE,0.1446423724145139
08-01-2026 11:05||NIFTY27JAN2624800PE,0.1241708220837747
08-01-2026 11:05||NIFTY27JAN2625400CE,0.1195453509039045
08-01-2026 11:05||NIFTY27JAN2626000CE,0.0940553785611621
08-01-2026 11:05||NIFTY27JAN2626200CE,0.0908935194502105
08-01-2026 11:05||NIFTY27JAN2626300CE,0.0895217601589098
08-01-2026 11:10||NIFTY27JAN2624000PE,0.1671726636176461
08-01-2026 11:10||NIFTY27JAN2624200PE,0.1555839995606189
08-01-2026 11:10||NIFTY27JAN2624400PE,0.1450334512742535
08-01-2026 11:10||NIFTY27JAN2624600PE,0.1351643536633573
08-01-2026 11:10||NIFTY27JAN2624700PE,0.1302159469210176
08-01-2026 11:10||NIFTY27JAN2625200CE,0.153635832420634
08-01-2026 11:10||NIFTY27JAN2625600CE,0.1028770399872377
08-01-2026 11:10||NIFTY27JAN2625900CE,0.0950809429155565
08-01-2026 11:10||NIFTY27JAN2626000CE,0.093081921163023
08-01-2026 11:15||NIFTY27JAN2624100PE,0.1646360823986049
08-01-2026 11:15||NIFTY27JAN2624200PE,0.1587275613375509
08-01-2026 11:15||NIFTY27JAN2624900PE,0.1210747981319124
08-01-2026 11:15||NIFTY27JAN2625200CE,0.1326399085064328
08-01-2026 11:15||NIFTY27JAN2626200CE,0.0902403055582914
08-01-2026 11:15||NIFTY27JAN2626400CE,0.0881249386319594
08-01-2026 11:20||NIFTY27JAN2624300PE,0.1542518200038739
08-01-2026 11:20||NIFTY27JAN2625700CE,0.0958537340465645
08-01-2026 11:20||NIFTY27JAN2626400CE,0.0906212602211103
08-01-2026 11:20||NIFTY27JAN2626500CE,0.0902219512430757
08-01-2026 11:25||NIFTY27JAN2623800PE,0.1788525605252657
08-01-2026 11:25||NIFTY27JAN2624300PE,0.1538100972075875
08-01-2026 11:25||NIFTY27JAN2624400PE,0.1479344461137176
08-01-2026 11:25||NIFTY27JAN2624700PE,0.1308552550645158
08-01-2026 11:25||NIFTY27JAN2625400CE,0.1265901595420279
08-01-2026 11:25||NIFTY27JAN2626200CE,0.0941296082847752
08-01-2026 11:30||NIFTY27JAN2623800PE,0.1802318951162718
08-01-2026 11:30||NIFTY27JAN2624100PE,0.165078570776694
08-01-2026 11:30||NIFTY27JAN2624200PE,0.159246656584188
08-01-2026 11:30||NIFTY27JAN2625200CE,0.1690344383887553
08-01-2026 11:30||NIFTY27JAN2625400CE,0.1289823017031993
08-01-2026 11:30||NIFTY27JAN2625500CE,0.1184455852793921
08-01-2026 11:30||NIFTY27JAN2625800CE,0.1014128231197079
08-01-2026 11:30||NIFTY27JAN2626000CE,0.0966010666129474
08-01-2026 11:30||NIFTY27JAN2626100CE,0.0949968985175031
08-01-2026 11:35||NIFTY27JAN2623800PE,0.1807108899305377
08-01-2026 11:35||NIFTY27JAN2624100PE,0.1642476330277311
08-01-2026 11:35||NIFTY27JAN2624400PE,0.146458726609154
08-01-2026 11:35||NIFTY27JAN2624500PE,0.140829343378623
08-01-2026 11:35||NIFTY27JAN2624700PE,0.1300020010890226
08-01-2026 11:35||NIFTY27JAN2624900PE,0.1196443425897197
08-01-2026 11:35||NIFTY27JAN2625200CE,0.1291585181628051
08-01-2026 11:35||NIFTY27JAN2625300CE,0.1251873080012959
08-01-2026 11:35||NIFTY27JAN2626500CE,0.0907538447886472
08-01-2026 11:40||NIFTY27JAN2624100PE,0.16527841518584
08-01-2026 11:40||NIFTY27JAN2624200PE,0.1593445217974781
08-01-2026 11:40||NIFTY27JAN2624400PE,0.1472390216584654
08-01-2026 11:40||NIFTY27JAN2624900PE,0.120244040402823
08-01-2026 11:40||NIFTY27JAN2625600CE,0.1039851476337688
08-01-2026 11:40||NIFTY27JAN2625800CE,0.0988271849237828
08-01-2026 11:45||NIFTY27JAN2624200PE,0.1583566459001161
08-01-2026 11:45||NIFTY27JAN2625500CE,0.1093097603354063
08-01-2026 11:45||NIFTY27JAN2625900CE,0.0956402844472758
08-01-2026 11:45||NIFTY27JAN2626100CE,0.0923223117795014
08-01-2026 11:50||NIFTY27JAN2623800PE,0.1805574430946845
08-01-2026 11:50||NIFTY27JAN2625700CE,0.1056971579081392
08-01-2026 11:50||NIFTY27JAN2625800CE,0.1023925071527558
08-01-2026 11:50||NIFTY27JAN2626500CE,0.0915359846593479
08-01-2026 11:55||NIFTY27JAN2624200PE,0.1587173903016399
08-01-2026 11:55||NIFTY27JAN2624700PE,0.1311775871513857
08-01-2026 11:55||NIFTY27JAN2625100PE,0.113127010660164
08-01-2026 11:55||NIFTY27JAN2625400CE,0.1075227991485419
08-01-2026 11:55||NIFTY27JAN2625600CE,0.1001997852837394
08-01-2026 11:55||NIFTY27JAN2625800CE,0.0952828808090047
08-01-2026 12:00||NIFTY27JAN2624500PE,0.1415280948297665
08-01-2026 12:00||NIFTY27JAN2624700PE,0.1320236294992707
08-01-2026 12:00||NIFTY27JAN2625000PE,0.1175682983829119
08-01-2026 12:00||NIFTY27JAN2625500CE,0.1056585274263194
08-01-2026 12:00||NIFTY27JAN2626300CE,0.0920025412406611
08-01-2026 12:05||NIFTY27JAN2624000PE,0.1701973640454085
08-01-2026 12:05||NIFTY27JAN2624200PE,0.1566881186613075
08-01-2026 12:05||NIFTY27JAN2624500PE,0.1386167473160687
08-01-2026 12:05||NIFTY27JAN2624900PE,0.1197209522507281
08-01-2026 12:05||NIFTY27JAN2625300CE,0.1362433188772423
08-01-2026 12:05||NIFTY27JAN2625800CE,0.1095395286142403
08-01-2026 12:05||NIFTY27JAN2625900CE,0.1066125167862006
08-01-2026 12:05||NIFTY27JAN2626400CE,0.0975632638335551
08-01-2026 12:10||NIFTY27JAN2624000PE,0.170340685373884
08-01-2026 12:10||NIFTY27JAN2624400PE,0.1462235380154516
08-01-2026 12:15||NIFTY27JAN2624100PE,0.1666374621475052
08-01-2026 12:15||NIFTY27JAN2624400PE,0.1491796872923703
08-01-2026 12:15||NIFTY27JAN2625200CE,0.1277594553011553
08-01-2026 12:15||NIFTY27JAN2625400CE,0.1174518144766685
08-01-2026 12:15||NIFTY27JAN2625500CE,0.11255746126783
08-01-2026 12:15||NIFTY27JAN2625700CE,0.1047499679832255
08-01-2026 12:20||NIFTY27JAN2624800PE,0.1282802838465227
08-01-2026 12:20||NIFTY27JAN2625800CE,0.1045566838151483
08-01-2026 12:20||NIFTY27JAN2626300CE,0.0953164114490642
08-01-2026 12:25||NIFTY27JAN2624100PE,0.1687399066287238
08-01-2026 12:25||NIFTY27JAN2624400PE,0.151210924595775
08-01-2026 12:25||NIFTY27JAN2624900PE,0.1228129982717879
08-01-2026 12:25||NIFTY27JAN2625700CE,0.1072255633766349
08-01-2026 12:25||NIFTY27JAN2626000CE,0.0993587828224898
08-01-2026 12:30||NIFTY27JAN2624200PE,0.1640241034793342
08-01-2026 12:30||NIFTY27JAN2624300PE,0.1579561248864026
08-01-2026 12:30||NIFTY27JAN2625100PE,0.1164324857162105
08-01-2026 12:30||NIFTY27JAN2625700CE,0.1026878661630884
08-01-2026 12:30||NIFTY27JAN2626000CE,0.0959226714367857
08-01-2026 12:35||NIFTY27JAN2624800PE,0.1267391309085085
08-01-2026 12:35||NIFTY27JAN2625000PE,0.1167832946660067
08-01-2026 12:35||NIFTY27JAN2625400CE,0.1273747951726902
08-01-2026 12:35||NIFTY27JAN2625500CE,0.1209538901522708
08-01-2026 12:35||NIFTY27JAN2625800CE,0.1072613471098867
08-01-2026 12:35||NIFTY27JAN2626100CE,0.0996829652333697
08-01-2026 12:35||NIFTY27JAN2626200CE,0.0978050919952366
08-01-2026 12:40||NIFTY27JAN2624100PE,0.1677296504482999
08-01-2026 12:40||NIFTY27JAN2624400PE,0.1504027099254467
08-01-2026 12:40||NIFTY27JAN2624800PE,0.1266030561562371
08-01-2026 12:40||NIFTY27JAN2625000PE,0.1167608694136675
08-01-2026 12:40||NIFTY27JAN2625200CE,0.13694722672692
08-01-2026 12:40||NIFTY27JAN2626000CE,0.1011331526261504
08-01-2026 12:45||NIFTY27JAN2624400PE,0.1509390913017117
08-01-2026 12:45||NIFTY27JAN2624600PE,0.138985087866518
08-01-2026 12:45||NIFTY27JAN2625000PE,0.1178653331947299
08-01-2026 12:45||NIFTY27JAN2625300CE,0.1254016650071896
08-01-2026 12:45||NIFTY27JAN2625800CE,0.1035965034081281
08-01-2026 12:45||NIFTY27JAN2626200CE,0.0965634228883675
08-01-2026 12:45||NIFTY27JAN2626300CE,0.0952210018042825
08-01-2026 12:50||NIFTY27JAN2623800PE,0.1833816215027607
08-01-2026 12:50||NIFTY27JAN2624900PE,0.1216183233702202
08-01-2026 12:50||NIFTY27JAN2625600CE,0.1136857174760228
08-01-2026 12:50||NIFTY27JAN2626300CE,0.0967735023742251
08-01-2026 12:50||NIFTY27JAN2626400CE,0.0957700954482778
08-01-2026 12:55||NIFTY27JAN2624200PE,0.1627107725509747
08-01-2026 12:55||NIFTY27JAN2624300PE,0.1564111313919297
08-01-2026 12:55||NIFTY27JAN2624400PE,0.1500132534121998
08-01-2026 12:55||NIFTY27JAN2626100CE,0.0989606344515958
08-01-2026 13:00||NIFTY27JAN2624200PE,0.1623711283968457
08-01-2026 13:00||NIFTY27JAN2624500PE,0.1436265398503282
08-01-2026 13:00||NIFTY27JAN2624600PE,0.1375168524468636
08-01-2026 13:00||NIFTY27JAN2624700PE,0.1318185079789433
08-01-2026 13:00||NIFTY27JAN2625000PE,0.1178836698642221
08-01-2026 13:00||NIFTY27JAN2625100PE,0.1151392685727042
08-01-2026 13:00||NIFTY27JAN2625400CE,0.1286474437806104
08-01-2026 13:00||NIFTY27JAN2625800CE,0.1084018392032356
08-01-2026 13:05||NIFTY27JAN2623800PE,0.1852336815390556
08-01-2026 13:05||NIFTY27JAN2624600PE,0.1388218199155471
08-01-2026 13:05||NIFTY27JAN2625700CE,0.1077149904584302
08-01-2026 13:05||NIFTY27JAN2625800CE,0.1042130485815042
08-01-2026 13:05||NIFTY27JAN2626000CE,0.0999836421152535
08-01-2026 13:05||NIFTY27JAN2626100CE,0.0982126734119288
08-01-2026 13:05||NIFTY27JAN2626200CE,0.0963969600106687
08-01-2026 13:05||NIFTY27JAN2626300CE,0.0947995122246061
08-01-2026 13:10||NIFTY27JAN2624100PE,0.168153272699598
08-01-2026 13:10||NIFTY27JAN2624900PE,0.121058146569501
08-01-2026 13:10||NIFTY27JAN2625400CE,0.1218363608263961
08-01-2026 13:10||NIFTY27JAN2625700CE,0.1084201114099919
08-01-2026 13:10||NIFTY27JAN2625800CE,0.1053760132475319
08-01-2026 13:10||NIFTY27JAN2626100CE,0.0990316228607839
08-01-2026 13:10||NIFTY27JAN2626200CE,0.0971955893378404
08-01-2026 13:15||NIFTY27JAN2624300PE,0.157583715647918
08-01-2026 13:15||NIFTY27JAN2625000PE,0.116669643049284
08-01-2026 13:15||NIFTY27JAN2625900CE,0.1007301062850213
08-01-2026 13:15||NIFTY27JAN2626300CE,0.0945127216279287
08-01-2026 13:20||NIFTY27JAN2623800PE,0.1847609812658547
08-01-2026 13:20||NIFTY27JAN2624000PE,0.1741458962281472
08-01-2026 13:20||NIFTY27JAN2624400PE,0.1507727269993555
08-01-2026 13:20||NIFTY27JAN2625000PE,0.1166373259437722
08-01-2026 13:20||NIFTY27JAN2625300CE,0.1302634918461119
08-01-2026 13:20||NIFTY27JAN2625400CE,0.1221894429604547
08-01-2026 13:20||NIFTY27JAN2626200CE,0.0959486911037287
08-01-2026 13:25||NIFTY27JAN2624600PE,0.1393791340944802
08-01-2026 13:25||NIFTY27JAN2624900PE,0.123138200586854
08-01-2026 13:25||NIFTY27JAN2625400CE,0.1096026806343053
08-01-2026 13:25||NIFTY27JAN2625500CE,0.1048712086410991
08-01-2026 13:25||NIFTY27JAN2625900CE,0.0977531140259667
08-01-2026 13:25||NIFTY27JAN2626000CE,0.0962680962281717
08-01-2026 13:25||NIFTY27JAN2626100CE,0.0950486288372966
08-01-2026 13:30||NIFTY27JAN2624300PE,0.1545824866562612
08-01-2026 13:30||NIFTY27JAN2624400PE,0.1483360476944921
08-01-2026 13:30||NIFTY27JAN2625600CE,0.1138893317644419
08-01-2026 13:30||NIFTY27JAN2625700CE,0.110526119371049
08-01-2026 13:30||NIFTY27JAN2626100CE,0.1006458494959968
08-01-2026 13:30||NIFTY27JAN2626500CE,0.0969638465576339
08-01-2026 13:35||NIFTY27JAN2624600PE,0.1367854393262657
08-01-2026 13:35||NIFTY27JAN2624700PE,0.1309204899163277
08-01-2026 13:35||NIFTY27JAN2624800PE,0.1256962975788028
08-01-2026 13:35||NIFTY27JAN2624900PE,0.120602318140878
08-01-2026 13:40||NIFTY27JAN2624100PE,0.1668507066562312
08-01-2026 13:40||NIFTY27JAN2624800PE,0.1247484953204378
08-01-2026 13:40||NIFTY27JAN2624900PE,0.1195825862432505
08-01-2026 13:40||NIFTY27JAN2625300CE,0.1258747102604857
08-01-2026 13:40||NIFTY27JAN2625600CE,0.1127779608307946
08-01-2026 13:40||NIFTY27JAN2625700CE,0.1090617160554227
08-01-2026 13:40||NIFTY27JAN2626000CE,0.1007588551576318
08-01-2026 13:40||NIFTY27JAN2626200CE,0.0972792675109741
08-01-2026 13:40||NIFTY27JAN2626300CE,0.0958165691763898
08-01-2026 13:45||NIFTY27JAN2624600PE,0.1363837278890913
08-01-2026 13:45||NIFTY27JAN2624700PE,0.1305236223989695
08-01-2026 13:45||NIFTY27JAN2625100PE,0.1106373622075728
08-01-2026 13:45||NIFTY27JAN2625600CE,0.1137896634354381
08-01-2026 13:45||NIFTY27JAN2625700CE,0.1104696532011206
08-01-2026 13:50||NIFTY27JAN2624600PE,0.1357033591649081
08-01-2026 13:50||NIFTY27JAN2625500CE,0.1180313847040388
08-01-2026 13:55||NIFTY27JAN2624200PE,0.1613686608095036
08-01-2026 13:55||NIFTY27JAN2624600PE,0.1359450567625736
08-01-2026 13:55||NIFTY27JAN2625000PE,0.1140804203785378
08-01-2026 13:55||NIFTY27JAN2625200CE,0.1306536217899214
08-01-2026 13:55||NIFTY27JAN2625700CE,0.1065087439548954
08-01-2026 14:00||NIFTY27JAN2623800PE,0.1855964112824902
08-01-2026 14:00||NIFTY27JAN2623900PE,0.1796569468839872
08-01-2026 14:00||NIFTY27JAN2625300CE,0.1107211584746689
08-01-2026 14:00||NIFTY27JAN2625400CE,0.1106266931672076
08-01-2026 14:00||NIFTY27JAN2625900CE,0.0980098027583917
08-01-2026 14:00||NIFTY27JAN2626000CE,0.0959685552239341
08-01-2026 14:00||NIFTY27JAN2626100CE,0.0943618699816826
08-01-2026 14:00||NIFTY27JAN2626200CE,0.0931940180611796
08-01-2026 14:00||NIFTY27JAN2626300CE,0.0920608560750354
08-01-2026 14:05||NIFTY27JAN2623900PE,0.1786785552169018
08-01-2026 14:05||NIFTY27JAN2624500PE,0.142220309825468
08-01-2026 14:05||NIFTY27JAN2625300CE,0.1139066095608651
08-01-2026 14:05||NIFTY27JAN2626000CE,0.0962575801532285
08-01-2026 14:05||NIFTY27JAN2626200CE,0.093263361472501
08-01-2026 14:05||NIFTY27JAN2626300CE,0.0918550173273966
08-01-2026 14:05||NIFTY27JAN2626500CE,0.0902405056530478
08-01-2026 14:10||NIFTY27JAN2624800PE,0.1241684762600484
08-01-2026 14:10||NIFTY27JAN2625000PE,0.1139434577414181
08-01-2026 14:10||NIFTY27JAN2625200CE,0.1263394818628224
08-01-2026 14:10||NIFTY27JAN2625300CE,0.1237060324453716
08-01-2026 14:10||NIFTY27JAN2625700CE,0.1102048086802366
08-01-2026 14:15||NIFTY27JAN2623800PE,0.1836458947334554
08-01-2026 14:15||NIFTY27JAN2624200PE,0.1603680649026535
08-01-2026 14:15||NIFTY27JAN2624300PE,0.1540697102960469
08-01-2026 14:15||NIFTY27JAN2625000PE,0.1131338701670442
08-01-2026 14:15||NIFTY27JAN2625200CE,0.1257108189388526
08-01-2026 14:15||NIFTY27JAN2625600CE,0.1136671623154628
08-01-2026 14:15||NIFTY27JAN2626100CE,0.0967264729807537
08-01-2026 14:15||NIFTY27JAN2626400CE,0.0921144246140874
08-01-2026 14:20||NIFTY27JAN2624500PE,0.1412670481565364
08-01-2026 14:20||NIFTY27JAN2625000PE,0.1133581883261805
08-01-2026 14:20||NIFTY27JAN2625700CE,0.1035160361720724
08-01-2026 14:20||NIFTY27JAN2626400CE,0.0897616585249861
08-01-2026 14:25||NIFTY27JAN2624600PE,0.136012347727318
08-01-2026 14:25||NIFTY27JAN2624800PE,0.1244958565288041
08-01-2026 14:25||NIFTY27JAN2625200CE,0.1328949074878721
08-01-2026 14:25||NIFTY27JAN2625600CE,0.1071729438001682
08-01-2026 14:25||NIFTY27JAN2625900CE,0.096626087910479
08-01-2026 14:25||NIFTY27JAN2626000CE,0.0950519919340326
08-01-2026 14:30||NIFTY27JAN2624500PE,0.1400949093911958
08-01-2026 14:30||NIFTY27JAN2626200CE,0.097951163576191
08-01-2026 14:30||NIFTY27JAN2626400CE,0.0950300366302996
08-01-2026 14:30||NIFTY27JAN2626500CE,0.0942048360340752
08-01-2026 14:35||NIFTY27JAN2624200PE,0.1600624139113565
08-01-2026 14:35||NIFTY27JAN2624800PE,0.1232545178210205
08-01-2026 14:35||NIFTY27JAN2625100PE,0.1109191450276888
08-01-2026 14:35||NIFTY27JAN2626100CE,0.0949079809683064
08-01-2026 14:40||NIFTY27JAN2624200PE,0.1595370390094927
08-01-2026 14:40||NIFTY27JAN2624600PE,0.1348895591855706
08-01-2026 14:40||NIFTY27JAN2625000PE,0.1128898563346183
08-01-2026 14:40||NIFTY27JAN2625300CE,0.120279906693182
08-01-2026 14:40||NIFTY27JAN2625400CE,0.1166024789243553
08-01-2026 14:40||NIFTY27JAN2625500CE,0.1125461277777739
08-01-2026 14:40||NIFTY27JAN2626200CE,0.0930259932399328
08-01-2026 14:40||NIFTY27JAN2626300CE,0.0914153224176609
08-01-2026 14:45||NIFTY27JAN2624000PE,0.1703229492673185
08-01-2026 14:45||NIFTY27JAN2624700PE,0.128582954920926
08-01-2026 14:45||NIFTY27JAN2625000PE,0.1122410967720149
08-01-2026 14:45||NIFTY27JAN2625300CE,0.122432995736961
08-01-2026 14:45||NIFTY27JAN2625700CE,0.1061165072418809
08-01-2026 14:50||NIFTY27JAN2624100PE,0.1654182387613545
08-01-2026 14:50||NIFTY27JAN2624300PE,0.1535939143466787
08-01-2026 14:50||NIFTY27JAN2625100PE,0.1108357617480303
08-01-2026 14:50||NIFTY27JAN2625400CE,0.1133070079024895
08-01-2026 14:50||NIFTY27JAN2625500CE,0.1081424377112232
08-01-2026 14:50||NIFTY27JAN2626000CE,0.0931452787637757
08-01-2026 14:50||NIFTY27JAN2626200CE,0.0904459055428046
08-01-2026 14:55||NIFTY27JAN2626300CE,0.0908581412248024
08-01-2026 15:00||NIFTY27JAN2623900PE,0.1745669713658491
08-01-2026 15:00||NIFTY27JAN2624000PE,0.1686721338314585
08-01-2026 15:00||NIFTY27JAN2624900PE,0.1174010012329724
08-01-2026 15:00||NIFTY27JAN2625100PE,0.1092670239304351
08-01-2026 15:00||NIFTY27JAN2625200CE,0.1466738809230737
08-01-2026 15:00||NIFTY27JAN2625600CE,0.0967571580042908
08-01-2026 15:00||NIFTY27JAN2625700CE,0.094817240312217
08-01-2026 15:00||NIFTY27JAN2626300CE,0.0888033041200859
08-01-2026 15:00||NIFTY27JAN2626400CE,0.0883271914090018
08-01-2026 15:05||NIFTY27JAN2624400PE,0.1426047544102774
08-01-2026 15:05||NIFTY27JAN2624800PE,0.1195694582593886
08-01-2026 15:05||NIFTY27JAN2624900PE,0.1145555503304784
08-01-2026 15:05||NIFTY27JAN2626000CE,0.09767470641559
08-01-2026 15:05||NIFTY27JAN2626100CE,0.095332612649262
08-01-2026 15:05||NIFTY27JAN2626200CE,0.094286581384311
08-01-2026 15:10||NIFTY27JAN2624000PE,0.1669021997275606
08-01-2026 15:10||NIFTY27JAN2624200PE,0.1552144514832997
08-01-2026 15:10||NIFTY27JAN2624600PE,0.1312826184563855
08-01-2026 15:10||NIFTY27JAN2625100PE,0.1068499504948744
08-01-2026 15:10||NIFTY27JAN2625700CE,0.1041277281913817
08-01-2026 15:10||NIFTY27JAN2626100CE,0.0939266233581144
08-01-2026 15:10||NIFTY27JAN2626300CE,0.0922503497483711
08-01-2026 15:10||NIFTY27JAN2626500CE,0.0918785821515636
08-01-2026 15:15||NIFTY27JAN2624800PE,0.1200099475260171
08-01-2026 15:15||NIFTY27JAN2625100PE,0.1076174741922249
08-01-2026 15:15||NIFTY27JAN2625500CE,0.1095955101760245
08-01-2026 15:15||NIFTY27JAN2626100CE,0.0933036326152182
08-01-2026 15:20||NIFTY27JAN2624000PE,0.167300004720193
08-01-2026 15:20||NIFTY27JAN2624500PE,0.136937301297701
08-01-2026 15:20||NIFTY27JAN2624800PE,0.1202973183546995
08-01-2026 15:20||NIFTY27JAN2625000PE,0.1108870417415802
08-01-2026 15:20||NIFTY27JAN2625600CE,0.1038462214625664
08-01-2026 15:20||NIFTY27JAN2626100CE,0.0929452813005412
08-01-2026 15:20||NIFTY27JAN2626400CE,0.0900314873308994
08-01-2026 15:20||NIFTY27JAN2626500CE,0.0895272559482063
08-01-2026 15:25||NIFTY27JAN2623800PE,0.1804315084862871
08-01-2026 15:25||NIFTY27JAN2624100PE,0.1596232722632149
08-01-2026 15:25||NIFTY27JAN2624300PE,0.1489104865890916
08-01-2026 15:25||NIFTY27JAN2624600PE,0.1321838191319889
08-01-2026 15:25||NIFTY27JAN2625100PE,0.1080446783078309
08-01-2026 15:25||NIFTY27JAN2625800CE,0.0955575526000458
08-01-2026 15:25||NIFTY27JAN2626100CE,0.0934715922578252
09-01-2026 09:15||NIFTY27JAN2624400PE,0.1451778271365666
09-01-2026 09:15||NIFTY27JAN2625000PE,0.1113171769543881
09-01-2026 09:15||NIFTY27JAN2625400CE,0.1211461653747995
09-01-2026 09:15||NIFTY27JAN2625500CE,0.1159608104883325
09-01-2026 09:15||NIFTY27JAN2625800CE,0.1054156002251075
09-01-2026 09:15||NIFTY27JAN2626300CE,0.0932722108549151
09-01-2026 09:20||NIFTY27JAN2624100PE,0.1640965749313419
09-01-2026 09:20||NIFTY27JAN2624200PE,0.1581483351244555
09-01-2026 09:20||NIFTY27JAN2624800PE,0.1242954160692922
09-01-2026 09:20||NIFTY27JAN2625000PE,0.1149270665283119
09-01-2026 09:20||NIFTY27JAN2625300CE,0.1120737808472464
09-01-2026 09:25||NIFTY27JAN2624100PE,0.1603266313980357
09-01-2026 09:25||NIFTY27JAN2625000PE,0.1117541548051337
09-01-2026 09:25||NIFTY27JAN2625400CE,0.1182875310794403
09-01-2026 09:25||NIFTY27JAN2626100CE,0.0934714276762432
09-01-2026 09:30||NIFTY27JAN2624300PE,0.1486445777871309
09-01-2026 09:30||NIFTY27JAN2624500PE,0.1371924804077584
09-01-2026 09:30||NIFTY27JAN2624600PE,0.1316412606163828
09-01-2026 09:30||NIFTY27JAN2625300CE,0.115090238323854
09-01-2026 09:30||NIFTY27JAN2625400CE,0.111979930990707
09-01-2026 09:30||NIFTY27JAN2626100CE,0.0929732414230014
09-01-2026 09:30||NIFTY27JAN2626400CE,0.0904981726769321
09-01-2026 09:35||NIFTY27JAN2624800PE,0.1195192512192881
09-01-2026 09:35||NIFTY27JAN2626000CE,0.0979593546157344
09-01-2026 09:35||NIFTY27JAN2626200CE,0.0944279375224814
09-01-2026 09:40||NIFTY27JAN2625500CE,0.1399755441756184
09-01-2026 09:40||NIFTY27JAN2625600CE,0.1328861540474241
09-01-2026 09:40||NIFTY27JAN2625700CE,0.1261407144518312
09-01-2026 09:40||NIFTY27JAN2625900CE,0.1142403080932337
09-01-2026 09:45||NIFTY27JAN2624000PE,0.1649786924845537
09-01-2026 09:45||NIFTY27JAN2624300PE,0.1473876486203417
09-01-2026 09:45||NIFTY27JAN2624400PE,0.1412186528353982
09-01-2026 09:45||NIFTY27JAN2624700PE,0.1236901865340737
09-01-2026 09:45||NIFTY27JAN2624900PE,0.1133665140927687
09-01-2026 09:45||NIFTY27JAN2625600CE,0.1267716144589555
09-01-2026 09:45||NIFTY27JAN2625900CE,0.108131133307092
09-01-2026 09:50||NIFTY27JAN2624100PE,0.1597769715602269
09-01-2026 09:50||NIFTY27JAN2624400PE,0.1421426191189561
09-01-2026 09:50||NIFTY27JAN2624600PE,0.1303183849234239
09-01-2026 09:50||NIFTY27JAN2624700PE,0.1246753212349514
09-01-2026 09:50||NIFTY27JAN2624900PE,0.1144518993685227
09-01-2026 09:50||NIFTY27JAN2625300CE,0.1381319565344805
09-01-2026 09:50||NIFTY27JAN2625600CE,0.1186794195114799
09-01-2026 09:50||NIFTY27JAN2626000CE,0.1026908366111193
09-01-2026 09:50||NIFTY27JAN2626100CE,0.099841187394718
09-01-2026 09:50||NIFTY27JAN2626400CE,0.0946761593694712
09-01-2026 09:55||NIFTY27JAN2623800PE,0.1775728958626026
09-01-2026 09:55||NIFTY27JAN2624800PE,0.120092241959226
09-01-2026 09:55||NIFTY27JAN2624900PE,0.1150476006916957
09-01-2026 09:55||NIFTY27JAN2625000PE,0.1107020887480183
09-01-2026 09:55||NIFTY27JAN2625200CE,0.1366898813518089
09-01-2026 10:00||NIFTY27JAN2624100PE,0.1619898084589183
09-01-2026 10:00||NIFTY27JAN2624300PE,0.149967531859303
09-01-2026 10:00||NIFTY27JAN2625100PE,0.1085682767778839
09-01-2026 10:00||NIFTY27JAN2625500CE,0.1055494914786631
09-01-2026 10:00||NIFTY27JAN2626100CE,0.0928534677262966
09-01-2026 10:05||NIFTY27JAN2624500PE,0.1362236780308706
09-01-2026 10:05||NIFTY27JAN2624800PE,0.1196247828501058
09-01-2026 10:05||NIFTY27JAN2625600CE,0.1203835712334041
09-01-2026 10:05||NIFTY27JAN2626100CE,0.0984795339226669
09-01-2026 10:10||NIFTY27JAN2624400PE,0.1432020149647104
09-01-2026 10:10||NIFTY27JAN2626300CE,0.0912929787243991
09-01-2026 10:10||NIFTY27JAN2626400CE,0.0905734976059945
09-01-2026 10:15||NIFTY27JAN2625100PE,0.1074553885150512
09-01-2026 10:15||NIFTY27JAN2625600CE,0.1083055933926555
09-01-2026 10:15||NIFTY27JAN2626200CE,0.0921139707158542
09-01-2026 10:15||NIFTY27JAN2626300CE,0.0911829582851018
09-01-2026 10:20||NIFTY27JAN2623900PE,0.1733772074980692
09-01-2026 10:20||NIFTY27JAN2624000PE,0.1673253672262377
09-01-2026 10:20||NIFTY27JAN2625200CE,0.1444476200555336
09-01-2026 10:20||NIFTY27JAN2625700CE,0.1127049746766494
09-01-2026 10:25||NIFTY27JAN2624200PE,0.1551148396944239
09-01-2026 10:25||NIFTY27JAN2625000PE,0.1096035327746683
09-01-2026 10:25||NIFTY27JAN2625600CE,0.1201863402960971
09-01-2026 10:25||NIFTY27JAN2626200CE,0.0967575735593824
09-01-2026 10:25||NIFTY27JAN2626500CE,0.0925022073809469
09-01-2026 10:30||NIFTY27JAN2624300PE,0.1501532712738738
09-01-2026 10:30||NIFTY27JAN2624900PE,0.1166649349601871
09-01-2026 10:35||NIFTY27JAN2624300PE,0.1489019612591721
09-01-2026 10:35||NIFTY27JAN2624800PE,0.1200735839036646
09-01-2026 10:35||NIFTY27JAN2626300CE,0.0914340311208943
09-01-2026 10:40||NIFTY27JAN2624000PE,0.1663654709041712
09-01-2026 10:40||NIFTY27JAN2624700PE,0.1247639038968887
09-01-2026 10:40||NIFTY27JAN2625000PE,0.1095597809728998
09-01-2026 10:40||NIFTY27JAN2625500CE,0.1160782895549526
09-01-2026 10:40||NIFTY27JAN2626000CE,0.0972566478445974
09-01-2026 10:40||NIFTY27JAN2626100CE,0.0953497703033805
09-01-2026 10:40||NIFTY27JAN2626400CE,0.0913131622488969
09-01-2026 10:40||NIFTY27JAN2626500CE,0.0904481332452167
09-01-2026 10:45||NIFTY27JAN2624400PE,0.1424785493996884
09-01-2026 10:45||NIFTY27JAN2625000PE,0.109657332219717
09-01-2026 10:45||NIFTY27JAN2625200CE,0.1331846230169545
09-01-2026 10:45||NIFTY27JAN2625400CE,0.1198340833394985
09-01-2026 10:45||NIFTY27JAN2625500CE,0.1136549133207894
09-01-2026 10:45||NIFTY27JAN2626300CE,0.0907064009156201
09-01-2026 10:50||NIFTY27JAN2624100PE,0.1608891616199393
09-01-2026 10:50||NIFTY27JAN2625800CE,0.0951265635127847
09-01-2026 10:50||NIFTY27JAN2625900CE,0.0929746690906007
09-01-2026 10:50||NIFTY27JAN2626000CE,0.0913742532218021
09-01-2026 10:50||NIFTY27JAN2626400CE,0.0911035277053342
09-01-2026 10:50||NIFTY27JAN2626500CE,0.0928900381635714
09-01-2026 10:55||NIFTY27JAN2623800PE,0.1761649759330365
09-01-2026 10:55||NIFTY27JAN2624700PE,0.124212721151697
09-01-2026 10:55||NIFTY27JAN2624900PE,0.1143568731205746
09-01-2026 10:55||NIFTY27JAN2626300CE,0.0912317602343365
09-01-2026 11:00||NIFTY27JAN2624900PE,0.1126820903913683
09-01-2026 11:00||NIFTY27JAN2625000PE,0.1081028910047094
09-01-2026 11:00||NIFTY27JAN2625200CE,0.1907603481877081
09-01-2026 11:00||NIFTY27JAN2625700CE,0.099802626857809
09-01-2026 11:00||NIFTY27JAN2625800CE,0.0975147158691721
09-01-2026 11:05||NIFTY27JAN2624000PE,0.1639375201040057
09-01-2026 11:05||NIFTY27JAN2624400PE,0.1391730764839753
09-01-2026 11:05||NIFTY27JAN2625100PE,0.1053754376603738
09-01-2026 11:05||NIFTY27JAN2625300CE,0.1252743033408901
09-01-2026 11:05||NIFTY27JAN2625500CE,0.1132646842293272
09-01-2026 11:05||NIFTY27JAN2625700CE,0.1047173930375806
09-01-2026 11:10||NIFTY27JAN2623900PE,0.1703196843098421
09-01-2026 11:10||NIFTY27JAN2624700PE,0.1234252031634994
09-01-2026 11:10||NIFTY27JAN2625100PE,0.1065935048659362
09-01-2026 11:10||NIFTY27JAN2625200CE,0.1206664866744138
09-01-2026 11:10||NIFTY27JAN2625500CE,0.1060910696113435
09-01-2026 11:10||NIFTY27JAN2625800CE,0.0953273217754148
09-01-2026 11:15||NIFTY27JAN2624200PE,0.1519966308213375
09-01-2026 11:15||NIFTY27JAN2624600PE,0.1283053250794769
09-01-2026 11:15||NIFTY27JAN2625700CE,0.1016581249165954
09-01-2026 11:15||NIFTY27JAN2626400CE,0.0916151504516657
09-01-2026 11:20||NIFTY27JAN2625200CE,0.1289233441291311
09-01-2026 11:20||NIFTY27JAN2625500CE,0.1100978546357846
09-01-2026 11:25||NIFTY27JAN2624600PE,0.1275124938185142
09-01-2026 11:25||NIFTY27JAN2625100PE,0.1044184217769832
09-01-2026 11:25||NIFTY27JAN2625600CE,0.1088430987074568
09-01-2026 11:30||NIFTY27JAN2624000PE,0.1630782596194886
09-01-2026 11:30||NIFTY27JAN2624100PE,0.1574971703290373
09-01-2026 11:30||NIFTY27JAN2624500PE,0.1342334216591737
09-01-2026 11:30||NIFTY27JAN2624600PE,0.1284815682924449
09-01-2026 11:30||NIFTY27JAN2624900PE,0.1128999539920201
09-01-2026 11:30||NIFTY27JAN2625000PE,0.1084029195458543
09-01-2026 11:30||NIFTY27JAN2625300CE,0.1210256419638653
09-01-2026 11:30||NIFTY27JAN2626200CE,0.0900969010754185
09-01-2026 11:35||NIFTY27JAN2624100PE,0.1577003085704092
09-01-2026 11:35||NIFTY27JAN2624600PE,0.1278636862093116
09-01-2026 11:35||NIFTY27JAN2625200CE,0.1217370580472859
09-01-2026 11:35||NIFTY27JAN2625300CE,0.1170156528953888
09-01-2026 11:35||NIFTY27JAN2625700CE,0.1009516296278667
09-01-2026 11:35||NIFTY27JAN2625800CE,0.0981326398864417
09-01-2026 11:40||NIFTY27JAN2624600PE,0.1275768713610635
09-01-2026 11:40||NIFTY27JAN2624700PE,0.1224527002871035
09-01-2026 11:40||NIFTY27JAN2625000PE,0.1084856742958857
09-01-2026 11:40||NIFTY27JAN2625300CE,0.1181441102926475
09-01-2026 11:40||NIFTY27JAN2625800CE,0.0980623618165355
09-01-2026 11:40||NIFTY27JAN2625900CE,0.0960356485428667
09-01-2026 11:45||NIFTY27JAN2625900CE,0.0967710042671076
09-01-2026 11:45||NIFTY27JAN2626000CE,0.0951435054862939
09-01-2026 11:45||NIFTY27JAN2626200CE,0.0932036723526558
09-01-2026 11:45||NIFTY27JAN2626500CE,0.093976465576203
09-01-2026 11:50||NIFTY27JAN2625000PE,0.1084557490896043
09-01-2026 11:50||NIFTY27JAN2625200CE,0.1192515325522148
09-01-2026 11:50||NIFTY27JAN2625400CE,0.1126237763775615
09-01-2026 11:50||NIFTY27JAN2625500CE,0.1093363575336948
09-01-2026 11:50||NIFTY27JAN2626000CE,0.0965125416571936
09-01-2026 11:50||NIFTY27JAN2626500CE,0.0938375903222693
09-01-2026 11:55||NIFTY27JAN2624200PE,0.151885459511572
09-01-2026 11:55||NIFTY27JAN2624300PE,0.1451121112236222
09-01-2026 11:55||NIFTY27JAN2624500PE,0.132765381283019
09-01-2026 11:55||NIFTY27JAN2624900PE,0.1134011057636576
09-01-2026 11:55||NIFTY27JAN2625400CE,0.1145643762859604
09-01-2026 11:55||NIFTY27JAN2625600CE,0.1060582530587658
09-01-2026 11:55||NIFTY27JAN2625800CE,0.1001055655269741
09-01-2026 11:55||NIFTY27JAN2626300CE,0.0935880257240681
09-01-2026 12:00||NIFTY27JAN2623800PE,0.1743602301261229
09-01-2026 12:00||NIFTY27JAN2624400PE,0.1382664019610013
09-01-2026 12:00||NIFTY27JAN2624800PE,0.1154574831523797
09-01-2026 12:00||NIFTY27JAN2625600CE,0.1106237465952683
09-01-2026 12:00||NIFTY27JAN2625800CE,0.1036902121502244
09-01-2026 12:00||NIFTY27JAN2626300CE,0.0949531897554164
09-01-2026 12:05||NIFTY27JAN2624600PE,0.127782881622184
09-01-2026 12:05||NIFTY27JAN2625500CE,0.1095115405729763
09-01-2026 12:05||NIFTY27JAN2626000CE,0.0954505206484739
09-01-2026 12:05||NIFTY27JAN2626500CE,0.0929942464145111
09-01-2026 12:10||NIFTY27JAN2624200PE,0.1522528318711943
09-01-2026 12:10||NIFTY27JAN2624300PE,0.1458965166553262
09-01-2026 12:10||NIFTY27JAN2625500CE,0.1063676252276057
09-01-2026 12:10||NIFTY27JAN2625900CE,0.096141828861745
09-01-2026 12:10||NIFTY27JAN2626300CE,0.0931726855442729
09-01-2026 12:15||NIFTY27JAN2623800PE,0.1758745913486418
09-01-2026 12:15||NIFTY27JAN2624100PE,0.1569766950424997
09-01-2026 12:15||NIFTY27JAN2624200PE,0.1504170353873867
09-01-2026 12:15||NIFTY27JAN2624300PE,0.1439530462814937
09-01-2026 12:15||NIFTY27JAN2625400CE,0.1081965476146153
09-01-2026 12:15||NIFTY27JAN2625500CE,0.1050780097719357
09-01-2026 12:15||NIFTY27JAN2625800CE,0.0992118349012659
09-01-2026 12:15||NIFTY27JAN2625900CE,0.0972272848878914
09-01-2026 12:15||NIFTY27JAN2626200CE,0.0957202950260407
09-01-2026 12:15||NIFTY27JAN2626300CE,0.0968626373019843
09-01-2026 12:15||NIFTY27JAN2626400CE,0.0985120589777396
09-01-2026 12:15||NIFTY27JAN2626500CE,0.1006511648253413
09-01-2026 12:20||NIFTY27JAN2624000PE,0.1628189260698773
09-01-2026 12:20||NIFTY27JAN2624700PE,0.1208995854234886
09-01-2026 12:20||NIFTY27JAN2624800PE,0.1160413742368913
09-01-2026 12:20||NIFTY27JAN2625000PE,0.1073708355142668
09-01-2026 12:25||NIFTY27JAN2624200PE,0.1506255975165699
09-01-2026 12:25||NIFTY27JAN2624400PE,0.1384028703826793
09-01-2026 12:25||NIFTY27JAN2624600PE,0.1269344116819233
09-01-2026 12:25||NIFTY27JAN2625000PE,0.1085557253898889
09-01-2026 12:30||NIFTY27JAN2623800PE,0.1706911770231486
09-01-2026 12:30||NIFTY27JAN2624400PE,0.1380924128476728
09-01-2026 12:30||NIFTY27JAN2624900PE,0.1121228186498154
09-01-2026 12:30||NIFTY27JAN2626400CE,0.094617847433548
09-01-2026 12:35||NIFTY27JAN2624100PE,0.1588215503775815
09-01-2026 12:35||NIFTY27JAN2624300PE,0.1463494553366148
09-01-2026 12:35||NIFTY27JAN2624700PE,0.1239768939820589
09-01-2026 12:35||NIFTY27JAN2624900PE,0.1154117755034264
09-01-2026 12:35||NIFTY27JAN2625700CE,0.0976225431538854
09-01-2026 12:35||NIFTY27JAN2626400CE,0.0959284696928241
09-01-2026 12:40||NIFTY27JAN2624100PE,0.1584921258145799
09-01-2026 12:40||NIFTY27JAN2625800CE,0.0988103520494856
09-01-2026 12:40||NIFTY27JAN2626100CE,0.0958538146931547
09-01-2026 12:45||NIFTY27JAN2623900PE,0.1705441312614684
09-01-2026 12:45||NIFTY27JAN2624100PE,0.158485967408949
09-01-2026 12:45||NIFTY27JAN2624200PE,0.151959784009599
09-01-2026 12:45||NIFTY27JAN2625100PE,0.1080006357056673
09-01-2026 12:45||NIFTY27JAN2625300CE,0.1061800453464265
09-01-2026 12:45||NIFTY27JAN2625800CE,0.0971537563483122
09-01-2026 12:45||NIFTY27JAN2625900CE,0.0960866696120468
09-01-2026 12:45||NIFTY27JAN2626000CE,0.0954446640708783
09-01-2026 12:45||NIFTY27JAN2626400CE,0.0982995481011831
09-01-2026 12:50||NIFTY27JAN2623800PE,0.1779837991450611
09-01-2026 12:50||NIFTY27JAN2624100PE,0.1559415147565084
09-01-2026 12:50||NIFTY27JAN2625300CE,0.1209758466375453
09-01-2026 12:50||NIFTY27JAN2625500CE,0.110644216843008
09-01-2026 12:50||NIFTY27JAN2626200CE,0.0977240287396921
09-01-2026 12:55||NIFTY27JAN2624100PE,0.1582136326919177
09-01-2026 12:55||NIFTY27JAN2624500PE,0.1326522312605301
09-01-2026 12:55||NIFTY27JAN2624800PE,0.1171691904520177
09-01-2026 12:55||NIFTY27JAN2625600CE,0.1041334277697393
09-01-2026 12:55||NIFTY27JAN2625700CE,0.1016331377749619
09-01-2026 13:00||NIFTY27JAN2624200PE,0.1513619384053872
09-01-2026 13:00||NIFTY27JAN2624900PE,0.1134496138817386
09-01-2026 13:00||NIFTY27JAN2625200CE,0.1164879003374699
09-01-2026 13:00||NIFTY27JAN2625600CE,0.1040412620845068
09-01-2026 13:00||NIFTY27JAN2625800CE,0.0995123923507227
09-01-2026 13:00||NIFTY27JAN2626400CE,0.0980032969565959
09-01-2026 13:05||NIFTY27JAN2623900PE,0.1702935624806462
09-01-2026 13:05||NIFTY27JAN2624100PE,0.1583432748792854
09-01-2026 13:05||NIFTY27JAN2624300PE,0.1455087292199166
09-01-2026 13:05||NIFTY27JAN2624400PE,0.1391439088714991
09-01-2026 13:05||NIFTY27JAN2624700PE,0.1213176000215221
09-01-2026 13:05||NIFTY27JAN2624800PE,0.1161573223543508
09-01-2026 13:05||NIFTY27JAN2624900PE,0.1115360422720409
09-01-2026 13:05||NIFTY27JAN2625000PE,0.107726518565335
09-01-2026 13:05||NIFTY27JAN2626000CE,0.0978809757588458
09-01-2026 13:05||NIFTY27JAN2626400CE,0.098999510653188
09-01-2026 13:05||NIFTY27JAN2626500CE,0.1006446858797325
09-01-2026 13:10||NIFTY27JAN2624000PE,0.1639460997531806
09-01-2026 13:10||NIFTY27JAN2624100PE,0.157909634851906
09-01-2026 13:10||NIFTY27JAN2624300PE,0.145562207713708
09-01-2026 13:10||NIFTY27JAN2625200CE,0.122228871654803
09-01-2026 13:10||NIFTY27JAN2625900CE,0.0991791367614418
09-01-2026 13:10||NIFTY27JAN2626100CE,0.0972350643561892
09-01-2026 13:10||NIFTY27JAN2626400CE,0.0985511106043853
09-01-2026 13:15||NIFTY27JAN2624100PE,0.157949025088713
09-01-2026 13:15||NIFTY27JAN2624400PE,0.1389261399858754
09-01-2026 13:15||NIFTY27JAN2625000PE,0.1085344446161981
09-01-2026 13:15||NIFTY27JAN2625300CE,0.1162294528552407
09-01-2026 13:15||NIFTY27JAN2625700CE,0.1035440555466145
09-01-2026 13:15||NIFTY27JAN2625800CE,0.1014419350601749
09-01-2026 13:15||NIFTY27JAN2625900CE,0.0997660986695366
09-01-2026 13:15||NIFTY27JAN2626100CE,0.0976384221516087
09-01-2026 13:15||NIFTY27JAN2626200CE,0.0973019362636924
09-01-2026 13:20||NIFTY27JAN2624100PE,0.1580031198253572
09-01-2026 13:20||NIFTY27JAN2625000PE,0.1085655287874002
09-01-2026 13:20||NIFTY27JAN2625200CE,0.120085881542766
09-01-2026 13:20||NIFTY27JAN2625600CE,0.1036370568230639
09-01-2026 13:25||NIFTY27JAN2624500PE,0.1333010047736491
09-01-2026 13:25||NIFTY27JAN2625100PE,0.1065536613594077
09-01-2026 13:25||NIFTY27JAN2625300CE,0.1166374438006834
09-01-2026 13:25||NIFTY27JAN2626200CE,0.0968165455372515
09-01-2026 13:30||NIFTY27JAN2624300PE,0.1461891194141806
09-01-2026 13:30||NIFTY27JAN2624900PE,0.1146726296448933
09-01-2026 13:30||NIFTY27JAN2625900CE,0.095973715995174
09-01-2026 13:30||NIFTY27JAN2626400CE,0.0972146815099616
09-01-2026 13:35||NIFTY27JAN2623900PE,0.1692462413185853
09-01-2026 13:35||NIFTY27JAN2624100PE,0.1575909723919627
09-01-2026 13:35||NIFTY27JAN2624400PE,0.1390359409038944
09-01-2026 13:35||NIFTY27JAN2624600PE,0.1268630044113296
09-01-2026 13:35||NIFTY27JAN2625100PE,0.1062552878239063
09-01-2026 13:35||NIFTY27JAN2625300CE,0.1207711158600551
09-01-2026 13:35||NIFTY27JAN2625400CE,0.1154650820723516
09-01-2026 13:35||NIFTY27JAN2625900CE,0.1002746480465635
09-01-2026 13:35||NIFTY27JAN2626100CE,0.0980299147121103
09-01-2026 13:40||NIFTY27JAN2624500PE,0.1341122452828001
09-01-2026 13:40||NIFTY27JAN2624800PE,0.1185882654611433
09-01-2026 13:40||NIFTY27JAN2625100PE,0.10876346782114
09-01-2026 13:40||NIFTY27JAN2625300CE,0.1067517023375281
09-01-2026 13:40||NIFTY27JAN2625500CE,0.1012125227644411
09-01-2026 13:40||NIFTY27JAN2626500CE,0.0982789794795552
09-01-2026 13:45||NIFTY27JAN2623900PE,0.1687743287604358
09-01-2026 13:45||NIFTY27JAN2624100PE,0.1569929521162796
09-01-2026 13:45||NIFTY27JAN2624300PE,0.1446869503425719
09-01-2026 13:45||NIFTY27JAN2624400PE,0.138509128526921
09-01-2026 13:45||NIFTY27JAN2625200CE,0.114577805260575
09-01-2026 13:45||NIFTY27JAN2626000CE,0.0964907659108619
09-01-2026 13:50||NIFTY27JAN2623800PE,0.1714704135728771
09-01-2026 13:50||NIFTY27JAN2624600PE,0.1276400147311527
09-01-2026 13:50||NIFTY27JAN2624700PE,0.1225454051205464
09-01-2026 13:50||NIFTY27JAN2625400CE,0.1092537228839544
09-01-2026 13:50||NIFTY27JAN2625800CE,0.0986205114161579
09-01-2026 13:50||NIFTY27JAN2626100CE,0.0961307794219205
09-01-2026 13:55||NIFTY27JAN2624000PE,0.1604971832477134
09-01-2026 13:55||NIFTY27JAN2625400CE,0.1149455397531149
09-01-2026 13:55||NIFTY27JAN2625500CE,0.111482301258634
09-01-2026 13:55||NIFTY27JAN2626400CE,0.1009035663092146
09-01-2026 14:00||NIFTY27JAN2624200PE,0.1513984368150455
09-01-2026 14:00||NIFTY27JAN2624300PE,0.1452498764278069
09-01-2026 14:00||NIFTY27JAN2624400PE,0.1392333062195017
09-01-2026 14:00||NIFTY27JAN2625500CE,0.1058698628597779
09-01-2026 14:00||NIFTY27JAN2625800CE,0.0985390524268968
09-01-2026 14:00||NIFTY27JAN2626000CE,0.0961014963079336
09-01-2026 14:05||NIFTY27JAN2624100PE,0.1571752270054927
09-01-2026 14:05||NIFTY27JAN2624300PE,0.1445497929090456
09-01-2026 14:05||NIFTY27JAN2624400PE,0.1384367174645443
09-01-2026 14:05||NIFTY27JAN2625200CE,0.1252836382207808
09-01-2026 14:05||NIFTY27JAN2625400CE,0.1142362225883788
09-01-2026 14:10||NIFTY27JAN2624300PE,0.1441501253710937
09-01-2026 14:10||NIFTY27JAN2624700PE,0.1225982719234225
09-01-2026 14:10||NIFTY27JAN2625300CE,0.1125559136101739
09-01-2026 14:10||NIFTY27JAN2626300CE,0.0974951121535828
09-01-2026 14:10||NIFTY27JAN2626400CE,0.0987932028314623
09-01-2026 14:10||NIFTY27JAN2626500CE,0.1003657373703312
09-01-2026 14:15||NIFTY27JAN2625500CE,0.1054561193420061
09-01-2026 14:20||NIFTY27JAN2624100PE,0.1567864796895782
09-01-2026 14:20||NIFTY27JAN2624300PE,0.1442948433930819
09-01-2026 14:20||NIFTY27JAN2624400PE,0.1384070382332846
09-01-2026 14:20||NIFTY27JAN2625000PE,0.1089396578523352
09-01-2026 14:20||NIFTY27JAN2625200CE,0.1149432455986222
09-01-2026 14:20||NIFTY27JAN2625400CE,0.1087713824417305
09-01-2026 14:20||NIFTY27JAN2625900CE,0.097372856368785
09-01-2026 14:25||NIFTY27JAN2624100PE,0.1577721935617654
09-01-2026 14:25||NIFTY27JAN2624200PE,0.1515051820444666
09-01-2026 14:25||NIFTY27JAN2624300PE,0.1450514396150855
09-01-2026 14:25||NIFTY27JAN2625100PE,0.1078184348821554
09-01-2026 14:25||NIFTY27JAN2625300CE,0.1104308339417885
09-01-2026 14:25||NIFTY27JAN2625600CE,0.1006664191124244
09-01-2026 14:30||NIFTY27JAN2624000PE,0.1616687150463561
09-01-2026 14:30||NIFTY27JAN2624200PE,0.1488060101246018
09-01-2026 14:30||NIFTY27JAN2625900CE,0.1003128741705904
09-01-2026 14:30||NIFTY27JAN2626300CE,0.0988384064022651
09-01-2026 14:35||NIFTY27JAN2624200PE,0.1499776243083434
09-01-2026 14:35||NIFTY27JAN2624300PE,0.1437924449793322
09-01-2026 14:35||NIFTY27JAN2624600PE,0.126750727667735
09-01-2026 14:35||NIFTY27JAN2625800CE,0.1002737110066195
09-01-2026 14:40||NIFTY27JAN2623800PE,0.1751355935520836
09-01-2026 14:40||NIFTY27JAN2625200CE,0.123437216196215
09-01-2026 14:40||NIFTY27JAN2625600CE,0.106598898176826
09-01-2026 14:40||NIFTY27JAN2625900CE,0.0997160499852405
09-01-2026 14:40||NIFTY27JAN2626100CE,0.0979427482325587
09-01-2026 14:40||NIFTY27JAN2626400CE,0.0999647103226731
09-01-2026 14:45||NIFTY27JAN2624500PE,0.1324343250721
09-01-2026 14:45||NIFTY27JAN2624600PE,0.1269607805418577
09-01-2026 14:45||NIFTY27JAN2625300CE,0.1147099353418556
09-01-2026 14:45||NIFTY27JAN2625600CE,0.1044537360092613
09-01-2026 14:50||NIFTY27JAN2623900PE,0.1688945042134377
09-01-2026 14:50||NIFTY27JAN2626000CE,0.0972982823974774
09-01-2026 14:50||NIFTY27JAN2626300CE,0.0976706292956628
09-01-2026 14:55||NIFTY27JAN2623900PE,0.1683677866042223
09-01-2026 14:55||NIFTY27JAN2624000PE,0.1628152819925761
09-01-2026 14:55||NIFTY27JAN2624800PE,0.1171763752375643
09-01-2026 14:55||NIFTY27JAN2625600CE,0.1028274715055896
09-01-2026 14:55||NIFTY27JAN2625900CE,0.0972575393374779
09-01-2026 15:00||NIFTY27JAN2624000PE,0.1620665318449349
09-01-2026 15:00||NIFTY27JAN2624300PE,0.144118229596668
09-01-2026 15:00||NIFTY27JAN2625400CE,0.1125803941487868
09-01-2026 15:00||NIFTY27JAN2625600CE,0.1054123197531543
09-01-2026 15:00||NIFTY27JAN2625700CE,0.1025607988716604
09-01-2026 15:00||NIFTY27JAN2625800CE,0.1002995396915177
09-01-2026 15:00||NIFTY27JAN2626500CE,0.1008167725964615
09-01-2026 15:05||NIFTY27JAN2624200PE,0.1504239196602593
09-01-2026 15:05||NIFTY27JAN2624300PE,0.1441094034267362
09-01-2026 15:05||NIFTY27JAN2625000PE,0.1084480418804745
09-01-2026 15:05||NIFTY27JAN2625100PE,0.1055014081449454
09-01-2026 15:05||NIFTY27JAN2625600CE,0.1053581692265249
09-01-2026 15:05||NIFTY27JAN2626500CE,0.1005519045540604
09-01-2026 15:10||NIFTY27JAN2623800PE,0.1732229917538412
09-01-2026 15:10||NIFTY27JAN2624000PE,0.1621620381541279
09-01-2026 15:10||NIFTY27JAN2624600PE,0.1267500905403272
09-01-2026 15:10||NIFTY27JAN2625000PE,0.1091652114010367
09-01-2026 15:10||NIFTY27JAN2625100PE,0.1060848904328223
09-01-2026 15:10||NIFTY27JAN2625200CE,0.1195703615995605
09-01-2026 15:10||NIFTY27JAN2626200CE,0.0967186987332162
09-01-2026 15:15||NIFTY27JAN2624200PE,0.1516332323662121
09-01-2026 15:15||NIFTY27JAN2624300PE,0.1453986066454672
09-01-2026 15:15||NIFTY27JAN2624500PE,0.133445860906027
09-01-2026 15:15||NIFTY27JAN2624700PE,0.1230372551194018
09-01-2026 15:15||NIFTY27JAN2624900PE,0.1143985067606653
09-01-2026 15:15||NIFTY27JAN2625200CE,0.1147896303534459
09-01-2026 15:15||NIFTY27JAN2625900CE,0.0966305215520936
09-01-2026 15:15||NIFTY27JAN2626000CE,0.0957985732049712
09-01-2026 15:20||NIFTY27JAN2623800PE,0.1740802842971488
09-01-2026 15:20||NIFTY27JAN2624700PE,0.1235854590644697
09-01-2026 15:20||NIFTY27JAN2625100PE,0.1074437950027633
09-01-2026 15:20||NIFTY27JAN2625200CE,0.123036378189824
09-01-2026 15:20||NIFTY27JAN2625300CE,0.1173939949680516
09-01-2026 15:20||NIFTY27JAN2625600CE,0.1045534612765475
09-01-2026 15:20||NIFTY27JAN2625800CE,0.1002899245686548
09-01-2026 15:20||NIFTY27JAN2626100CE,0.0969195848677436
09-01-2026 15:25||NIFTY27JAN2624100PE,0.1582273337929577
09-01-2026 15:25||NIFTY27JAN2624200PE,0.1527739632035741
09-01-2026 15:25||NIFTY27JAN2624400PE,0.1406398988730575
09-01-2026 15:25||NIFTY27JAN2625500CE,0.1163648502791624
09-01-2026 15:25||NIFTY27JAN2626000CE,0.1014142309724512
09-01-2026 15:25||NIFTY27JAN2626100CE,0.1000089087452951
12-01-2026 09:15||NIFTY27JAN2624000PE,0.1764963956878539
12-01-2026 09:15||NIFTY27JAN2624900PE,0.1245863606091955
12-01-2026 09:15||NIFTY27JAN2625200CE,0.1164602450728432
12-01-2026 09:15||NIFTY27JAN2626000CE,0.1022951335565158
12-01-2026 09:15||NIFTY27JAN2626100CE,0.1022451700489049
12-01-2026 09:20||NIFTY27JAN2624200PE,0.1630530983325586
12-01-2026 09:20||NIFTY27JAN2624600PE,0.1382995943417491
12-01-2026 09:20||NIFTY27JAN2624800PE,0.1282493384063815
12-01-2026 09:20||NIFTY27JAN2625000PE,0.1204192173923016
12-01-2026 09:20||NIFTY27JAN2625100PE,0.1174758779515037
12-01-2026 09:20||NIFTY27JAN2625200CE,0.1251737342517174
12-01-2026 09:20||NIFTY27JAN2625600CE,0.1132676339078739
12-01-2026 09:20||NIFTY27JAN2625800CE,0.1095815433429056
12-01-2026 09:25||NIFTY27JAN2624700PE,0.132329068787745
12-01-2026 09:25||NIFTY27JAN2625800CE,0.1136350152247819
12-01-2026 09:25||NIFTY27JAN2626200CE,0.11280273888354
12-01-2026 09:30||NIFTY27JAN2623900PE,0.1810199638357183
12-01-2026 09:30||NIFTY27JAN2624000PE,0.1747140561146107
12-01-2026 09:30||NIFTY27JAN2624400PE,0.1486390378010892
12-01-2026 09:30||NIFTY27JAN2625200CE,0.1393503936963893
12-01-2026 09:30||NIFTY27JAN2625600CE,0.1232757124327888
12-01-2026 09:30||NIFTY27JAN2625800CE,0.1168499242865434
12-01-2026 09:30||NIFTY27JAN2626000CE,0.1140242909826878
12-01-2026 09:35||NIFTY27JAN2623900PE,0.1795726604417808
12-01-2026 09:35||NIFTY27JAN2624500PE,0.142396739489468
12-01-2026 09:35||NIFTY27JAN2624600PE,0.1367513601780096
12-01-2026 09:35||NIFTY27JAN2624700PE,0.1314102042692151
12-01-2026 09:35||NIFTY27JAN2625000PE,0.1169662414275812
12-01-2026 09:35||NIFTY27JAN2625700CE,0.1173685689167772
12-01-2026 09:35||NIFTY27JAN2625800CE,0.1146962033086966
12-01-2026 09:35||NIFTY27JAN2625900CE,0.1133026782569713
12-01-2026 09:35||NIFTY27JAN2626200CE,0.1128454767518278
12-01-2026 09:35||NIFTY27JAN2626500CE,0.1193043024740016
12-01-2026 09:40||NIFTY27JAN2623900PE,0.1804178900727704
12-01-2026 09:40||NIFTY27JAN2624600PE,0.1387021136782521
12-01-2026 09:40||NIFTY27JAN2624700PE,0.133316452891373
12-01-2026 09:40||NIFTY27JAN2625200CE,0.1326561719085806
12-01-2026 09:40||NIFTY27JAN2625400CE,0.1244995835545469
12-01-2026 09:45||NIFTY27JAN2623900PE,0.1811199782773563
12-01-2026 09:45||NIFTY27JAN2624800PE,0.1258646393617399
12-01-2026 09:45||NIFTY27JAN2625000PE,0.115549667256258
12-01-2026 09:45||NIFTY27JAN2626400CE,0.1170687584329442
12-01-2026 09:45||NIFTY27JAN2626500CE,0.1182149517027704
12-01-2026 09:50||NIFTY27JAN2625000PE,0.1190129085403854
12-01-2026 09:50||NIFTY27JAN2625400CE,0.1270163886194319
12-01-2026 09:50||NIFTY27JAN2625900CE,0.1117025295550755
12-01-2026 09:50||NIFTY27JAN2626000CE,0.1103768207282297
12-01-2026 09:55||NIFTY27JAN2623800PE,0.1884190293766662
12-01-2026 09:55||NIFTY27JAN2625000PE,0.1206655410371088
12-01-2026 09:55||NIFTY27JAN2625100PE,0.1167134567095452
12-01-2026 09:55||NIFTY27JAN2625400CE,0.1173061458328916
12-01-2026 09:55||NIFTY27JAN2625700CE,0.1092962475851376
12-01-2026 09:55||NIFTY27JAN2625900CE,0.1071812741293903
12-01-2026 09:55||NIFTY27JAN2626200CE,0.1081538510837366
12-01-2026 09:55||NIFTY27JAN2626400CE,0.1129544137288103
12-01-2026 10:00||NIFTY27JAN2624800PE,0.1248574041713487
12-01-2026 10:00||NIFTY27JAN2625200CE,0.1423922444478791
12-01-2026 10:00||NIFTY27JAN2625700CE,0.1199317019246532
12-01-2026 10:00||NIFTY27JAN2626100CE,0.1127308657508294
12-01-2026 10:00||NIFTY27JAN2626200CE,0.113149616951207
12-01-2026 10:05||NIFTY27JAN2623900PE,0.1826467444338708
12-01-2026 10:05||NIFTY27JAN2624300PE,0.1576004377848744
12-01-2026 10:05||NIFTY27JAN2624600PE,0.1392849347914602
12-01-2026 10:05||NIFTY27JAN2624700PE,0.1335758211685112
12-01-2026 10:05||NIFTY27JAN2624800PE,0.1281886792847163
12-01-2026 10:05||NIFTY27JAN2625100PE,0.1150054659333005
12-01-2026 10:10||NIFTY27JAN2624000PE,0.1750028709968162
12-01-2026 10:10||NIFTY27JAN2624100PE,0.1688444515123857
12-01-2026 10:10||NIFTY27JAN2624900PE,0.1223435141272522
12-01-2026 10:10||NIFTY27JAN2625600CE,0.1161407457997686
12-01-2026 10:10||NIFTY27JAN2626300CE,0.1123273788276032
12-01-2026 10:10||NIFTY27JAN2626400CE,0.1148900348849006
12-01-2026 10:15||NIFTY27JAN2623800PE,0.1864614584591872
12-01-2026 10:15||NIFTY27JAN2624500PE,0.1419122472228395
12-01-2026 10:15||NIFTY27JAN2624800PE,0.1244161290470724
12-01-2026 10:15||NIFTY27JAN2625000PE,0.1150753554714337
12-01-2026 10:15||NIFTY27JAN2625100PE,0.1113047145340463
12-01-2026 10:15||NIFTY27JAN2626200CE,0.1123914336199071
12-01-2026 10:15||NIFTY27JAN2626400CE,0.1153291042513523
12-01-2026 10:15||NIFTY27JAN2626500CE,0.1175919024923143
12-01-2026 10:20||NIFTY27JAN2624200PE,0.1636809513305725
12-01-2026 10:20||NIFTY27JAN2624800PE,0.1271935921507361
12-01-2026 10:20||NIFTY27JAN2624900PE,0.1220049787627634
12-01-2026 10:20||NIFTY27JAN2625200CE,0.1325204544742242
12-01-2026 10:20||NIFTY27JAN2626500CE,0.1172775970192962
12-01-2026 10:25||NIFTY27JAN2623800PE,0.1875467369022169
12-01-2026 10:25||NIFTY27JAN2624300PE,0.1564013437359133
12-01-2026 10:25||NIFTY27JAN2624400PE,0.1500865471305538
12-01-2026 10:25||NIFTY27JAN2624900PE,0.1210314860720315
12-01-2026 10:25||NIFTY27JAN2625200CE,0.14301892357371
12-01-2026 10:25||NIFTY27JAN2625800CE,0.1127274128780182
12-01-2026 10:25||NIFTY27JAN2625900CE,0.1107625631627749
12-01-2026 10:25||NIFTY27JAN2626000CE,0.1097506715000437
12-01-2026 10:30||NIFTY27JAN2624500PE,0.1448390691465095
12-01-2026 10:30||NIFTY27JAN2625200CE,0.1295134389175797
12-01-2026 10:30||NIFTY27JAN2625800CE,0.109101612531662
12-01-2026 10:30||NIFTY27JAN2626200CE,0.1077559889364532
12-01-2026 10:35||NIFTY27JAN2624600PE,0.1375551581711019
12-01-2026 10:35||NIFTY27JAN2625400CE,0.1238768242827968
12-01-2026 10:35||NIFTY27JAN2625700CE,0.1132203314288739
12-01-2026 10:35||NIFTY27JAN2626400CE,0.1135212494247366
12-01-2026 10:40||NIFTY27JAN2625000PE,0.1180344899795201
12-01-2026 10:40||NIFTY27JAN2625100PE,0.1141747865158875
12-01-2026 10:40||NIFTY27JAN2625300CE,0.1291601109728893
12-01-2026 10:40||NIFTY27JAN2625400CE,0.1233943430882704
12-01-2026 10:40||NIFTY27JAN2625500CE,0.1186983992657013
12-01-2026 10:40||NIFTY27JAN2626400CE,0.1128251734461621
12-01-2026 10:45||NIFTY27JAN2624400PE,0.1489813682281043
12-01-2026 10:45||NIFTY27JAN2625000PE,0.115499581079725
12-01-2026 10:45||NIFTY27JAN2626000CE,0.1096318989955109
12-01-2026 10:45||NIFTY27JAN2626200CE,0.1101893741512946
12-01-2026 10:45||NIFTY27JAN2626300CE,0.1118128563508208
12-01-2026 10:50||NIFTY27JAN2623900PE,0.1831495673027016
12-01-2026 10:50||NIFTY27JAN2624900PE,0.1232104785065205
12-01-2026 10:50||NIFTY27JAN2625500CE,0.1124029431052806
12-01-2026 10:50||NIFTY27JAN2625600CE,0.1099904878297343
12-01-2026 10:50||NIFTY27JAN2626200CE,0.1058674532482978
12-01-2026 10:55||NIFTY27JAN2624000PE,0.1753660659123745
12-01-2026 10:55||NIFTY27JAN2624300PE,0.1561441028976161
12-01-2026 10:55||NIFTY27JAN2624400PE,0.1497432329137843
12-01-2026 10:55||NIFTY27JAN2624900PE,0.1216880447252265
12-01-2026 10:55||NIFTY27JAN2625100PE,0.113759088904796
12-01-2026 10:55||NIFTY27JAN2625500CE,0.1171844867941249
12-01-2026 10:55||NIFTY27JAN2626200CE,0.1080889439585231
12-01-2026 10:55||NIFTY27JAN2626400CE,0.1129084597139415
12-01-2026 11:00||NIFTY27JAN2623800PE,0.1869845633122974
12-01-2026 11:00||NIFTY27JAN2624000PE,0.1744822973720398
12-01-2026 11:00||NIFTY27JAN2624500PE,0.1424203653128007
12-01-2026 11:00||NIFTY27JAN2624800PE,0.1256379202816953
12-01-2026 11:00||NIFTY27JAN2624900PE,0.1207887670284285
12-01-2026 11:00||NIFTY27JAN2625000PE,0.1164249758141621
12-01-2026 11:00||NIFTY27JAN2625200CE,0.1298672503933376
12-01-2026 11:00||NIFTY27JAN2625400CE,0.1226657856675476
12-01-2026 11:00||NIFTY27JAN2625600CE,0.1158520841879744
12-01-2026 11:00||NIFTY27JAN2626000CE,0.1083906320818269
12-01-2026 11:00||NIFTY27JAN2626300CE,0.1113546137854232
12-01-2026 11:05||NIFTY27JAN2624100PE,0.1673947020900248
12-01-2026 11:05||NIFTY27JAN2624700PE,0.130158259654599
12-01-2026 11:05||NIFTY27JAN2625200CE,0.1317595091815416
12-01-2026 11:05||NIFTY27JAN2625500CE,0.1197883447278378
12-01-2026 11:05||NIFTY27JAN2625600CE,0.1164860161578005
12-01-2026 11:05||NIFTY27JAN2625700CE,0.113755149714702
12-01-2026 11:10||NIFTY27JAN2624400PE,0.1487137071211041
12-01-2026 11:10||NIFTY27JAN2624500PE,0.1426152742017348
12-01-2026 11:10||NIFTY27JAN2625200CE,0.1270075339193388
12-01-2026 11:10||NIFTY27JAN2625800CE,0.1089800013919456
12-01-2026 11:10||NIFTY27JAN2626000CE,0.1069335695729281
12-01-2026 11:15||NIFTY27JAN2625400CE,0.118821815356824
12-01-2026 11:15||NIFTY27JAN2625700CE,0.1110503633954263
12-01-2026 11:15||NIFTY27JAN2625800CE,0.1093730993603147
12-01-2026 11:20||NIFTY27JAN2624800PE,0.1236042948619239
12-01-2026 11:20||NIFTY27JAN2626400CE,0.1164305568516148
12-01-2026 11:25||NIFTY27JAN2623800PE,0.1823934004498106
12-01-2026 11:25||NIFTY27JAN2624200PE,0.1577522463535426
12-01-2026 11:25||NIFTY27JAN2624300PE,0.1515414572553554
12-01-2026 11:25||NIFTY27JAN2624700PE,0.1284429137897668
12-01-2026 11:25||NIFTY27JAN2625400CE,0.1206252658381778
12-01-2026 11:30||NIFTY27JAN2623900PE,0.1763917656907373
12-01-2026 11:30||NIFTY27JAN2624000PE,0.1706411421594481
12-01-2026 11:35||NIFTY27JAN2624200PE,0.1573901123672126
12-01-2026 11:35||NIFTY27JAN2624400PE,0.1450515761373963
12-01-2026 11:35||NIFTY27JAN2624700PE,0.1282998131814902
12-01-2026 11:35||NIFTY27JAN2624900PE,0.1190437809898843
12-01-2026 11:35||NIFTY27JAN2625300CE,0.1242404532691418
12-01-2026 11:35||NIFTY27JAN2625600CE,0.1148926920300103
12-01-2026 11:35||NIFTY27JAN2625800CE,0.1113670819988616
12-01-2026 11:40||NIFTY27JAN2624300PE,0.1516499915294156
12-01-2026 11:40||NIFTY27JAN2624400PE,0.1455902294921796
12-01-2026 11:40||NIFTY27JAN2625000PE,0.1154651394590672
12-01-2026 11:40||NIFTY27JAN2625200CE,0.12621115394314
12-01-2026 11:40||NIFTY27JAN2625300CE,0.1232857966793465
12-01-2026 11:50||NIFTY27JAN2624700PE,0.1280858154169712
12-01-2026 11:50||NIFTY27JAN2625600CE,0.1156214031432759
12-01-2026 11:50||NIFTY27JAN2625800CE,0.1118366311537084
12-01-2026 11:50||NIFTY27JAN2625900CE,0.1108644254940761
12-01-2026 11:55||NIFTY27JAN2624000PE,0.1697027966023802
12-01-2026 11:55||NIFTY27JAN2624900PE,0.1184695058143572
12-01-2026 11:55||NIFTY27JAN2625100PE,0.1114259111259114
12-01-2026 11:55||NIFTY27JAN2625700CE,0.1137505842724635
12-01-2026 11:55||NIFTY27JAN2626000CE,0.1106001161839522
12-01-2026 11:55||NIFTY27JAN2626500CE,0.1211712542574303
12-01-2026 12:00||NIFTY27JAN2624100PE,0.1633693058702114
12-01-2026 12:00||NIFTY27JAN2624900PE,0.1184213883439533
12-01-2026 12:00||NIFTY27JAN2625100PE,0.1119121911289829
12-01-2026 12:00||NIFTY27JAN2625900CE,0.1099661863764531
12-01-2026 12:05||NIFTY27JAN2624000PE,0.1697605993548349
12-01-2026 12:05||NIFTY27JAN2624900PE,0.117092936182776
12-01-2026 12:05||NIFTY27JAN2625500CE,0.1192787563178083
12-01-2026 12:05||NIFTY27JAN2625800CE,0.1118692978681617
12-01-2026 12:05||NIFTY27JAN2626000CE,0.1104006118600874
12-01-2026 12:10||NIFTY27JAN2623800PE,0.1832353507395078
12-01-2026 12:10||NIFTY27JAN2624200PE,0.1566100251526585
12-01-2026 12:10||NIFTY27JAN2624700PE,0.1244079527257682
12-01-2026 12:10||NIFTY27JAN2624800PE,0.1188178203827588
12-01-2026 12:10||NIFTY27JAN2625000PE,0.108884001681553
12-01-2026 12:10||NIFTY27JAN2625800CE,0.1196812307752952
12-01-2026 12:15||NIFTY27JAN2625100PE,0.1095926819737438
12-01-2026 12:15||NIFTY27JAN2625900CE,0.1142690846730613
12-01-2026 12:15||NIFTY27JAN2626200CE,0.1125168488062498
12-01-2026 12:20||NIFTY27JAN2624400PE,0.1490030185981196
12-01-2026 12:20||NIFTY27JAN2624700PE,0.1302650176963696
12-01-2026 12:20||NIFTY27JAN2625100PE,0.1116641954390897
12-01-2026 12:20||NIFTY27JAN2625300CE,0.1437150835602379
12-01-2026 12:20||NIFTY27JAN2625500CE,0.132450804735376
12-01-2026 12:20||NIFTY27JAN2626400CE,0.1168898073640677
12-01-2026 12:25||NIFTY27JAN2624800PE,0.1292290963517125
12-01-2026 12:25||NIFTY27JAN2625200CE,0.1332554487915139
12-01-2026 12:25||NIFTY27JAN2626300CE,0.1119587090571015
12-01-2026 12:30||NIFTY27JAN2623800PE,0.1885739376057495
12-01-2026 12:30||NIFTY27JAN2624800PE,0.1299168341217646
12-01-2026 12:30||NIFTY27JAN2624900PE,0.1247365323525323
12-01-2026 12:30||NIFTY27JAN2625500CE,0.1325832526859701
12-01-2026 12:30||NIFTY27JAN2625700CE,0.1242605329806167
12-01-2026 12:30||NIFTY27JAN2626500CE,0.1188185278592497
12-01-2026 12:35||NIFTY27JAN2624300PE,0.1624082456455355
12-01-2026 12:35||NIFTY27JAN2624600PE,0.1443741250620173
12-01-2026 12:35||NIFTY27JAN2624900PE,0.1286794296847348
12-01-2026 12:35||NIFTY27JAN2625100PE,0.1203100475163636
12-01-2026 12:35||NIFTY27JAN2626000CE,0.1104423902131925
12-01-2026 12:35||NIFTY27JAN2626300CE,0.1112076238536778
12-01-2026 12:40||NIFTY27JAN2624300PE,0.159028420199552
12-01-2026 12:40||NIFTY27JAN2624400PE,0.1527723196000454
12-01-2026 12:40||NIFTY27JAN2624500PE,0.1464685120676494
12-01-2026 12:40||NIFTY27JAN2625000PE,0.1192746115006477
12-01-2026 12:40||NIFTY27JAN2625300CE,0.1479603256569031
12-01-2026 12:40||NIFTY27JAN2625500CE,0.1370626986907105
12-01-2026 12:40||NIFTY27JAN2626000CE,0.11926562294874
12-01-2026 12:40||NIFTY27JAN2626200CE,0.1169456467448792
12-01-2026 12:45||NIFTY27JAN2624300PE,0.1646406379197418
12-01-2026 12:45||NIFTY27JAN2624500PE,0.1519027497967928
12-01-2026 12:45||NIFTY27JAN2624800PE,0.1347459685830676
12-01-2026 12:45||NIFTY27JAN2625000PE,0.1254053798631113
12-01-2026 12:45||NIFTY27JAN2625300CE,0.1286303797548808
12-01-2026 12:45||NIFTY27JAN2625700CE,0.1143215131721036
12-01-2026 12:45||NIFTY27JAN2625800CE,0.1120437871984151
12-01-2026 12:45||NIFTY27JAN2626000CE,0.1095002735005555
12-01-2026 12:45||NIFTY27JAN2626200CE,0.1093188210335281
12-01-2026 12:45||NIFTY27JAN2626400CE,0.1116231123873456
12-01-2026 12:50||NIFTY27JAN2624500PE,0.1507001877096817
12-01-2026 12:50||NIFTY27JAN2625300CE,0.1371651052692714
12-01-2026 12:50||NIFTY27JAN2625800CE,0.1189075113300945
12-01-2026 12:55||NIFTY27JAN2624500PE,0.1506611294655211
12-01-2026 12:55||NIFTY27JAN2624600PE,0.1448854991362521
12-01-2026 12:55||NIFTY27JAN2624700PE,0.1393030729742136
12-01-2026 12:55||NIFTY27JAN2625000PE,0.1239403109805968
12-01-2026 12:55||NIFTY27JAN2625400CE,0.129919261377077
12-01-2026 12:55||NIFTY27JAN2625900CE,0.1129129211797081
12-01-2026 12:55||NIFTY27JAN2626200CE,0.1112377195776535
12-01-2026 13:00||NIFTY27JAN2624200PE,0.167875716101756
12-01-2026 13:00||NIFTY27JAN2624500PE,0.1493584939968285
12-01-2026 13:00||NIFTY27JAN2624600PE,0.1434579636982683
12-01-2026 13:00||NIFTY27JAN2625500CE,0.128362494926555
12-01-2026 13:00||NIFTY27JAN2626000CE,0.1142083436963498
12-01-2026 13:00||NIFTY27JAN2626100CE,0.1131520197942603
12-01-2026 13:00||NIFTY27JAN2626300CE,0.1129888569728484
12-01-2026 13:00||NIFTY27JAN2626500CE,0.1145614370606833
12-01-2026 13:05||NIFTY27JAN2623900PE,0.1862793201308141
12-01-2026 13:05||NIFTY27JAN2624200PE,0.1683507867656012
12-01-2026 13:05||NIFTY27JAN2624500PE,0.1494590157243032
12-01-2026 13:05||NIFTY27JAN2624900PE,0.1275807674172391
12-01-2026 13:05||NIFTY27JAN2625300CE,0.1402426520491657
12-01-2026 13:05||NIFTY27JAN2625500CE,0.1304273134121746
12-01-2026 13:05||NIFTY27JAN2626400CE,0.1147387972933357
12-01-2026 13:10||NIFTY27JAN2624700PE,0.1382386133143094
12-01-2026 13:10||NIFTY27JAN2624800PE,0.133001140459112
12-01-2026 13:10||NIFTY27JAN2626400CE,0.1127147927807764
12-01-2026 13:15||NIFTY27JAN2623800PE,0.1903584811541794
12-01-2026 13:15||NIFTY27JAN2624500PE,0.1510888905887165
12-01-2026 13:15||NIFTY27JAN2624700PE,0.1396297283398496
12-01-2026 13:15||NIFTY27JAN2624800PE,0.1344735864508619
12-01-2026 13:15||NIFTY27JAN2625100PE,0.1237784602123578
12-01-2026 13:15||NIFTY27JAN2625500CE,0.1175156963348374
12-01-2026 13:15||NIFTY27JAN2625800CE,0.109690977995808
12-01-2026 13:15||NIFTY27JAN2626100CE,0.1070860797123586
12-01-2026 13:15||NIFTY27JAN2626300CE,0.1080190757981324
12-01-2026 13:15||NIFTY27JAN2626400CE,0.1093649093094793
12-01-2026 13:20||NIFTY27JAN2624200PE,0.1674620079545133
12-01-2026 13:20||NIFTY27JAN2624300PE,0.1615199264228208
12-01-2026 13:20||NIFTY27JAN2625000PE,0.1225466441921624
12-01-2026 13:20||NIFTY27JAN2625200CE,0.1395651760475355
12-01-2026 13:20||NIFTY27JAN2625500CE,0.1260315930527219
12-01-2026 13:20||NIFTY27JAN2626200CE,0.1106974089272225
12-01-2026 13:20||NIFTY27JAN2626500CE,0.1147368721908915
12-01-2026 13:25||NIFTY27JAN2624300PE,0.1621961809542142
12-01-2026 13:25||NIFTY27JAN2624500PE,0.1506121643626845
12-01-2026 13:25||NIFTY27JAN2624600PE,0.1449396521061224
12-01-2026 13:25||NIFTY27JAN2624800PE,0.1345583941406064
12-01-2026 13:25||NIFTY27JAN2625500CE,0.116822529594735
12-01-2026 13:25||NIFTY27JAN2625800CE,0.1101758723193515
12-01-2026 13:25||NIFTY27JAN2626000CE,0.1078274580230785
12-01-2026 13:25||NIFTY27JAN2626400CE,0.1094245065799828
12-01-2026 13:25||NIFTY27JAN2626500CE,0.110714331611741
12-01-2026 13:30||NIFTY27JAN2623900PE,0.1839859339859862
12-01-2026 13:30||NIFTY27JAN2624400PE,0.1544184871327588
12-01-2026 13:30||NIFTY27JAN2624800PE,0.1305897476353261
12-01-2026 13:30||NIFTY27JAN2624900PE,0.1255401968830708
12-01-2026 13:30||NIFTY27JAN2625100PE,0.1183540794443106
12-01-2026 13:30||NIFTY27JAN2625300CE,0.1507903330771239
12-01-2026 13:30||NIFTY27JAN2625500CE,0.137074619535972
12-01-2026 13:30||NIFTY27JAN2625600CE,0.1311358346427275
12-01-2026 13:30||NIFTY27JAN2625700CE,0.1262705621704917
12-01-2026 13:35||NIFTY27JAN2624700PE,0.1401213499767274
12-01-2026 13:35||NIFTY27JAN2624900PE,0.1295465091045436
12-01-2026 13:35||NIFTY27JAN2625500CE,0.1212075440492208
12-01-2026 13:35||NIFTY27JAN2625600CE,0.1178387586447917
12-01-2026 13:35||NIFTY27JAN2625900CE,0.1108954377106797
12-01-2026 13:40||NIFTY27JAN2623900PE,0.186575677086269
12-01-2026 13:40||NIFTY27JAN2624000PE,0.1810429145213043
12-01-2026 13:40||NIFTY27JAN2624100PE,0.1753741974121567
12-01-2026 13:40||NIFTY27JAN2624800PE,0.1344415029653235
12-01-2026 13:40||NIFTY27JAN2624900PE,0.1295052454076759
12-01-2026 13:40||NIFTY27JAN2625200CE,0.14607132334968
12-01-2026 13:40||NIFTY27JAN2625400CE,0.1257984698653438
12-01-2026 13:40||NIFTY27JAN2626100CE,0.107388261822435
12-01-2026 13:40||NIFTY27JAN2626200CE,0.1073896599635057
12-01-2026 13:45||NIFTY27JAN2623800PE,0.1928214176558532
12-01-2026 13:45||NIFTY27JAN2623900PE,0.1870289132479825
12-01-2026 13:45||NIFTY27JAN2624600PE,0.1445917050095014
12-01-2026 13:45||NIFTY27JAN2625100PE,0.1208609070551961
12-01-2026 13:50||NIFTY27JAN2624200PE,0.1698433997536907
12-01-2026 13:50||NIFTY27JAN2625200CE,0.1405360190833913
12-01-2026 13:50||NIFTY27JAN2625300CE,0.1349025340916424
12-01-2026 13:50||NIFTY27JAN2625400CE,0.1302196906390338
12-01-2026 13:50||NIFTY27JAN2626200CE,0.1088823659318447
12-01-2026 13:55||NIFTY27JAN2623800PE,0.1947528651431199
12-01-2026 13:55||NIFTY27JAN2624000PE,0.182906692771938
12-01-2026 13:55||NIFTY27JAN2624100PE,0.1769008733318851
12-01-2026 13:55||NIFTY27JAN2624700PE,0.1402275028802401
12-01-2026 13:55||NIFTY27JAN2624900PE,0.1295973448195031
12-01-2026 13:55||NIFTY27JAN2626100CE,0.1074648931299325
12-01-2026 13:55||NIFTY27JAN2626400CE,0.1089923804588013
12-01-2026 14:00||NIFTY27JAN2624000PE,0.1821990127450602
12-01-2026 14:00||NIFTY27JAN2624400PE,0.1579750979325674
12-01-2026 14:00||NIFTY27JAN2624500PE,0.1518175772735074
12-01-2026 14:00||NIFTY27JAN2624600PE,0.1458080898555171
12-01-2026 14:00||NIFTY27JAN2625000PE,0.1243110797210199
12-01-2026 14:00||NIFTY27JAN2625400CE,0.1226969315563913
12-01-2026 14:00||NIFTY27JAN2625600CE,0.1165379503487823
12-01-2026 14:00||NIFTY27JAN2625700CE,0.1137483106014305
12-01-2026 14:00||NIFTY27JAN2626300CE,0.1077559883662429
12-01-2026 14:00||NIFTY27JAN2626400CE,0.108945812934257
12-01-2026 14:05||NIFTY27JAN2624400PE,0.1572103065581305
12-01-2026 14:05||NIFTY27JAN2624600PE,0.1447147153699189
12-01-2026 14:05||NIFTY27JAN2624800PE,0.1331679104151531
12-01-2026 14:05||NIFTY27JAN2625800CE,0.1152440488152673
12-01-2026 14:05||NIFTY27JAN2626000CE,0.1103047125083425
12-01-2026 14:05||NIFTY27JAN2626200CE,0.1086974303789753
12-01-2026 14:05||NIFTY27JAN2626400CE,0.108750047963443
12-01-2026 14:05||NIFTY27JAN2626500CE,0.1090903930963487
12-01-2026 14:10||NIFTY27JAN2624100PE,0.1769345894481544
12-01-2026 14:10||NIFTY27JAN2624600PE,0.1461427994448144
12-01-2026 14:10||NIFTY27JAN2624800PE,0.134855198282551
12-01-2026 14:10||NIFTY27JAN2625200CE,0.1356487108118724
12-01-2026 14:10||NIFTY27JAN2625500CE,0.1172397634086748
12-01-2026 14:10||NIFTY27JAN2626400CE,0.107566648045704
12-01-2026 14:15||NIFTY27JAN2624100PE,0.1753936818087516
12-01-2026 14:15||NIFTY27JAN2624200PE,0.16938279178964
12-01-2026 14:15||NIFTY27JAN2624900PE,0.1281659431813916
12-01-2026 14:15||NIFTY27JAN2625800CE,0.1122111827786195
12-01-2026 14:20||NIFTY27JAN2624400PE,0.1565836549907109
12-01-2026 14:20||NIFTY27JAN2624500PE,0.1501683454646109
12-01-2026 14:20||NIFTY27JAN2624600PE,0.1439044316005814
12-01-2026 14:20||NIFTY27JAN2625000PE,0.1213058112445013
12-01-2026 14:20||NIFTY27JAN2625200CE,0.1503171436440644
12-01-2026 14:20||NIFTY27JAN2625700CE,0.1226622261869455
12-01-2026 14:20||NIFTY27JAN2626200CE,0.1112375718355231
12-01-2026 14:20||NIFTY27JAN2626500CE,0.1127466482333778
12-01-2026 14:25||NIFTY27JAN2623900PE,0.1882372776247377
12-01-2026 14:25||NIFTY27JAN2624200PE,0.1708609993311396
12-01-2026 14:25||NIFTY27JAN2624500PE,0.1525334512650579
12-01-2026 14:25||NIFTY27JAN2624600PE,0.1465029766490648
12-01-2026 14:25||NIFTY27JAN2626300CE,0.1065320531831875
12-01-2026 14:25||NIFTY27JAN2626500CE,0.1093902434504379
12-01-2026 14:30||NIFTY27JAN2623900PE,0.1881548410962777
12-01-2026 14:30||NIFTY27JAN2624200PE,0.1709489311840062
12-01-2026 14:30||NIFTY27JAN2625200CE,0.1240911390114964
12-01-2026 14:30||NIFTY27JAN2625700CE,0.1093811035133977
12-01-2026 14:30||NIFTY27JAN2626200CE,0.104777762303798
12-01-2026 14:35||NIFTY27JAN2624500PE,0.1490154441426007
12-01-2026 14:35||NIFTY27JAN2625100PE,0.1175293965184348
12-01-2026 14:35||NIFTY27JAN2625900CE,0.1158114129186019
12-01-2026 14:35||NIFTY27JAN2626000CE,0.113453775308739
12-01-2026 14:35||NIFTY27JAN2626100CE,0.1118111930342708
12-01-2026 14:35||NIFTY27JAN2626400CE,0.1114501548225024
12-01-2026 14:35||NIFTY27JAN2626500CE,0.1125077658140444
12-01-2026 14:40||NIFTY27JAN2624100PE,0.1764139724272873
12-01-2026 14:40||NIFTY27JAN2624300PE,0.1640178015268263
12-01-2026 14:40||NIFTY27JAN2624500PE,0.1516777187634849
12-01-2026 14:40||NIFTY27JAN2625100PE,0.1205263645238937
12-01-2026 14:40||NIFTY27JAN2625300CE,0.1343355711566235
12-01-2026 14:40||NIFTY27JAN2625600CE,0.1188040573088415
12-01-2026 14:40||NIFTY27JAN2626400CE,0.1088858492260316
12-01-2026 14:45||NIFTY27JAN2624000PE,0.1828850987692311
12-01-2026 14:45||NIFTY27JAN2624600PE,0.1466213357973917
12-01-2026 14:45||NIFTY27JAN2625000PE,0.1245784681183341
12-01-2026 14:45||NIFTY27JAN2625300CE,0.1272555157096731
12-01-2026 14:45||NIFTY27JAN2625500CE,0.1187570541886626
12-01-2026 14:45||NIFTY27JAN2626000CE,0.1066890220794147
12-01-2026 14:45||NIFTY27JAN2626100CE,0.1056993286011392
12-01-2026 14:45||NIFTY27JAN2626200CE,0.1054704416344233
12-01-2026 14:45||NIFTY27JAN2626500CE,0.1082579781633049
12-01-2026 14:50||NIFTY27JAN2624000PE,0.1830316457523314
12-01-2026 14:50||NIFTY27JAN2624400PE,0.1580574235373907
12-01-2026 14:50||NIFTY27JAN2624800PE,0.1338388106977159
12-01-2026 14:50||NIFTY27JAN2625100PE,0.1196399136681572
12-01-2026 14:50||NIFTY27JAN2625600CE,0.1214556282361836
12-01-2026 14:50||NIFTY27JAN2626000CE,0.1093442112007907
12-01-2026 14:50||NIFTY27JAN2626300CE,0.1068784724527793
12-01-2026 14:50||NIFTY27JAN2626400CE,0.1076152395826194
12-01-2026 14:55||NIFTY27JAN2624300PE,0.1644813301630869
12-01-2026 14:55||NIFTY27JAN2624500PE,0.1518798604578189
12-01-2026 14:55||NIFTY27JAN2624700PE,0.139748166401005
12-01-2026 14:55||NIFTY27JAN2624900PE,0.1289067025096501
12-01-2026 14:55||NIFTY27JAN2625100PE,0.1201489963807495
12-01-2026 14:55||NIFTY27JAN2626200CE,0.1072178245485771
12-01-2026 15:00||NIFTY27JAN2623800PE,0.1955006705673827
12-01-2026 15:00||NIFTY27JAN2623900PE,0.1893187134709129
12-01-2026 15:00||NIFTY27JAN2624300PE,0.1644583330042923
12-01-2026 15:00||NIFTY27JAN2624700PE,0.1398017159445106
12-01-2026 15:00||NIFTY27JAN2624800PE,0.1343343307667466
12-01-2026 15:00||NIFTY27JAN2626000CE,0.1077903006601964
12-01-2026 15:00||NIFTY27JAN2626100CE,0.106556154839026
12-01-2026 15:05||NIFTY27JAN2623800PE,0.1945594260832263
12-01-2026 15:05||NIFTY27JAN2624200PE,0.1720549410925724
12-01-2026 15:05||NIFTY27JAN2624300PE,0.1656818864061209
12-01-2026 15:05||NIFTY27JAN2624900PE,0.1296241848638921
12-01-2026 15:05||NIFTY27JAN2625900CE,0.1074080407421624
12-01-2026 15:05||NIFTY27JAN2626200CE,0.1046529127981078
12-01-2026 15:10||NIFTY27JAN2624000PE,0.1835550352466048
12-01-2026 15:10||NIFTY27JAN2624500PE,0.1525140624641288
12-01-2026 15:10||NIFTY27JAN2624600PE,0.146256812430764
12-01-2026 15:10||NIFTY27JAN2625200CE,0.1339900848257872
12-01-2026 15:10||NIFTY27JAN2625600CE,0.1128499603139957
12-01-2026 15:10||NIFTY27JAN2625900CE,0.1061327211546959
12-01-2026 15:10||NIFTY27JAN2626200CE,0.1032011748498638
12-01-2026 15:10||NIFTY27JAN2626300CE,0.1033918896037668
12-01-2026 15:10||NIFTY27JAN2626400CE,0.1043310374758851
12-01-2026 15:15||NIFTY27JAN2623900PE,0.1910757658146059
12-01-2026 15:15||NIFTY27JAN2624000PE,0.1853856917779801
12-01-2026 15:15||NIFTY27JAN2624500PE,0.1533793073247246
12-01-2026 15:15||NIFTY27JAN2624900PE,0.1294936355809648
12-01-2026 15:15||NIFTY27JAN2625200CE,0.1403593601386412
12-01-2026 15:15||NIFTY27JAN2625400CE,0.127673663289013
12-01-2026 15:15||NIFTY27JAN2625500CE,0.1221071710958689
12-01-2026 15:20||NIFTY27JAN2624100PE,0.1808501527776783
12-01-2026 15:20||NIFTY27JAN2624200PE,0.1745578026054768
12-01-2026 15:20||NIFTY27JAN2624400PE,0.161517266037487
12-01-2026 15:20||NIFTY27JAN2624500PE,0.1549835152581296
12-01-2026 15:20||NIFTY27JAN2625000PE,0.1242634355689799
12-01-2026 15:20||NIFTY27JAN2625200CE,0.1401055887915878
12-01-2026 15:20||NIFTY27JAN2625300CE,0.1340626640126384
12-01-2026 15:20||NIFTY27JAN2626200CE,0.1045345083344477
12-01-2026 15:20||NIFTY27JAN2626300CE,0.1044719024675223
12-01-2026 15:25||NIFTY27JAN2624200PE,0.1746402351873808
12-01-2026 15:25||NIFTY27JAN2624600PE,0.1488541919381195
12-01-2026 15:25||NIFTY27JAN2625400CE,0.1186008190108253
12-01-2026 15:25||NIFTY27JAN2625500CE,0.1145233462262161
12-01-2026 15:25||NIFTY27JAN2625700CE,0.1085795673212415
13-01-2026 09:15||NIFTY27JAN2624000PE,0.1890419368114452
13-01-2026 09:15||NIFTY27JAN2624700PE,0.1441440755106965
13-01-2026 09:15||NIFTY27JAN2625500CE,0.1014850493727402
13-01-2026 09:15||NIFTY27JAN2625600CE,0.1026977884198142
13-01-2026 09:15||NIFTY27JAN2625800CE,0.1001405324468083
13-01-2026 09:15||NIFTY27JAN2625900CE,0.0992528243234698
13-01-2026 09:15||NIFTY27JAN2626100CE,0.098146515091941
13-01-2026 09:20||NIFTY27JAN2623800PE,0.2010370124965518
13-01-2026 09:20||NIFTY27JAN2624500PE,0.1558429860872003
13-01-2026 09:20||NIFTY27JAN2624600PE,0.1492904926269988
13-01-2026 09:20||NIFTY27JAN2624800PE,0.1371592886413816
13-01-2026 09:25||NIFTY27JAN2623800PE,0.2012725511950929
13-01-2026 09:25||NIFTY27JAN2624200PE,0.1764225264010462
13-01-2026 09:25||NIFTY27JAN2624400PE,0.1647185264650582
13-01-2026 09:25||NIFTY27JAN2624600PE,0.1535781754412951
13-01-2026 09:25||NIFTY27JAN2624800PE,0.1429777192529471
13-01-2026 09:25||NIFTY27JAN2625300CE,0.0791035613505457
13-01-2026 09:25||NIFTY27JAN2625500CE,0.0849014940476156
13-01-2026 09:30||NIFTY27JAN2624500PE,0.155342045213404
13-01-2026 09:30||NIFTY27JAN2625300CE,0.0970434040227721
13-01-2026 09:30||NIFTY27JAN2625500CE,0.0987098643844411
13-01-2026 09:30||NIFTY27JAN2625700CE,0.0988494681904491
13-01-2026 09:30||NIFTY27JAN2626000CE,0.0997428223645192
13-01-2026 09:30||NIFTY27JAN2626200CE,0.1009332340496027
13-01-2026 09:35||NIFTY27JAN2624000PE,0.1857517893047939
13-01-2026 09:35||NIFTY27JAN2625000PE,0.1255503325545912
13-01-2026 09:35||NIFTY27JAN2625300CE,0.1142503327457405
13-01-2026 09:35||NIFTY27JAN2625700CE,0.1071653373030615
13-01-2026 09:35||NIFTY27JAN2625800CE,0.1065058635455608
13-01-2026 09:40||NIFTY27JAN2625200CE,0.1185739531217215
13-01-2026 09:40||NIFTY27JAN2625400CE,0.1141541288036296
13-01-2026 09:40||NIFTY27JAN2625600CE,0.110279231475669
13-01-2026 09:45||NIFTY27JAN2623800PE,0.1959741127847894
13-01-2026 09:45||NIFTY27JAN2624500PE,0.1532249800858168
13-01-2026 09:45||NIFTY27JAN2625400CE,0.100376393034372
13-01-2026 09:45||NIFTY27JAN2625800CE,0.0985918189982806
13-01-2026 09:45||NIFTY27JAN2625900CE,0.0989538871180864
13-01-2026 09:50||NIFTY27JAN2623900PE,0.1913197634557695
13-01-2026 09:50||NIFTY27JAN2624500PE,0.1528704788239643
13-01-2026 09:50||NIFTY27JAN2624600PE,0.1467781725512914
13-01-2026 09:50||NIFTY27JAN2625000PE,0.1259002124541044
13-01-2026 09:50||NIFTY27JAN2625100PE,0.1219380926953753
13-01-2026 09:50||NIFTY27JAN2626300CE,0.1053269366683676
13-01-2026 09:55||NIFTY27JAN2624100PE,0.1783798124556073
13-01-2026 09:55||NIFTY27JAN2624200PE,0.1719282920470928
13-01-2026 09:55||NIFTY27JAN2624300PE,0.1652676379071479
13-01-2026 09:55||NIFTY27JAN2624700PE,0.1411642793945767
13-01-2026 09:55||NIFTY27JAN2625600CE,0.1047087102885969
13-01-2026 10:00||NIFTY27JAN2624200PE,0.1696280888711938
13-01-2026 10:00||NIFTY27JAN2626300CE,0.1115232838934978
13-01-2026 10:00||NIFTY27JAN2626500CE,0.1137712230993835
13-01-2026 10:05||NIFTY27JAN2624000PE,0.1820274636008849
13-01-2026 10:05||NIFTY27JAN2624800PE,0.1340020059196975
13-01-2026 10:05||NIFTY27JAN2626400CE,0.1095612389165913
13-01-2026 10:10||NIFTY27JAN2624100PE,0.1796096206307408
13-01-2026 10:10||NIFTY27JAN2624200PE,0.1729611558654789
13-01-2026 10:10||NIFTY27JAN2624500PE,0.1536191135343675
13-01-2026 10:10||NIFTY27JAN2624700PE,0.141840974728463
13-01-2026 10:10||NIFTY27JAN2625100PE,0.1240757158801086
13-01-2026 10:10||NIFTY27JAN2625800CE,0.101358039763076
13-01-2026 10:15||NIFTY27JAN2624500PE,0.1527553311066448
13-01-2026 10:15||NIFTY27JAN2624800PE,0.1356853527032633
13-01-2026 10:15||NIFTY27JAN2624900PE,0.1308300031115083
13-01-2026 10:15||NIFTY27JAN2625100PE,0.1233666983819284
13-01-2026 10:15||NIFTY27JAN2625800CE,0.1021576550893867
13-01-2026 10:20||NIFTY27JAN2623900PE,0.1909817307024099
13-01-2026 10:20||NIFTY27JAN2624100PE,0.1785550463556862
13-01-2026 10:20||NIFTY27JAN2625300CE,0.1175655401781803
13-01-2026 10:20||NIFTY27JAN2625700CE,0.1056884208137778
13-01-2026 10:20||NIFTY27JAN2626500CE,0.1074659884000165
13-01-2026 10:25||NIFTY27JAN2623900PE,0.191853662146798
13-01-2026 10:25||NIFTY27JAN2624200PE,0.1725809621200728
13-01-2026 10:25||NIFTY27JAN2624500PE,0.1518903005494174
13-01-2026 10:25||NIFTY27JAN2624700PE,0.1391631817854996
13-01-2026 10:25||NIFTY27JAN2625100PE,0.1192027841517195
13-01-2026 10:25||NIFTY27JAN2625700CE,0.1141761659267992
13-01-2026 10:30||NIFTY27JAN2623800PE,0.2002402518478389
13-01-2026 10:30||NIFTY27JAN2624400PE,0.1617880086042221
13-01-2026 10:30||NIFTY27JAN2624600PE,0.1490105252323851
13-01-2026 10:30||NIFTY27JAN2624700PE,0.1430389554431799
13-01-2026 10:30||NIFTY27JAN2624900PE,0.1315925126282234
13-01-2026 10:30||NIFTY27JAN2625300CE,0.1180360516701923
13-01-2026 10:30||NIFTY27JAN2625900CE,0.1024251858078446
13-01-2026 10:30||NIFTY27JAN2626000CE,0.1016205624189493
13-01-2026 10:30||NIFTY27JAN2626100CE,0.1011574414938274
13-01-2026 10:30||NIFTY27JAN2626400CE,0.1035433933472308
13-01-2026 10:35||NIFTY27JAN2623800PE,0.200808189598168
13-01-2026 10:35||NIFTY27JAN2623900PE,0.1941145714918395
13-01-2026 10:35||NIFTY27JAN2624300PE,0.1675227594979914
13-01-2026 10:35||NIFTY27JAN2624600PE,0.1486979000728014
13-01-2026 10:35||NIFTY27JAN2625000PE,0.1263621424339862
13-01-2026 10:35||NIFTY27JAN2626000CE,0.101585358747435
13-01-2026 10:35||NIFTY27JAN2626100CE,0.10157366604182
13-01-2026 10:40||NIFTY27JAN2623900PE,0.1925216144272535
13-01-2026 10:40||NIFTY27JAN2624000PE,0.1864372165906324
13-01-2026 10:40||NIFTY27JAN2624400PE,0.1603665693796574
13-01-2026 10:40||NIFTY27JAN2624500PE,0.1540076638635183
13-01-2026 10:40||NIFTY27JAN2624800PE,0.1363019079706487
13-01-2026 10:40||NIFTY27JAN2626300CE,0.1033979966000425
13-01-2026 10:45||NIFTY27JAN2623900PE,0.1909038302164672
13-01-2026 10:45||NIFTY27JAN2624900PE,0.1284161494319025
13-01-2026 10:45||NIFTY27JAN2625200CE,0.1205394316006088
13-01-2026 10:45||NIFTY27JAN2625600CE,0.1080463174392067
13-01-2026 10:50||NIFTY27JAN2624900PE,0.1306514021831597
13-01-2026 10:50||NIFTY27JAN2625000PE,0.1257510268050098
13-01-2026 10:50||NIFTY27JAN2625500CE,0.1073270266491445
13-01-2026 10:50||NIFTY27JAN2625600CE,0.1037945203017731
13-01-2026 10:50||NIFTY27JAN2625700CE,0.1010992408626428
13-01-2026 10:50||NIFTY27JAN2625900CE,0.0983660986321531
13-01-2026 10:55||NIFTY27JAN2624300PE,0.1638021685043485
13-01-2026 10:55||NIFTY27JAN2624400PE,0.1572388336750325
13-01-2026 10:55||NIFTY27JAN2625200CE,0.1313653748676327
13-01-2026 10:55||NIFTY27JAN2625700CE,0.1097366486220817
13-01-2026 10:55||NIFTY27JAN2626400CE,0.1061329260970097
13-01-2026 11:00||NIFTY27JAN2623900PE,0.1899157124922092
13-01-2026 11:00||NIFTY27JAN2624200PE,0.1711810856196395
13-01-2026 11:00||NIFTY27JAN2625000PE,0.1241537182113529
13-01-2026 11:00||NIFTY27JAN2625700CE,0.1024837078971696
13-01-2026 11:00||NIFTY27JAN2625800CE,0.1017490777749333
13-01-2026 11:00||NIFTY27JAN2626400CE,0.1034937787930223
13-01-2026 11:05||NIFTY27JAN2624100PE,0.1764614473617439
13-01-2026 11:05||NIFTY27JAN2624800PE,0.1326295587688943
13-01-2026 11:05||NIFTY27JAN2625100PE,0.1189171335881686
13-01-2026 11:05||NIFTY27JAN2625800CE,0.1090579568083828
13-01-2026 11:10||NIFTY27JAN2623900PE,0.1896246521003301
13-01-2026 11:10||NIFTY27JAN2624800PE,0.1371699962673032
13-01-2026 11:10||NIFTY27JAN2624900PE,0.1405443579727815
13-01-2026 11:10||NIFTY27JAN2625000PE,0.145949441641951
13-01-2026 11:10||NIFTY27JAN2625100PE,0.1515029654127584
13-01-2026 11:10||NIFTY27JAN2625900CE,0.1031287207196019
13-01-2026 11:10||NIFTY27JAN2626400CE,0.1035094691022116
13-01-2026 11:15||NIFTY27JAN2624500PE,0.1508803938599844
13-01-2026 11:15||NIFTY27JAN2625100PE,0.1203611693513621
13-01-2026 11:15||NIFTY27JAN2625200CE,0.1163260321215432
13-01-2026 11:15||NIFTY27JAN2625300CE,0.1135761704571894
13-01-2026 11:20||NIFTY27JAN2624900PE,0.1280729114545448
13-01-2026 11:20||NIFTY27JAN2626100CE,0.1009290107612621
13-01-2026 11:25||NIFTY27JAN2624000PE,0.1825356229640465
13-01-2026 11:25||NIFTY27JAN2624500PE,0.1497891370583913
13-01-2026 11:25||NIFTY27JAN2624800PE,0.1323157592258219
13-01-2026 11:25||NIFTY27JAN2625600CE,0.1104785038467431
13-01-2026 11:25||NIFTY27JAN2626000CE,0.1027462079426188
13-01-2026 11:25||NIFTY27JAN2626200CE,0.1017347842822585
13-01-2026 11:25||NIFTY27JAN2626400CE,0.1033946210675797
13-01-2026 11:30||NIFTY27JAN2625100PE,0.117895227144493
13-01-2026 11:30||NIFTY27JAN2625500CE,0.1150937309837236
13-01-2026 11:30||NIFTY27JAN2625800CE,0.1071844212317613
13-01-2026 11:30||NIFTY27JAN2625900CE,0.1053444839374713
13-01-2026 11:35||NIFTY27JAN2623800PE,0.1976989821907661
13-01-2026 11:35||NIFTY27JAN2623900PE,0.1909484901380551
13-01-2026 11:35||NIFTY27JAN2624100PE,0.1774912661730558
13-01-2026 11:35||NIFTY27JAN2624900PE,0.1290523430071826
13-01-2026 11:35||NIFTY27JAN2625300CE,0.1107886516385689
13-01-2026 11:35||NIFTY27JAN2626000CE,0.0994110327888939
13-01-2026 11:35||NIFTY27JAN2626300CE,0.0999399034105679
13-01-2026 11:35||NIFTY27JAN2626500CE,0.1018927777597106
13-01-2026 11:40||NIFTY27JAN2623800PE,0.1945755265412208
13-01-2026 11:40||NIFTY27JAN2624500PE,0.1515395661098858
13-01-2026 11:40||NIFTY27JAN2624900PE,0.129749498910613
13-01-2026 11:40||NIFTY27JAN2625300CE,0.0993329292009335
13-01-2026 11:40||NIFTY27JAN2625400CE,0.0983526376383647
13-01-2026 11:45||NIFTY27JAN2623800PE,0.1927998336297801
13-01-2026 11:45||NIFTY27JAN2625000PE,0.1220949808760333
13-01-2026 11:45||NIFTY27JAN2625400CE,0.1118838424326732
13-01-2026 11:45||NIFTY27JAN2625800CE,0.1036279499038585
13-01-2026 11:45||NIFTY27JAN2626200CE,0.1009416066557502
13-01-2026 11:45||NIFTY27JAN2626300CE,0.1016826412549905
13-01-2026 11:45||NIFTY27JAN2626400CE,0.10309366565109
13-01-2026 11:50||NIFTY27JAN2624000PE,0.1807651681674166
13-01-2026 11:50||NIFTY27JAN2624300PE,0.1624108604086774
13-01-2026 11:50||NIFTY27JAN2625100PE,0.1201881810946428
13-01-2026 11:50||NIFTY27JAN2626200CE,0.0979942752296234
13-01-2026 11:50||NIFTY27JAN2626300CE,0.0990623182564902
13-01-2026 11:55||NIFTY27JAN2624300PE,0.160648954443855
13-01-2026 11:55||NIFTY27JAN2624800PE,0.1313977755181714
13-01-2026 11:55||NIFTY27JAN2625000PE,0.1218033488510045
13-01-2026 11:55||NIFTY27JAN2625400CE,0.1089697472261273
13-01-2026 11:55||NIFTY27JAN2625500CE,0.1056675383121933
13-01-2026 12:00||NIFTY27JAN2624500PE,0.1474591659412622
13-01-2026 12:00||NIFTY27JAN2625000PE,0.1210205657079425
13-01-2026 12:00||NIFTY27JAN2625900CE,0.1021631098189269
13-01-2026 12:05||NIFTY27JAN2623800PE,0.191737284832911
13-01-2026 12:05||NIFTY27JAN2624500PE,0.1464490503472895
13-01-2026 12:05||NIFTY27JAN2624700PE,0.1348732445577858
13-01-2026 12:05||NIFTY27JAN2625000PE,0.1196290250256639
13-01-2026 12:05||NIFTY27JAN2625300CE,0.1125321803410197
13-01-2026 12:05||NIFTY27JAN2625800CE,0.1048146358956874
13-01-2026 12:10||NIFTY27JAN2624500PE,0.1477359490600674
13-01-2026 12:10||NIFTY27JAN2625000PE,0.1223296385532574
13-01-2026 12:10||NIFTY27JAN2625200CE,0.1487737870837215
13-01-2026 12:10||NIFTY27JAN2625500CE,0.0999112929303375
13-01-2026 12:10||NIFTY27JAN2625600CE,0.0996006231039468
13-01-2026 12:15||NIFTY27JAN2624200PE,0.1654551680856002
13-01-2026 12:15||NIFTY27JAN2624300PE,0.1591449597142909
13-01-2026 12:15||NIFTY27JAN2625300CE,0.1154132576565043
13-01-2026 12:15||NIFTY27JAN2625800CE,0.1062745795614928
13-01-2026 12:15||NIFTY27JAN2626500CE,0.1070804653083506
13-01-2026 12:20||NIFTY27JAN2624100PE,0.1712735558176016
13-01-2026 12:20||NIFTY27JAN2624700PE,0.1361078250350818
13-01-2026 12:20||NIFTY27JAN2625100PE,0.118015556653241
13-01-2026 12:20||NIFTY27JAN2625700CE,0.1019506183275934
13-01-2026 12:25||NIFTY27JAN2623800PE,0.1876526400739512
13-01-2026 12:25||NIFTY27JAN2624200PE,0.1644269879456834
13-01-2026 12:25||NIFTY27JAN2624300PE,0.1580130556570189
13-01-2026 12:25||NIFTY27JAN2624500PE,0.1451210984212341
13-01-2026 12:25||NIFTY27JAN2625700CE,0.111149458700445
13-01-2026 12:30||NIFTY27JAN2623900PE,0.1829447194424903
13-01-2026 12:30||NIFTY27JAN2624000PE,0.1767558251219294
13-01-2026 12:30||NIFTY27JAN2624100PE,0.1706394370742253
13-01-2026 12:30||NIFTY27JAN2624400PE,0.1528561584219673
13-01-2026 12:30||NIFTY27JAN2624700PE,0.1357216766435165
13-01-2026 12:30||NIFTY27JAN2624900PE,0.1255909836047093
13-01-2026 12:30||NIFTY27JAN2626000CE,0.1004135462268431
13-01-2026 12:30||NIFTY27JAN2626400CE,0.1048478569214716
13-01-2026 12:35||NIFTY27JAN2624200PE,0.1637393644456976
13-01-2026 12:35||NIFTY27JAN2624300PE,0.1578898053595382
13-01-2026 12:35||NIFTY27JAN2624600PE,0.1404074206887047
13-01-2026 12:35||NIFTY27JAN2624800PE,0.129201173888811
13-01-2026 12:35||NIFTY27JAN2625100PE,0.1159647990151651
13-01-2026 12:35||NIFTY27JAN2625900CE,0.1024039814137774
13-01-2026 12:35||NIFTY27JAN2626100CE,0.1024034604633861
13-01-2026 12:35||NIFTY27JAN2626400CE,0.1058564315971313
13-01-2026 12:40||NIFTY27JAN2624100PE,0.1696286092063671
13-01-2026 12:40||NIFTY27JAN2624300PE,0.1576550275436285
13-01-2026 12:40||NIFTY27JAN2624600PE,0.140394572084477
13-01-2026 12:40||NIFTY27JAN2624700PE,0.1348327565523126
13-01-2026 12:40||NIFTY27JAN2625100PE,0.1171772907098217
13-01-2026 12:40||NIFTY27JAN2626500CE,0.1050664260527178
13-01-2026 12:45||NIFTY27JAN2625300CE,0.0996016837086832
13-01-2026 12:45||NIFTY27JAN2626200CE,0.1014342087462506
13-01-2026 12:50||NIFTY27JAN2623900PE,0.1812236679941881
13-01-2026 12:50||NIFTY27JAN2624100PE,0.1693236474827957
13-01-2026 12:50||NIFTY27JAN2624600PE,0.1401739298955905
13-01-2026 12:50||NIFTY27JAN2625400CE,0.1066704453867665
13-01-2026 12:50||NIFTY27JAN2625500CE,0.1053615468869665
13-01-2026 12:55||NIFTY27JAN2624000PE,0.1741592096260386
13-01-2026 12:55||NIFTY27JAN2624300PE,0.1566273371133857
13-01-2026 12:55||NIFTY27JAN2624500PE,0.1454310456027017
13-01-2026 12:55||NIFTY27JAN2624700PE,0.1345886639561174
13-01-2026 12:55||NIFTY27JAN2625000PE,0.120781318427133
13-01-2026 12:55||NIFTY27JAN2625100PE,0.1165535033742224
13-01-2026 12:55||NIFTY27JAN2625300CE,0.1117118952447277
13-01-2026 12:55||NIFTY27JAN2625500CE,0.105648191520157
13-01-2026 12:55||NIFTY27JAN2626200CE,0.1044346994186102
13-01-2026 12:55||NIFTY27JAN2626400CE,0.1082638325403376
13-01-2026 12:55||NIFTY27JAN2626500CE,0.1104080806577487
13-01-2026 13:00||NIFTY27JAN2624000PE,0.174318641029012
13-01-2026 13:00||NIFTY27JAN2624600PE,0.1391912503520134
13-01-2026 13:00||NIFTY27JAN2624700PE,0.1337512605756339
13-01-2026 13:00||NIFTY27JAN2626400CE,0.1091153838952824
13-01-2026 13:05||NIFTY27JAN2624000PE,0.1749749161145521
13-01-2026 13:05||NIFTY27JAN2624600PE,0.1386800789535029
13-01-2026 13:05||NIFTY27JAN2625200CE,0.118704106290233
13-01-2026 13:05||NIFTY27JAN2625700CE,0.1075853499938016
13-01-2026 13:05||NIFTY27JAN2626500CE,0.114278071433766
13-01-2026 13:10||NIFTY27JAN2623900PE,0.1834263652184668
13-01-2026 13:10||NIFTY27JAN2624400PE,0.1519680669155941
13-01-2026 13:10||NIFTY27JAN2624500PE,0.1460278547687259
13-01-2026 13:10||NIFTY27JAN2624700PE,0.1348463724270484
13-01-2026 13:10||NIFTY27JAN2625000PE,0.1208670484141549
13-01-2026 13:10||NIFTY27JAN2625600CE,0.1038086027179671
13-01-2026 13:10||NIFTY27JAN2626000CE,0.1020069985620252
13-01-2026 13:10||NIFTY27JAN2626400CE,0.1074946522460094
13-01-2026 13:10||NIFTY27JAN2626500CE,0.1095594330309645
13-01-2026 13:15||NIFTY27JAN2623800PE,0.1881793222225051
13-01-2026 13:15||NIFTY27JAN2624000PE,0.1762976111484087
13-01-2026 13:15||NIFTY27JAN2624100PE,0.1702146671390657
13-01-2026 13:15||NIFTY27JAN2624700PE,0.1343277932196359
13-01-2026 13:15||NIFTY27JAN2625000PE,0.1199332742926819
13-01-2026 13:15||NIFTY27JAN2625800CE,0.1065202568323378
13-01-2026 13:15||NIFTY27JAN2626100CE,0.1053232959779901
13-01-2026 13:15||NIFTY27JAN2626200CE,0.106249982514225
13-01-2026 13:15||NIFTY27JAN2626300CE,0.1080405334005968
13-01-2026 13:20||NIFTY27JAN2624300PE,0.1579928776795998
13-01-2026 13:20||NIFTY27JAN2624400PE,0.1517118513300172
13-01-2026 13:20||NIFTY27JAN2624800PE,0.128582601758534
13-01-2026 13:20||NIFTY27JAN2625000PE,0.119381624810185
13-01-2026 13:20||NIFTY27JAN2625300CE,0.1170018379781334
13-01-2026 13:20||NIFTY27JAN2625400CE,0.1138890035994753
13-01-2026 13:20||NIFTY27JAN2625900CE,0.1047000966318974
13-01-2026 13:20||NIFTY27JAN2626500CE,0.1127995345162821
13-01-2026 13:25||NIFTY27JAN2624000PE,0.1773696523839351
13-01-2026 13:25||NIFTY27JAN2624200PE,0.1647765587475581
13-01-2026 13:25||NIFTY27JAN2624300PE,0.1583882172391435
13-01-2026 13:25||NIFTY27JAN2624600PE,0.1398667983887736
13-01-2026 13:25||NIFTY27JAN2625600CE,0.1044519698222462
13-01-2026 13:25||NIFTY27JAN2626400CE,0.1089595911104744
13-01-2026 13:30||NIFTY27JAN2623800PE,0.1889142909328051
13-01-2026 13:30||NIFTY27JAN2624000PE,0.176380104509863
13-01-2026 13:30||NIFTY27JAN2624100PE,0.1700680693888094
13-01-2026 13:30||NIFTY27JAN2625500CE,0.1094501576327398
13-01-2026 13:35||NIFTY27JAN2624300PE,0.1590031165481833
13-01-2026 13:35||NIFTY27JAN2624800PE,0.1296411274452995
13-01-2026 13:35||NIFTY27JAN2625700CE,0.1019495763608537
13-01-2026 13:40||NIFTY27JAN2623800PE,0.190181328970423
13-01-2026 13:40||NIFTY27JAN2624400PE,0.1495583300449457
13-01-2026 13:40||NIFTY27JAN2624500PE,0.1435117162001763
13-01-2026 13:40||NIFTY27JAN2625500CE,0.1114333199261067
13-01-2026 13:40||NIFTY27JAN2625700CE,0.1077917159994618
13-01-2026 13:40||NIFTY27JAN2625900CE,0.1048373528367192
13-01-2026 13:40||NIFTY27JAN2626100CE,0.1041307587009811
13-01-2026 13:45||NIFTY27JAN2624000PE,0.1764139614308406
13-01-2026 13:45||NIFTY27JAN2624100PE,0.1696359804465247
13-01-2026 13:45||NIFTY27JAN2625100PE,0.1165648384189351
13-01-2026 13:45||NIFTY27JAN2625300CE,0.1109783571882487
13-01-2026 13:45||NIFTY27JAN2625800CE,0.1014158355317287
13-01-2026 13:45||NIFTY27JAN2626000CE,0.1009989654776758
13-01-2026 13:50||NIFTY27JAN2624200PE,0.1624285494625808
13-01-2026 13:50||NIFTY27JAN2624400PE,0.1497634108862859
13-01-2026 13:50||NIFTY27JAN2624500PE,0.1437627769282899
13-01-2026 13:50||NIFTY27JAN2626000CE,0.101826417227195
13-01-2026 13:55||NIFTY27JAN2624200PE,0.1623678674559303
13-01-2026 13:55||NIFTY27JAN2624300PE,0.1559944593238505
13-01-2026 13:55||NIFTY27JAN2625000PE,0.1187290028174889
13-01-2026 13:55||NIFTY27JAN2625500CE,0.1090599512667675
13-01-2026 13:55||NIFTY27JAN2626000CE,0.1028567779770945
13-01-2026 14:00||NIFTY27JAN2623900PE,0.180641463481326
13-01-2026 14:00||NIFTY27JAN2624000PE,0.1743148542056065
13-01-2026 14:00||NIFTY27JAN2624100PE,0.1681142221293046
13-01-2026 14:00||NIFTY27JAN2624600PE,0.1388728767443131
13-01-2026 14:00||NIFTY27JAN2625300CE,0.1048403286754047
13-01-2026 14:00||NIFTY27JAN2625700CE,0.1015587696164555
13-01-2026 14:05||NIFTY27JAN2623900PE,0.1801772166760998
13-01-2026 14:05||NIFTY27JAN2624200PE,0.1614932242405191
13-01-2026 14:05||NIFTY27JAN2624500PE,0.1433018061777755
13-01-2026 14:05||NIFTY27JAN2625700CE,0.1039919298767599
13-01-2026 14:05||NIFTY27JAN2626300CE,0.1061861802401344
13-01-2026 14:05||NIFTY27JAN2626500CE,0.1112783406747809
13-01-2026 14:10||NIFTY27JAN2624300PE,0.1547964401279388
13-01-2026 14:10||NIFTY27JAN2624700PE,0.1321670587200462
13-01-2026 14:10||NIFTY27JAN2625200CE,0.1046983437537063
13-01-2026 14:10||NIFTY27JAN2625400CE,0.1036730418878234
13-01-2026 14:10||NIFTY27JAN2626100CE,0.1010254772360444
13-01-2026 14:15||NIFTY27JAN2623800PE,0.1841513798367146
13-01-2026 14:15||NIFTY27JAN2624800PE,0.1253072513496133
13-01-2026 14:15||NIFTY27JAN2626200CE,0.1036677004054443
13-01-2026 14:20||NIFTY27JAN2624000PE,0.1714583701805064
13-01-2026 14:20||NIFTY27JAN2624400PE,0.1475967005233611
13-01-2026 14:20||NIFTY27JAN2624800PE,0.1265375660964796
13-01-2026 14:20||NIFTY27JAN2624900PE,0.1220496144230007
13-01-2026 14:20||NIFTY27JAN2625200CE,0.1088398376554582
13-01-2026 14:20||NIFTY27JAN2625800CE,0.09922759627991
13-01-2026 14:25||NIFTY27JAN2624000PE,0.1711216716354652
13-01-2026 14:25||NIFTY27JAN2624100PE,0.1648841605321257
13-01-2026 14:25||NIFTY27JAN2624200PE,0.1586830558143697
13-01-2026 14:25||NIFTY27JAN2624500PE,0.1410672526438201
13-01-2026 14:25||NIFTY27JAN2624600PE,0.1355049236712908
13-01-2026 14:25||NIFTY27JAN2625600CE,0.1032805728108484
13-01-2026 14:25||NIFTY27JAN2626000CE,0.1014834222976404
13-01-2026 14:25||NIFTY27JAN2626200CE,0.1037821911406186
13-01-2026 14:30||NIFTY27JAN2624500PE,0.1394111648941836
13-01-2026 14:30||NIFTY27JAN2624600PE,0.1337922499289646
13-01-2026 14:30||NIFTY27JAN2624900PE,0.1189859521563236
13-01-2026 14:30||NIFTY27JAN2625100PE,0.1114956585485067
13-01-2026 14:30||NIFTY27JAN2625600CE,0.111382208683364
13-01-2026 14:35||NIFTY27JAN2623800PE,0.1825069668053999
13-01-2026 14:35||NIFTY27JAN2624200PE,0.1584054947758816
13-01-2026 14:35||NIFTY27JAN2625100PE,0.1115047420136346
13-01-2026 14:35||NIFTY27JAN2625400CE,0.1167118856583384
13-01-2026 14:35||NIFTY27JAN2626300CE,0.1073850972910411
13-01-2026 14:35||NIFTY27JAN2626500CE,0.112789235120324
13-01-2026 14:40||NIFTY27JAN2624500PE,0.1412848112277244
13-01-2026 14:40||NIFTY27JAN2624600PE,0.1354846738443673
13-01-2026 14:40||NIFTY27JAN2624800PE,0.1245595069156292
13-01-2026 14:40||NIFTY27JAN2625300CE,0.121428876036454
13-01-2026 14:40||NIFTY27JAN2625600CE,0.1103938117627939
13-01-2026 14:40||NIFTY27JAN2625800CE,0.1061756698551961
13-01-2026 14:45||NIFTY27JAN2625100PE,0.114508554132499
13-01-2026 14:45||NIFTY27JAN2626000CE,0.1001565927414983
13-01-2026 14:45||NIFTY27JAN2626100CE,0.100394577708065
13-01-2026 14:45||NIFTY27JAN2626500CE,0.1080485356697967
13-01-2026 14:50||NIFTY27JAN2624400PE,0.1483112290906107
13-01-2026 14:50||NIFTY27JAN2624500PE,0.1420890396810946
13-01-2026 14:55||NIFTY27JAN2623800PE,0.1891268802790536
13-01-2026 14:55||NIFTY27JAN2623900PE,0.1825595408350861
13-01-2026 14:55||NIFTY27JAN2624100PE,0.1695470091940688
13-01-2026 14:55||NIFTY27JAN2624400PE,0.1505076607762163
13-01-2026 14:55||NIFTY27JAN2624500PE,0.1442760071059953
13-01-2026 14:55||NIFTY27JAN2624800PE,0.1275741200330589
13-01-2026 14:55||NIFTY27JAN2624900PE,0.1227437043078546
13-01-2026 14:55||NIFTY27JAN2625100PE,0.1142091436060985
13-01-2026 14:55||NIFTY27JAN2625700CE,0.1009272540632865
13-01-2026 14:55||NIFTY27JAN2625900CE,0.0982964563544482
13-01-2026 14:55||NIFTY27JAN2626400CE,0.1030513830841018
13-01-2026 15:00||NIFTY27JAN2623900PE,0.1842801825156122
13-01-2026 15:00||NIFTY27JAN2624500PE,0.1469039386584739
13-01-2026 15:00||NIFTY27JAN2624600PE,0.1410591343546125
13-01-2026 15:00||NIFTY27JAN2625100PE,0.1180561534736529
13-01-2026 15:00||NIFTY27JAN2625700CE,0.0894931257288088
13-01-2026 15:00||NIFTY27JAN2626200CE,0.0933558229865238
13-01-2026 15:05||NIFTY27JAN2624000PE,0.1746265339872902
13-01-2026 15:05||NIFTY27JAN2624500PE,0.1424767401267913
13-01-2026 15:05||NIFTY27JAN2624900PE,0.1203155604360413
13-01-2026 15:05||NIFTY27JAN2625400CE,0.1139664206989248
13-01-2026 15:05||NIFTY27JAN2625700CE,0.1052943554902778
13-01-2026 15:05||NIFTY27JAN2625800CE,0.1030049065621306
13-01-2026 15:05||NIFTY27JAN2626000CE,0.1005464765428002
13-01-2026 15:05||NIFTY27JAN2626100CE,0.100287544554696
13-01-2026 15:05||NIFTY27JAN2626500CE,0.1068919167638057
13-01-2026 15:10||NIFTY27JAN2624000PE,0.176926103058243
13-01-2026 15:10||NIFTY27JAN2624200PE,0.1642844418754633
13-01-2026 15:10||NIFTY27JAN2624400PE,0.1516472656471184
13-01-2026 15:10||NIFTY27JAN2624900PE,0.1237896441208934
13-01-2026 15:10||NIFTY27JAN2625300CE,0.0958346694068869
13-01-2026 15:10||NIFTY27JAN2625600CE,0.0943243037635868
13-01-2026 15:10||NIFTY27JAN2626200CE,0.0950815479545151
13-01-2026 15:15||NIFTY27JAN2623800PE,0.1873106340423991
13-01-2026 15:15||NIFTY27JAN2624200PE,0.1652007988495459
13-01-2026 15:15||NIFTY27JAN2624600PE,0.1406517577723496
13-01-2026 15:15||NIFTY27JAN2624700PE,0.1351165181678723
13-01-2026 15:15||NIFTY27JAN2625700CE,0.092260633055718
13-01-2026 15:15||NIFTY27JAN2626000CE,0.0922328576135196
13-01-2026 15:15||NIFTY27JAN2626300CE,0.0963666320484882
13-01-2026 15:15||NIFTY27JAN2626500CE,0.1014105030136715
13-01-2026 15:20||NIFTY27JAN2623900PE,0.1826485854170264
13-01-2026 15:20||NIFTY27JAN2624300PE,0.1583822328170937
13-01-2026 15:20||NIFTY27JAN2624800PE,0.1282254257338545
13-01-2026 15:20||NIFTY27JAN2625300CE,0.103247008182254
13-01-2026 15:20||NIFTY27JAN2625600CE,0.0981975651357556
13-01-2026 15:20||NIFTY27JAN2626200CE,0.0965281841540109
13-01-2026 15:25||NIFTY27JAN2624500PE,0.1461208626868415
13-01-2026 15:25||NIFTY27JAN2624700PE,0.1347813874766949
13-01-2026 15:25||NIFTY27JAN2624900PE,0.1244089874635743
13-01-2026 15:25||NIFTY27JAN2626000CE,0.0933410939177674
14-01-2026 09:15||NIFTY27JAN2624300PE,0.1622445691062305
14-01-2026 09:15||NIFTY27JAN2624400PE,0.1557003863260879
14-01-2026 09:15||NIFTY27JAN2625300CE,0.1300468836247731
14-01-2026 09:15||NIFTY27JAN2626100CE,0.1008530386234703
14-01-2026 09:15||NIFTY27JAN2626500CE,0.1067166335199165
14-01-2026 09:20||NIFTY27JAN2624100PE,0.1766407217714519
14-01-2026 09:25||NIFTY27JAN2624000PE,0.1829915883444336
14-01-2026 09:25||NIFTY27JAN2624200PE,0.1699189677979746
14-01-2026 09:25||NIFTY27JAN2624700PE,0.1368859789212635
14-01-2026 09:25||NIFTY27JAN2625300CE,0.1253331216227553
14-01-2026 09:25||NIFTY27JAN2626500CE,0.1087115531902441
14-01-2026 09:30||NIFTY27JAN2623800PE,0.1977893104886547
14-01-2026 09:30||NIFTY27JAN2624000PE,0.1853463431877338
14-01-2026 09:30||NIFTY27JAN2624600PE,0.1460952337676417
14-01-2026 09:30||NIFTY27JAN2624700PE,0.1398979516064813
14-01-2026 09:30||NIFTY27JAN2626200CE,0.0974303166471273
14-01-2026 09:30||NIFTY27JAN2626500CE,0.1040581730435361
14-01-2026 09:35||NIFTY27JAN2624000PE,0.1843491167415635
14-01-2026 09:35||NIFTY27JAN2625500CE,0.1035913351611303
14-01-2026 09:35||NIFTY27JAN2626400CE,0.1024305578858846
14-01-2026 09:40||NIFTY27JAN2623800PE,0.1944161784488972
14-01-2026 09:40||NIFTY27JAN2624000PE,0.1824455240452359
14-01-2026 09:40||NIFTY27JAN2624200PE,0.1698409135858867
14-01-2026 09:40||NIFTY27JAN2624700PE,0.1375714643203963
14-01-2026 09:40||NIFTY27JAN2624800PE,0.1316212280536372
14-01-2026 09:40||NIFTY27JAN2625000PE,0.1204928728850861
14-01-2026 09:40||NIFTY27JAN2625500CE,0.0992368703222176
14-01-2026 09:40||NIFTY27JAN2625800CE,0.0965236974819865
14-01-2026 09:45||NIFTY27JAN2624300PE,0.1623318425077809
14-01-2026 09:45||NIFTY27JAN2624400PE,0.1557033425546355
14-01-2026 09:45||NIFTY27JAN2624500PE,0.1491230134046016
14-01-2026 09:45||NIFTY27JAN2624600PE,0.1427193734897249
14-01-2026 09:45||NIFTY27JAN2625400CE,0.1061682423059754
14-01-2026 09:50||NIFTY27JAN2623800PE,0.1940156422222921
14-01-2026 09:50||NIFTY27JAN2623900PE,0.187512727581434
14-01-2026 09:50||NIFTY27JAN2624600PE,0.1413053180971575
14-01-2026 09:50||NIFTY27JAN2625200CE,0.1401557772356579
14-01-2026 09:50||NIFTY27JAN2625300CE,0.1337684217423899
14-01-2026 09:50||NIFTY27JAN2626400CE,0.108011885516848
14-01-2026 09:55||NIFTY27JAN2624100PE,0.1788834428601259
14-01-2026 09:55||NIFTY27JAN2626000CE,0.0944517818810015
14-01-2026 10:00||NIFTY27JAN2624000PE,0.1822395819785181
14-01-2026 10:00||NIFTY27JAN2624400PE,0.1556138255882868
14-01-2026 10:00||NIFTY27JAN2625100PE,0.1160303736560202
14-01-2026 10:00||NIFTY27JAN2625500CE,0.103661211912991
14-01-2026 10:00||NIFTY27JAN2626100CE,0.0967731798589325
14-01-2026 10:00||NIFTY27JAN2626500CE,0.1026238520923223
14-01-2026 10:05||NIFTY27JAN2624600PE,0.1421394349653697
14-01-2026 10:05||NIFTY27JAN2624800PE,0.1299489606568116
14-01-2026 10:05||NIFTY27JAN2625000PE,0.1188068003314463
14-01-2026 10:05||NIFTY27JAN2625300CE,0.1139660221375259
14-01-2026 10:05||NIFTY27JAN2625400CE,0.1087848323314264
14-01-2026 10:05||NIFTY27JAN2626200CE,0.0988039865843487
14-01-2026 10:05||NIFTY27JAN2626300CE,0.1006223589934288
14-01-2026 10:05||NIFTY27JAN2626400CE,0.1031524630688556
14-01-2026 10:10||NIFTY27JAN2624000PE,0.1804635652084482
14-01-2026 10:10||NIFTY27JAN2624200PE,0.1674199390328162
14-01-2026 10:10||NIFTY27JAN2624500PE,0.1475731339864372
14-01-2026 10:10||NIFTY27JAN2624600PE,0.1411864929529503
14-01-2026 10:10||NIFTY27JAN2625400CE,0.1096663991321861
14-01-2026 10:10||NIFTY27JAN2625600CE,0.1034878176945078
14-01-2026 10:10||NIFTY27JAN2626400CE,0.1042862055831089
14-01-2026 10:15||NIFTY27JAN2624100PE,0.1746361844684673
14-01-2026 10:15||NIFTY27JAN2625000PE,0.1192367010162377
14-01-2026 10:15||NIFTY27JAN2625200CE,0.1005366595382826
14-01-2026 10:15||NIFTY27JAN2625600CE,0.0978208270960734
14-01-2026 10:15||NIFTY27JAN2625900CE,0.0955478427742895
14-01-2026 10:20||NIFTY27JAN2624200PE,0.1666648599034024
14-01-2026 10:20||NIFTY27JAN2624700PE,0.1339399201575672
14-01-2026 10:20||NIFTY27JAN2625000PE,0.1173562872104544
14-01-2026 10:20||NIFTY27JAN2625500CE,0.1022015451073573
14-01-2026 10:20||NIFTY27JAN2625600CE,0.1007684933585889
14-01-2026 10:20||NIFTY27JAN2625700CE,0.0990802246368729
14-01-2026 10:20||NIFTY27JAN2625800CE,0.0978161068148065
14-01-2026 10:25||NIFTY27JAN2623800PE,0.1921695800258203
14-01-2026 10:25||NIFTY27JAN2624300PE,0.1598222502796386
14-01-2026 10:25||NIFTY27JAN2625000PE,0.117265378365611
14-01-2026 10:25||NIFTY27JAN2626100CE,0.098667598606783
14-01-2026 10:25||NIFTY27JAN2626200CE,0.0998960655654886
14-01-2026 10:25||NIFTY27JAN2626400CE,0.1046916604544847
14-01-2026 10:30||NIFTY27JAN2623900PE,0.185316361478443
14-01-2026 10:30||NIFTY27JAN2624000PE,0.1794265732868274
14-01-2026 10:30||NIFTY27JAN2624700PE,0.1333493653587606
14-01-2026 10:30||NIFTY27JAN2624800PE,0.1274603541982087
14-01-2026 10:30||NIFTY27JAN2625100PE,0.114120366904854
14-01-2026 10:30||NIFTY27JAN2625200CE,0.120808185965058
14-01-2026 10:30||NIFTY27JAN2626500CE,0.1077524292184008
14-01-2026 10:35||NIFTY27JAN2623900PE,0.1870235834768415
14-01-2026 10:35||NIFTY27JAN2624400PE,0.154115115906146
14-01-2026 10:35||NIFTY27JAN2625600CE,0.0985529595023769
14-01-2026 10:35||NIFTY27JAN2625700CE,0.097300873403433
14-01-2026 10:35||NIFTY27JAN2626300CE,0.1002279983260951
14-01-2026 10:40||NIFTY27JAN2623800PE,0.1901908134063304
14-01-2026 10:40||NIFTY27JAN2624100PE,0.1737327218911437
14-01-2026 10:40||NIFTY27JAN2625300CE,0.106094110233852
14-01-2026 10:40||NIFTY27JAN2625600CE,0.0983535145056574
14-01-2026 10:40||NIFTY27JAN2626300CE,0.100434425892035
14-01-2026 10:40||NIFTY27JAN2626500CE,0.1058451932458642
14-01-2026 10:45||NIFTY27JAN2624000PE,0.1770495758698023
14-01-2026 10:45||NIFTY27JAN2624600PE,0.1380378694053054
14-01-2026 10:45||NIFTY27JAN2624800PE,0.1256528794971158
14-01-2026 10:45||NIFTY27JAN2625400CE,0.1200076887490861
14-01-2026 10:50||NIFTY27JAN2624000PE,0.1799963271388618
14-01-2026 10:50||NIFTY27JAN2624300PE,0.1608044953730882
14-01-2026 10:50||NIFTY27JAN2624800PE,0.1282582796506236
14-01-2026 10:50||NIFTY27JAN2625200CE,0.116058087034773
14-01-2026 10:50||NIFTY27JAN2625400CE,0.1098733270129488
14-01-2026 10:50||NIFTY27JAN2625800CE,0.1003031694372084
14-01-2026 10:55||NIFTY27JAN2624600PE,0.140530584245049
14-01-2026 10:55||NIFTY27JAN2625000PE,0.1165809000774282
14-01-2026 10:55||NIFTY27JAN2625200CE,0.1262314453551184
14-01-2026 10:55||NIFTY27JAN2626200CE,0.1020054883814163
14-01-2026 10:55||NIFTY27JAN2626300CE,0.1039010989169506
14-01-2026 10:55||NIFTY27JAN2626400CE,0.1068226365892376
14-01-2026 10:55||NIFTY27JAN2626500CE,0.1105017812311243
14-01-2026 11:00||NIFTY27JAN2624100PE,0.1754085957149977
14-01-2026 11:00||NIFTY27JAN2626100CE,0.0992485740465713
14-01-2026 11:00||NIFTY27JAN2626300CE,0.101044879396947
14-01-2026 11:05||NIFTY27JAN2624000PE,0.1821194307473496
14-01-2026 11:05||NIFTY27JAN2624800PE,0.1307721514523574
14-01-2026 11:05||NIFTY27JAN2625300CE,0.1063863663848802
14-01-2026 11:05||NIFTY27JAN2626000CE,0.0961656053754465
14-01-2026 11:05||NIFTY27JAN2626100CE,0.0963777599806405
14-01-2026 11:05||NIFTY27JAN2626300CE,0.0989438006127702
14-01-2026 11:10||NIFTY27JAN2624000PE,0.1817417652290555
14-01-2026 11:10||NIFTY27JAN2624300PE,0.1622322527529341
14-01-2026 11:10||NIFTY27JAN2624500PE,0.1488051211437204
14-01-2026 11:10||NIFTY27JAN2625200CE,0.1171035254245004
14-01-2026 11:15||NIFTY27JAN2624100PE,0.175987963548662
14-01-2026 11:15||NIFTY27JAN2624300PE,0.1626479750768619
14-01-2026 11:15||NIFTY27JAN2624400PE,0.1558594668045012
14-01-2026 11:15||NIFTY27JAN2624500PE,0.1492054825062217
14-01-2026 11:15||NIFTY27JAN2624600PE,0.1425259144389377
14-01-2026 11:15||NIFTY27JAN2625500CE,0.1096248565025353
14-01-2026 11:15||NIFTY27JAN2625800CE,0.1011399686498607
14-01-2026 11:15||NIFTY27JAN2626000CE,0.0982351894756082
14-01-2026 11:20||NIFTY27JAN2623800PE,0.1972445797816828
14-01-2026 11:20||NIFTY27JAN2623900PE,0.1906278979769032
14-01-2026 11:20||NIFTY27JAN2624600PE,0.1435296075344564
14-01-2026 11:20||NIFTY27JAN2624800PE,0.1310947689607884
14-01-2026 11:20||NIFTY27JAN2625100PE,0.116812396173955
14-01-2026 11:20||NIFTY27JAN2625300CE,0.1111332068223642
14-01-2026 11:20||NIFTY27JAN2625600CE,0.1013505061141406
14-01-2026 11:20||NIFTY27JAN2625800CE,0.0976978142215672
14-01-2026 11:25||NIFTY27JAN2623900PE,0.1883666595921717
14-01-2026 11:25||NIFTY27JAN2624700PE,0.1353380240015536
14-01-2026 11:25||NIFTY27JAN2624900PE,0.1232649215055221
14-01-2026 11:25||NIFTY27JAN2625400CE,0.1265672311656432
14-01-2026 11:25||NIFTY27JAN2626200CE,0.1015503488331594
14-01-2026 11:30||NIFTY27JAN2624200PE,0.1717166504135121
14-01-2026 11:30||NIFTY27JAN2624300PE,0.1651183193478954
14-01-2026 11:30||NIFTY27JAN2624400PE,0.1585150551634844
14-01-2026 11:30||NIFTY27JAN2625000PE,0.1214872290771098
14-01-2026 11:30||NIFTY27JAN2625300CE,0.1085032347562677
14-01-2026 11:30||NIFTY27JAN2625800CE,0.0975078938710551
14-01-2026 11:30||NIFTY27JAN2626000CE,0.095467348422897
14-01-2026 11:35||NIFTY27JAN2623900PE,0.1904189922563837
14-01-2026 11:35||NIFTY27JAN2624400PE,0.157244802570604
14-01-2026 11:35||NIFTY27JAN2624500PE,0.1505424696067186
14-01-2026 11:35||NIFTY27JAN2624700PE,0.1376212603764479
14-01-2026 11:35||NIFTY27JAN2625100PE,0.1167089632975961
14-01-2026 11:35||NIFTY27JAN2625500CE,0.1040592247917508
14-01-2026 11:35||NIFTY27JAN2625700CE,0.0993484336136948
14-01-2026 11:35||NIFTY27JAN2626100CE,0.0960982356096568
14-01-2026 11:40||NIFTY27JAN2623900PE,0.1902550325501639
14-01-2026 11:40||NIFTY27JAN2625500CE,0.1020861666943405
14-01-2026 11:40||NIFTY27JAN2625600CE,0.0993435918890309
14-01-2026 11:40||NIFTY27JAN2626500CE,0.1020086358624141
14-01-2026 11:45||NIFTY27JAN2623900PE,0.1902411961567068
14-01-2026 11:45||NIFTY27JAN2624300PE,0.1633704516761337
14-01-2026 11:45||NIFTY27JAN2624500PE,0.1498318351361324
14-01-2026 11:45||NIFTY27JAN2626400CE,0.1021454730276742
14-01-2026 11:50||NIFTY27JAN2625100PE,0.1164348208278582
14-01-2026 11:50||NIFTY27JAN2625700CE,0.1003778230934873
14-01-2026 11:50||NIFTY27JAN2625800CE,0.0983618629546227
14-01-2026 11:50||NIFTY27JAN2626100CE,0.0957196489923473
14-01-2026 11:55||NIFTY27JAN2624200PE,0.1717230257770182
14-01-2026 11:55||NIFTY27JAN2624400PE,0.157844765305555
14-01-2026 11:55||NIFTY27JAN2624800PE,0.1318900339568502
14-01-2026 11:55||NIFTY27JAN2625200CE,0.1136463963872813
14-01-2026 11:55||NIFTY27JAN2625600CE,0.1013547014462532
14-01-2026 12:00||NIFTY27JAN2623800PE,0.2005332494305679
14-01-2026 12:00||NIFTY27JAN2624400PE,0.1589703378255602
14-01-2026 12:00||NIFTY27JAN2624900PE,0.1268395535159654
14-01-2026 12:00||NIFTY27JAN2625000PE,0.1209114139844048
14-01-2026 12:00||NIFTY27JAN2625100PE,0.1150482035370403
14-01-2026 12:05||NIFTY27JAN2624400PE,0.1587389546103268
14-01-2026 12:05||NIFTY27JAN2624600PE,0.1455511620703072
14-01-2026 12:05||NIFTY27JAN2626500CE,0.0972401717794577
14-01-2026 12:10||NIFTY27JAN2624400PE,0.1568288041057816
14-01-2026 12:10||NIFTY27JAN2624600PE,0.1435360166136167
14-01-2026 12:10||NIFTY27JAN2624800PE,0.131305818783852
14-01-2026 12:10||NIFTY27JAN2624900PE,0.1256402230941792
14-01-2026 12:10||NIFTY27JAN2625100PE,0.1167999678459322
14-01-2026 12:10||NIFTY27JAN2625900CE,0.0919934367518761
14-01-2026 12:10||NIFTY27JAN2626300CE,0.0947706632818341
14-01-2026 12:15||NIFTY27JAN2624200PE,0.1687561398899261
14-01-2026 12:15||NIFTY27JAN2624800PE,0.1284581121676086
14-01-2026 12:15||NIFTY27JAN2626500CE,0.1034110491859541
14-01-2026 12:20||NIFTY27JAN2623800PE,0.1980907993228051
14-01-2026 12:20||NIFTY27JAN2623900PE,0.1914351247028141
14-01-2026 12:20||NIFTY27JAN2625300CE,0.1024092629816259
14-01-2026 12:20||NIFTY27JAN2626400CE,0.0973303092330486
14-01-2026 12:25||NIFTY27JAN2624500PE,0.1508873586292652
14-01-2026 12:25||NIFTY27JAN2625400CE,0.0950546888478105
14-01-2026 12:25||NIFTY27JAN2625500CE,0.094566408194737
14-01-2026 12:25||NIFTY27JAN2625900CE,0.0918628125496871
14-01-2026 12:30||NIFTY27JAN2623900PE,0.190599673844102
14-01-2026 12:30||NIFTY27JAN2624300PE,0.1640617638030706
14-01-2026 12:30||NIFTY27JAN2624900PE,0.1253152720193673
14-01-2026 12:30||NIFTY27JAN2625800CE,0.0961046417132865
14-01-2026 12:30||NIFTY27JAN2626300CE,0.0957113576360458
14-01-2026 12:30||NIFTY27JAN2626400CE,0.0981521961573493
14-01-2026 12:35||NIFTY27JAN2623900PE,0.1911219958614333
14-01-2026 12:35||NIFTY27JAN2625300CE,0.1051808215967456
14-01-2026 12:35||NIFTY27JAN2625500CE,0.0997925531338325
14-01-2026 12:35||NIFTY27JAN2625900CE,0.0939347600905027
14-01-2026 12:45||NIFTY27JAN2625600CE,0.0941600333965862
14-01-2026 12:45||NIFTY27JAN2625700CE,0.0926364602644336
14-01-2026 12:50||NIFTY27JAN2624900PE,0.1242458446035649
14-01-2026 12:50||NIFTY27JAN2626300CE,0.0952153724036306
14-01-2026 12:50||NIFTY27JAN2626500CE,0.100000547465694
14-01-2026 12:55||NIFTY27JAN2623900PE,0.1884341573894703
14-01-2026 12:55||NIFTY27JAN2624300PE,0.1621203389157051
14-01-2026 12:55||NIFTY27JAN2625000PE,0.1181831445449138
14-01-2026 13:00||NIFTY27JAN2624700PE,0.1363704447459672
14-01-2026 13:00||NIFTY27JAN2625400CE,0.0990784354299244
14-01-2026 13:00||NIFTY27JAN2625700CE,0.0947270704666116
14-01-2026 13:00||NIFTY27JAN2625800CE,0.0933601540204236
14-01-2026 13:00||NIFTY27JAN2626200CE,0.0930539782676851
14-01-2026 13:00||NIFTY27JAN2626300CE,0.0947935449586048
14-01-2026 13:00||NIFTY27JAN2626500CE,0.0982984843790307
14-01-2026 13:05||NIFTY27JAN2624000PE,0.1824169189412814
14-01-2026 13:05||NIFTY27JAN2624400PE,0.1555911574231072
14-01-2026 13:05||NIFTY27JAN2624800PE,0.129546376354031
14-01-2026 13:05||NIFTY27JAN2624900PE,0.1237119439628873
14-01-2026 13:05||NIFTY27JAN2625800CE,0.095923345195385
14-01-2026 13:05||NIFTY27JAN2626200CE,0.0940228871389841
14-01-2026 13:05||NIFTY27JAN2626300CE,0.0955346817412763
14-01-2026 13:10||NIFTY27JAN2624000PE,0.1829273650549859
14-01-2026 13:10||NIFTY27JAN2624600PE,0.1431821365443487
14-01-2026 13:10||NIFTY27JAN2624700PE,0.1368048782083372
14-01-2026 13:10||NIFTY27JAN2624900PE,0.1247349545894394
14-01-2026 13:10||NIFTY27JAN2625300CE,0.0989905359074281
14-01-2026 13:10||NIFTY27JAN2625800CE,0.0891056881536079
14-01-2026 13:10||NIFTY27JAN2625900CE,0.088982824294542
14-01-2026 13:10||NIFTY27JAN2626400CE,0.0959054569659261
14-01-2026 13:15||NIFTY27JAN2624000PE,0.1819690481482843
14-01-2026 13:15||NIFTY27JAN2624600PE,0.1418275477608397
14-01-2026 13:15||NIFTY27JAN2624800PE,0.1295327840310506
14-01-2026 13:15||NIFTY27JAN2625200CE,0.1069940465730611
14-01-2026 13:15||NIFTY27JAN2625600CE,0.0920778136480871
14-01-2026 13:15||NIFTY27JAN2626100CE,0.0908778684368558
14-01-2026 13:15||NIFTY27JAN2626200CE,0.0919289736822511
14-01-2026 13:20||NIFTY27JAN2624400PE,0.1546422874999886
14-01-2026 13:20||NIFTY27JAN2624700PE,0.1355953976180642
14-01-2026 13:20||NIFTY27JAN2624900PE,0.1242175867624082
14-01-2026 13:20||NIFTY27JAN2625200CE,0.0929402367621573
14-01-2026 13:20||NIFTY27JAN2625900CE,0.0886152360908296
14-01-2026 13:25||NIFTY27JAN2624100PE,0.1728787856806597
14-01-2026 13:25||NIFTY27JAN2624700PE,0.1339997291271068
14-01-2026 13:25||NIFTY27JAN2624900PE,0.1223109789388675
14-01-2026 13:25||NIFTY27JAN2625200CE,0.1045975177055703
14-01-2026 13:25||NIFTY27JAN2625600CE,0.0951169201523237
14-01-2026 13:25||NIFTY27JAN2626400CE,0.0981205272502179
14-01-2026 13:25||NIFTY27JAN2626500CE,0.1007837341945653
14-01-2026 13:30||NIFTY27JAN2624200PE,0.1663472014276205
14-01-2026 13:30||NIFTY27JAN2624300PE,0.159733310966063
14-01-2026 13:30||NIFTY27JAN2625200CE,0.0949765592122771
14-01-2026 13:30||NIFTY27JAN2625700CE,0.0899116949561098
14-01-2026 13:30||NIFTY27JAN2626500CE,0.1004851501665033
14-01-2026 13:35||NIFTY27JAN2624000PE,0.1779892264385295
14-01-2026 13:35||NIFTY27JAN2624100PE,0.1716726052305358
14-01-2026 13:35||NIFTY27JAN2625100PE,0.1161263483644359
14-01-2026 13:35||NIFTY27JAN2625500CE,0.084548558612001
14-01-2026 13:35||NIFTY27JAN2625700CE,0.0858131661760147
14-01-2026 13:40||NIFTY27JAN2626500CE,0.1049830456650558
14-01-2026 13:45||NIFTY27JAN2624100PE,0.1681227138590363
14-01-2026 13:45||NIFTY27JAN2624200PE,0.1617005020764486
14-01-2026 13:45||NIFTY27JAN2624400PE,0.1487905551253866
14-01-2026 13:45||NIFTY27JAN2624600PE,0.1361427937089601
14-01-2026 13:45||NIFTY27JAN2624700PE,0.1301201144541737
14-01-2026 13:45||NIFTY27JAN2624800PE,0.124362970072541
14-01-2026 13:45||NIFTY27JAN2625400CE,0.1020216546271119
14-01-2026 13:45||NIFTY27JAN2626200CE,0.097762263484562
14-01-2026 13:45||NIFTY27JAN2626300CE,0.1002100877002464
14-01-2026 13:45||NIFTY27JAN2626400CE,0.1034536690008466
14-01-2026 13:50||NIFTY27JAN2625400CE,0.0865943667649035
14-01-2026 13:50||NIFTY27JAN2625600CE,0.0879420009445888
14-01-2026 13:50||NIFTY27JAN2626300CE,0.0981225857477292
14-01-2026 13:55||NIFTY27JAN2623800PE,0.1868002923020544
14-01-2026 13:55||NIFTY27JAN2624600PE,0.1359623827815574
14-01-2026 13:55||NIFTY27JAN2624900PE,0.119383762267989
14-01-2026 13:55||NIFTY27JAN2625200CE,0.1019248548569064
14-01-2026 13:55||NIFTY27JAN2626200CE,0.0981489287057933
14-01-2026 14:00||NIFTY27JAN2623800PE,0.1901818201617198
14-01-2026 14:00||NIFTY27JAN2623900PE,0.1830967178360067
14-01-2026 14:00||NIFTY27JAN2624400PE,0.1491545351119289
14-01-2026 14:00||NIFTY27JAN2624500PE,0.1429576134806779
14-01-2026 14:05||NIFTY27JAN2624000PE,0.1750957014201037
14-01-2026 14:05||NIFTY27JAN2624300PE,0.1552901787620917
14-01-2026 14:05||NIFTY27JAN2624700PE,0.1301019872112912
14-01-2026 14:05||NIFTY27JAN2624800PE,0.1245100918387789
14-01-2026 14:05||NIFTY27JAN2625200CE,0.109322290075782
14-01-2026 14:05||NIFTY27JAN2625700CE,0.097194307474435
14-01-2026 14:05||NIFTY27JAN2625900CE,0.0961545518131072
14-01-2026 14:10||NIFTY27JAN2624200PE,0.1622449070544193
14-01-2026 14:10||NIFTY27JAN2624800PE,0.1235238353324401
14-01-2026 14:10||NIFTY27JAN2625700CE,0.0986924597098993
14-01-2026 14:15||NIFTY27JAN2624600PE,0.1376425951840932
14-01-2026 14:15||NIFTY27JAN2625300CE,0.093460414670532
14-01-2026 14:15||NIFTY27JAN2625900CE,0.0912029443944117
14-01-2026 14:15||NIFTY27JAN2626000CE,0.0921063204988865
14-01-2026 14:15||NIFTY27JAN2626500CE,0.105099152627587
14-01-2026 14:20||NIFTY27JAN2624400PE,0.1491382209957153
14-01-2026 14:20||NIFTY27JAN2624900PE,0.1204278660838877
14-01-2026 14:20||NIFTY27JAN2625100PE,0.1124654332089471
14-01-2026 14:25||NIFTY27JAN2623800PE,0.1868319370893027
14-01-2026 14:25||NIFTY27JAN2625600CE,0.101120318764533
14-01-2026 14:25||NIFTY27JAN2626100CE,0.0999786114919705
14-01-2026 14:30||NIFTY27JAN2623900PE,0.1814742854861845
14-01-2026 14:30||NIFTY27JAN2624300PE,0.1544399644265601
14-01-2026 14:30||NIFTY27JAN2624500PE,0.1413535423468399
14-01-2026 14:30||NIFTY27JAN2625000PE,0.1135326570783754
14-01-2026 14:30||NIFTY27JAN2625100PE,0.1093145501090078
14-01-2026 14:30||NIFTY27JAN2625400CE,0.1074558429735604
14-01-2026 14:30||NIFTY27JAN2626000CE,0.0983469029278917
14-01-2026 14:30||NIFTY27JAN2626100CE,0.0994321784545772
14-01-2026 14:30||NIFTY27JAN2626400CE,0.1070089604417006
14-01-2026 14:30||NIFTY27JAN2626500CE,0.1103564844164435
14-01-2026 14:35||NIFTY27JAN2624000PE,0.1748856315915553
14-01-2026 14:35||NIFTY27JAN2624300PE,0.1551278158174902
14-01-2026 14:35||NIFTY27JAN2625500CE,0.1071115896247373
14-01-2026 14:35||NIFTY27JAN2625900CE,0.0992101702376911
14-01-2026 14:35||NIFTY27JAN2626400CE,0.107582670828416
14-01-2026 14:40||NIFTY27JAN2624300PE,0.1569291934081927
14-01-2026 14:40||NIFTY27JAN2624400PE,0.1500438481968435
14-01-2026 14:40||NIFTY27JAN2624500PE,0.1433811866281898
14-01-2026 14:40||NIFTY27JAN2624700PE,0.1307942319480733
14-01-2026 14:40||NIFTY27JAN2624800PE,0.1249326448022571
14-01-2026 14:40||NIFTY27JAN2625000PE,0.1142106900897321
14-01-2026 14:40||NIFTY27JAN2625400CE,0.105706922423537
14-01-2026 14:40||NIFTY27JAN2625800CE,0.0972430293815633
14-01-2026 14:45||NIFTY27JAN2624500PE,0.1461583220336687
14-01-2026 14:45||NIFTY27JAN2624800PE,0.1271687099114632
14-01-2026 14:45||NIFTY27JAN2625100PE,0.1126699245979809
14-01-2026 14:45||NIFTY27JAN2625400CE,0.0984511592161488
14-01-2026 14:45||NIFTY27JAN2625500CE,0.0974549906427271
14-01-2026 14:45||NIFTY27JAN2625800CE,0.0945556394876227
14-01-2026 14:45||NIFTY27JAN2626100CE,0.0952670132047301
14-01-2026 14:45||NIFTY27JAN2626200CE,0.0971206307644212
14-01-2026 14:45||NIFTY27JAN2626300CE,0.0997058454016328
14-01-2026 14:50||NIFTY27JAN2624400PE,0.1527115638642406
14-01-2026 14:50||NIFTY27JAN2624600PE,0.1397013465766182
14-01-2026 14:50||NIFTY27JAN2624900PE,0.1219659639924199
14-01-2026 14:50||NIFTY27JAN2625200CE,0.1079000564223547
14-01-2026 14:50||NIFTY27JAN2625700CE,0.0948449451449632
14-01-2026 14:50||NIFTY27JAN2625800CE,0.0939321994308106
14-01-2026 14:50||NIFTY27JAN2626300CE,0.0991765937282248
14-01-2026 14:55||NIFTY27JAN2624100PE,0.1724642561704187
14-01-2026 14:55||NIFTY27JAN2624200PE,0.1655791730458395
14-01-2026 14:55||NIFTY27JAN2624600PE,0.1391394406803301
14-01-2026 14:55||NIFTY27JAN2624800PE,0.1270114168955294
14-01-2026 14:55||NIFTY27JAN2625100PE,0.1128428804251923
14-01-2026 14:55||NIFTY27JAN2625300CE,0.0966565869431998
14-01-2026 14:55||NIFTY27JAN2625400CE,0.0943333734190404
14-01-2026 14:55||NIFTY27JAN2625600CE,0.0915290673027306
14-01-2026 14:55||NIFTY27JAN2626400CE,0.1008535394090521
14-01-2026 15:00||NIFTY27JAN2624300PE,0.1569566402087291
14-01-2026 15:00||NIFTY27JAN2624700PE,0.1313721458670511
14-01-2026 15:00||NIFTY27JAN2625800CE,0.0959190226123462
14-01-2026 15:05||NIFTY27JAN2623900PE,0.1849165613119866
14-01-2026 15:05||NIFTY27JAN2624400PE,0.1522511687507068
14-01-2026 15:05||NIFTY27JAN2624800PE,0.1279906633539479
14-01-2026 15:05||NIFTY27JAN2626300CE,0.0989388774795053
14-01-2026 15:10||NIFTY27JAN2624100PE,0.1700843533133027
14-01-2026 15:10||NIFTY27JAN2624500PE,0.1442030906478482
14-01-2026 15:10||NIFTY27JAN2624900PE,0.1219318264540563
14-01-2026 15:10||NIFTY27JAN2625500CE,0.0961853314520644
14-01-2026 15:10||NIFTY27JAN2626200CE,0.0981889550123687
14-01-2026 15:15||NIFTY27JAN2624400PE,0.148976833140939
14-01-2026 15:15||NIFTY27JAN2624700PE,0.130438213418497
14-01-2026 15:15||NIFTY27JAN2625100PE,0.1111854386894524
14-01-2026 15:15||NIFTY27JAN2625500CE,0.102742730182939
14-01-2026 15:15||NIFTY27JAN2625900CE,0.0976573043613545
14-01-2026 15:15||NIFTY27JAN2626100CE,0.0986994687032828
14-01-2026 15:20||NIFTY27JAN2624500PE,0.1431206965616171
14-01-2026 15:20||NIFTY27JAN2624800PE,0.1253848310497009
14-01-2026 15:20||NIFTY27JAN2626100CE,0.0997264713062306
14-01-2026 15:20||NIFTY27JAN2626300CE,0.1036148971412036
14-01-2026 15:20||NIFTY27JAN2626400CE,0.1066633304236685
14-01-2026 15:25||NIFTY27JAN2623900PE,0.1841792341868982
14-01-2026 15:25||NIFTY27JAN2624600PE,0.1389969114815368
14-01-2026 15:25||NIFTY27JAN2625100PE,0.113692910475668
14-01-2026 15:25||NIFTY27JAN2625200CE,0.1059422551972354
14-01-2026 15:25||NIFTY27JAN2626400CE,0.1054616253148155
14-01-2026 15:25||NIFTY27JAN2626500CE,0.109114891646863
16-01-2026 09:15||NIFTY27JAN2624100PE,0.1788138624042282
16-01-2026 09:15||NIFTY27JAN2624200PE,0.1722964546986059
16-01-2026 09:15||NIFTY27JAN2624300PE,0.1650390396284073
16-01-2026 09:15||NIFTY27JAN2624800PE,0.1310284375216571
16-01-2026 09:15||NIFTY27JAN2625000PE,0.1188848098786138
16-01-2026 09:15||NIFTY27JAN2626000CE,0.1067413010278057
16-01-2026 09:15||NIFTY27JAN2626100CE,0.1039639246678447
16-01-2026 09:20||NIFTY27JAN2624100PE,0.1784115692926028
16-01-2026 09:20||NIFTY27JAN2624400PE,0.1575625149734895
16-01-2026 09:20||NIFTY27JAN2624600PE,0.1443107975965996
16-01-2026 09:20||NIFTY27JAN2625000PE,0.1204843283744351
16-01-2026 09:20||NIFTY27JAN2625200CE,0.1220433016436198
16-01-2026 09:20||NIFTY27JAN2625400CE,0.1121930299236517
16-01-2026 09:20||NIFTY27JAN2625700CE,0.1018838442863122
16-01-2026 09:20||NIFTY27JAN2626000CE,0.0979381146554754
16-01-2026 09:25||NIFTY27JAN2624600PE,0.1409768182034442
16-01-2026 09:25||NIFTY27JAN2624700PE,0.134717754831413
16-01-2026 09:25||NIFTY27JAN2625300CE,0.1287467229388554
16-01-2026 09:25||NIFTY27JAN2625600CE,0.1102852988477378
16-01-2026 09:25||NIFTY27JAN2626300CE,0.100713816533253
16-01-2026 09:25||NIFTY27JAN2626500CE,0.1064993444783204
16-01-2026 09:30||NIFTY27JAN2623800PE,0.1958673503876492
16-01-2026 09:30||NIFTY27JAN2624300PE,0.1594269151525457
16-01-2026 09:30||NIFTY27JAN2624400PE,0.1525994088091848
16-01-2026 09:30||NIFTY27JAN2624900PE,0.1220464127297081
16-01-2026 09:30||NIFTY27JAN2625100PE,0.1119534975665591
16-01-2026 09:30||NIFTY27JAN2625500CE,0.1055442551810196
16-01-2026 09:30||NIFTY27JAN2625700CE,0.1004236863002948
16-01-2026 09:30||NIFTY27JAN2625900CE,0.0965035999548332
16-01-2026 09:30||NIFTY27JAN2626000CE,0.0952457902444957
16-01-2026 09:35||NIFTY27JAN2624100PE,0.1741344724869918
16-01-2026 09:35||NIFTY27JAN2624200PE,0.1670878151113491
16-01-2026 09:35||NIFTY27JAN2624800PE,0.1270326093133206
16-01-2026 09:35||NIFTY27JAN2625100PE,0.1129647285432064
16-01-2026 09:35||NIFTY27JAN2626300CE,0.0982168167059339
16-01-2026 09:35||NIFTY27JAN2626400CE,0.1010298134537597
16-01-2026 09:40||NIFTY27JAN2624200PE,0.166350544082757
16-01-2026 09:40||NIFTY27JAN2624300PE,0.1592462199212961
16-01-2026 09:40||NIFTY27JAN2625900CE,0.1034743393279419
16-01-2026 09:40||NIFTY27JAN2626500CE,0.1054196226179206
16-01-2026 09:45||NIFTY27JAN2623900PE,0.1896801683981873
16-01-2026 09:45||NIFTY27JAN2624500PE,0.1463131462955729
16-01-2026 09:45||NIFTY27JAN2624800PE,0.1249000065484114
16-01-2026 09:45||NIFTY27JAN2624900PE,0.1187252701307815
16-01-2026 09:45||NIFTY27JAN2625400CE,0.1259935661483737
16-01-2026 09:45||NIFTY27JAN2626000CE,0.1009691771463394
16-01-2026 09:45||NIFTY27JAN2626100CE,0.0996079630491242
16-01-2026 09:50||NIFTY27JAN2623900PE,0.1927154402762502
16-01-2026 09:50||NIFTY27JAN2624200PE,0.171948337856018
16-01-2026 09:50||NIFTY27JAN2624900PE,0.1210981783299768
16-01-2026 09:50||NIFTY27JAN2625500CE,0.113407422729
16-01-2026 09:50||NIFTY27JAN2625600CE,0.1083188010002449
16-01-2026 09:50||NIFTY27JAN2625700CE,0.104745342127064
16-01-2026 09:50||NIFTY27JAN2625800CE,0.1012609752017268
16-01-2026 09:50||NIFTY27JAN2626000CE,0.0970995220620011
16-01-2026 09:50||NIFTY27JAN2626200CE,0.0958964522837445
16-01-2026 09:55||NIFTY27JAN2623800PE,0.2000653563785133
16-01-2026 09:55||NIFTY27JAN2624000PE,0.1865762058073089
16-01-2026 09:55||NIFTY27JAN2624200PE,0.1725379043326011
16-01-2026 09:55||NIFTY27JAN2624500PE,0.1502563832968941
16-01-2026 09:55||NIFTY27JAN2624900PE,0.1216777353366884
16-01-2026 09:55||NIFTY27JAN2625000PE,0.1158670185711263
16-01-2026 09:55||NIFTY27JAN2625300CE,0.1164448170342356
16-01-2026 09:55||NIFTY27JAN2625400CE,0.1109926549991022
16-01-2026 09:55||NIFTY27JAN2625500CE,0.1070073189815304
16-01-2026 09:55||NIFTY27JAN2625700CE,0.0999629361494399
16-01-2026 09:55||NIFTY27JAN2625900CE,0.0949179464541161
16-01-2026 09:55||NIFTY27JAN2626000CE,0.093626492482371
16-01-2026 09:55||NIFTY27JAN2626400CE,0.0964815600231851
16-01-2026 09:55||NIFTY27JAN2626500CE,0.0988488135581131
16-01-2026 10:00||NIFTY27JAN2624000PE,0.1862358709087348
16-01-2026 10:00||NIFTY27JAN2625400CE,0.1312502580742943
16-01-2026 10:00||NIFTY27JAN2625900CE,0.1035292376539861
16-01-2026 10:00||NIFTY27JAN2626000CE,0.100952107642348
16-01-2026 10:00||NIFTY27JAN2626400CE,0.1027653561257487
16-01-2026 10:00||NIFTY27JAN2626500CE,0.1056002748145255
16-01-2026 10:05||NIFTY27JAN2624000PE,0.1870679246884579
16-01-2026 10:05||NIFTY27JAN2624100PE,0.1804467537665994
16-01-2026 10:05||NIFTY27JAN2624400PE,0.1582493747944593
16-01-2026 10:05||NIFTY27JAN2625100PE,0.1119879106229561
16-01-2026 10:05||NIFTY27JAN2625700CE,0.1092611825757859
16-01-2026 10:05||NIFTY27JAN2626400CE,0.1013824532058343
16-01-2026 10:05||NIFTY27JAN2626500CE,0.103515386707865
16-01-2026 10:10||NIFTY27JAN2623900PE,0.1960491258488578
16-01-2026 10:10||NIFTY27JAN2624800PE,0.1300256673301801
16-01-2026 10:10||NIFTY27JAN2625300CE,0.1401423816383381
16-01-2026 10:10||NIFTY27JAN2625600CE,0.1181160259282281
16-01-2026 10:10||NIFTY27JAN2626100CE,0.1006739413105771
16-01-2026 10:10||NIFTY27JAN2626400CE,0.1031626705666507
16-01-2026 10:15||NIFTY27JAN2623800PE,0.2069068405036185
16-01-2026 10:15||NIFTY27JAN2624400PE,0.1644465645776611
16-01-2026 10:15||NIFTY27JAN2624500PE,0.1565473667137455
16-01-2026 10:15||NIFTY27JAN2625300CE,0.1580188628487186
16-01-2026 10:20||NIFTY27JAN2623800PE,0.2105127917601001
16-01-2026 10:20||NIFTY27JAN2624300PE,0.1760090092467683
16-01-2026 10:20||NIFTY27JAN2624500PE,0.1611033125502889
16-01-2026 10:20||NIFTY27JAN2624800PE,0.1386438846993364
16-01-2026 10:20||NIFTY27JAN2625700CE,0.1189637401371489
16-01-2026 10:20||NIFTY27JAN2625900CE,0.1102133181141864
16-01-2026 10:20||NIFTY27JAN2626400CE,0.1045279815664924
16-01-2026 10:25||NIFTY27JAN2624000PE,0.1981336458001265
16-01-2026 10:25||NIFTY27JAN2624200PE,0.1841445281050888
16-01-2026 10:25||NIFTY27JAN2624300PE,0.1768893427973289
16-01-2026 10:25||NIFTY27JAN2624600PE,0.1544843512294877
16-01-2026 10:25||NIFTY27JAN2625400CE,0.1382849802731976
16-01-2026 10:25||NIFTY27JAN2626000CE,0.1049870971684579
16-01-2026 10:30||NIFTY27JAN2624200PE,0.184171746421588
16-01-2026 10:30||NIFTY27JAN2624400PE,0.1695154083581788
16-01-2026 10:30||NIFTY27JAN2624800PE,0.1404875468596983
16-01-2026 10:30||NIFTY27JAN2625500CE,0.1243005229288762
16-01-2026 10:35||NIFTY27JAN2624000PE,0.1988180910443605
16-01-2026 10:35||NIFTY27JAN2624200PE,0.1850273500526757
16-01-2026 10:35||NIFTY27JAN2624900PE,0.1346000443914797
16-01-2026 10:35||NIFTY27JAN2625100PE,0.1223814096513755
16-01-2026 10:35||NIFTY27JAN2625200CE,0.1473866779369537
16-01-2026 10:35||NIFTY27JAN2625600CE,0.1187602889014681
16-01-2026 10:35||NIFTY27JAN2626300CE,0.0992234980168513
16-01-2026 10:35||NIFTY27JAN2626400CE,0.1003207452749111
16-01-2026 10:40||NIFTY27JAN2623800PE,0.2129269299976137
16-01-2026 10:40||NIFTY27JAN2624200PE,0.1860355258815401
16-01-2026 10:40||NIFTY27JAN2624700PE,0.149346160891092
16-01-2026 10:40||NIFTY27JAN2624900PE,0.1355818659974516
16-01-2026 10:40||NIFTY27JAN2626200CE,0.0940149678107021
16-01-2026 10:45||NIFTY27JAN2623800PE,0.2120250869527831
16-01-2026 10:45||NIFTY27JAN2624000PE,0.1983968602626955
16-01-2026 10:45||NIFTY27JAN2624400PE,0.1699813024918194
16-01-2026 10:45||NIFTY27JAN2624600PE,0.1551951826921327
16-01-2026 10:45||NIFTY27JAN2624900PE,0.1342119634792961
16-01-2026 10:45||NIFTY27JAN2625200CE,0.1380363304426
16-01-2026 10:50||NIFTY27JAN2624200PE,0.1832747628623439
16-01-2026 10:50||NIFTY27JAN2624300PE,0.1759654386704898
16-01-2026 10:50||NIFTY27JAN2624400PE,0.1686256996117918
16-01-2026 10:50||NIFTY27JAN2624600PE,0.1539961600997629
16-01-2026 10:50||NIFTY27JAN2625400CE,0.1295842561149437
16-01-2026 10:50||NIFTY27JAN2626300CE,0.0976296230974391
16-01-2026 10:50||NIFTY27JAN2626400CE,0.0990329075891204
16-01-2026 10:55||NIFTY27JAN2623800PE,0.2110617590873722
16-01-2026 10:55||NIFTY27JAN2623900PE,0.2040860756052963
16-01-2026 10:55||NIFTY27JAN2624900PE,0.133139924515264
16-01-2026 10:55||NIFTY27JAN2625400CE,0.123371304697828
16-01-2026 10:55||NIFTY27JAN2625800CE,0.1029129516631581
16-01-2026 10:55||NIFTY27JAN2625900CE,0.1001208494899361
16-01-2026 10:55||NIFTY27JAN2626100CE,0.0966624553398352
16-01-2026 10:55||NIFTY27JAN2626500CE,0.10059795619197
16-01-2026 11:00||NIFTY27JAN2624400PE,0.1678175833897005
16-01-2026 11:00||NIFTY27JAN2624900PE,0.1321709684025731
16-01-2026 11:00||NIFTY27JAN2625000PE,0.1254969851373177
16-01-2026 11:00||NIFTY27JAN2625300CE,0.1367744665131212
16-01-2026 11:00||NIFTY27JAN2626000CE,0.0989088030683714
16-01-2026 11:00||NIFTY27JAN2626100CE,0.0971478249167724
16-01-2026 11:05||NIFTY27JAN2624300PE,0.174597798502758
16-01-2026 11:05||NIFTY27JAN2624400PE,0.1672772568533305
16-01-2026 11:05||NIFTY27JAN2625100PE,0.1196039369408776
16-01-2026 11:05||NIFTY27JAN2626100CE,0.0998151373266793
16-01-2026 11:10||NIFTY27JAN2624000PE,0.19448617777224
16-01-2026 11:10||NIFTY27JAN2625800CE,0.101554604153337
16-01-2026 11:10||NIFTY27JAN2626000CE,0.0970709261569472
16-01-2026 11:15||NIFTY27JAN2623900PE,0.2005058471708907
16-01-2026 11:15||NIFTY27JAN2624600PE,0.1512477081005589
16-01-2026 11:15||NIFTY27JAN2625800CE,0.1013896068733782
16-01-2026 11:15||NIFTY27JAN2626200CE,0.0950365994504173
16-01-2026 11:20||NIFTY27JAN2623800PE,0.2054406452337366
16-01-2026 11:20||NIFTY27JAN2624000PE,0.1919175668735803
16-01-2026 11:20||NIFTY27JAN2624100PE,0.1850607998031739
16-01-2026 11:20||NIFTY27JAN2624900PE,0.130460849285509
16-01-2026 11:20||NIFTY27JAN2625900CE,0.0993495264336717
16-01-2026 11:20||NIFTY27JAN2626000CE,0.0972961691942221
16-01-2026 11:20||NIFTY27JAN2626200CE,0.0958329850739716
16-01-2026 11:25||NIFTY27JAN2624200PE,0.178083291855883
16-01-2026 11:25||NIFTY27JAN2624800PE,0.1360799561645316
16-01-2026 11:25||NIFTY27JAN2625000PE,0.1236176490134438
16-01-2026 11:25||NIFTY27JAN2626300CE,0.0978963333420903
16-01-2026 11:30||NIFTY27JAN2624300PE,0.1713246786567611
16-01-2026 11:30||NIFTY27JAN2625600CE,0.1025870110355945
16-01-2026 11:30||NIFTY27JAN2626500CE,0.0975643987665263
16-01-2026 11:35||NIFTY27JAN2624500PE,0.1559820578334212
16-01-2026 11:35||NIFTY27JAN2624800PE,0.1359106218195625
16-01-2026 11:35||NIFTY27JAN2625300CE,0.11929836445708
16-01-2026 11:35||NIFTY27JAN2625500CE,0.1105598488050427
16-01-2026 11:35||NIFTY27JAN2626200CE,0.0957839785460083
16-01-2026 11:40||NIFTY27JAN2624400PE,0.1627650177326115
16-01-2026 11:40||NIFTY27JAN2624500PE,0.1556738989372136
16-01-2026 11:40||NIFTY27JAN2625500CE,0.1111309137187956
16-01-2026 11:40||NIFTY27JAN2626100CE,0.0957094179021067
16-01-2026 11:45||NIFTY27JAN2624300PE,0.1693970676389947
16-01-2026 11:45||NIFTY27JAN2625000PE,0.1217235133062775
16-01-2026 11:45||NIFTY27JAN2625400CE,0.1230665993995784
16-01-2026 11:50||NIFTY27JAN2623900PE,0.1977535918029556
16-01-2026 11:50||NIFTY27JAN2624300PE,0.1691913874162865
16-01-2026 11:50||NIFTY27JAN2625500CE,0.1164780102371444
16-01-2026 11:55||NIFTY27JAN2624000PE,0.1907330651206597
16-01-2026 11:55||NIFTY27JAN2624500PE,0.1555335087246083
16-01-2026 11:55||NIFTY27JAN2624800PE,0.1350072027838998
16-01-2026 11:55||NIFTY27JAN2625000PE,0.1241057095697761
16-01-2026 11:55||NIFTY27JAN2625100PE,0.1209879100525132
16-01-2026 11:55||NIFTY27JAN2626200CE,0.0944983662324448
16-01-2026 12:00||NIFTY27JAN2623900PE,0.1951811433096316
16-01-2026 12:00||NIFTY27JAN2624000PE,0.1882112713202451
16-01-2026 12:00||NIFTY27JAN2624200PE,0.1740675633870585
16-01-2026 12:00||NIFTY27JAN2624400PE,0.1596299556729025
16-01-2026 12:00||NIFTY27JAN2624800PE,0.1322710689994297
16-01-2026 12:00||NIFTY27JAN2624900PE,0.1260244933700605
16-01-2026 12:00||NIFTY27JAN2625200CE,0.1518729015895636
16-01-2026 12:00||NIFTY27JAN2626200CE,0.1011531266494293
16-01-2026 12:05||NIFTY27JAN2623800PE,0.2032666082328371
16-01-2026 12:05||NIFTY27JAN2624200PE,0.1747409154025623
16-01-2026 12:05||NIFTY27JAN2624500PE,0.153157061693607
16-01-2026 12:05||NIFTY27JAN2624800PE,0.1326532717636593
16-01-2026 12:05||NIFTY27JAN2625000PE,0.1198414287037004
16-01-2026 12:05||NIFTY27JAN2625200CE,0.1537294953288465
16-01-2026 12:05||NIFTY27JAN2625900CE,0.1111236651720515
16-01-2026 12:10||NIFTY27JAN2624800PE,0.1338264055549287
16-01-2026 12:10||NIFTY27JAN2625100PE,0.1167876674635059
16-01-2026 12:10||NIFTY27JAN2625300CE,0.1455678701578243
16-01-2026 12:10||NIFTY27JAN2625800CE,0.1127936940706533
16-01-2026 12:10||NIFTY27JAN2626000CE,0.1051748214812885
16-01-2026 12:10||NIFTY27JAN2626100CE,0.1028097513776763
16-01-2026 12:15||NIFTY27JAN2624000PE,0.1913841234017116
16-01-2026 12:15||NIFTY27JAN2624600PE,0.147675146620377
16-01-2026 12:15||NIFTY27JAN2624800PE,0.1348099703867618
16-01-2026 12:15||NIFTY27JAN2624900PE,0.1286823531135249
16-01-2026 12:15||NIFTY27JAN2625000PE,0.122703781049547
16-01-2026 12:15||NIFTY27JAN2625800CE,0.1043066214082852
16-01-2026 12:15||NIFTY27JAN2626000CE,0.0991514274971561
16-01-2026 12:20||NIFTY27JAN2623900PE,0.1979876373538877
16-01-2026 12:20||NIFTY27JAN2624300PE,0.1685778782284171
16-01-2026 12:20||NIFTY27JAN2624500PE,0.1541947288905211
16-01-2026 12:20||NIFTY27JAN2624900PE,0.1286468348875376
16-01-2026 12:20||NIFTY27JAN2625400CE,0.1244681000601719
16-01-2026 12:20||NIFTY27JAN2625600CE,0.1126468868074376
16-01-2026 12:20||NIFTY27JAN2625700CE,0.1083606312636035
16-01-2026 12:25||NIFTY27JAN2623800PE,0.2034898741292147
16-01-2026 12:25||NIFTY27JAN2624500PE,0.1548866642568491
16-01-2026 12:25||NIFTY27JAN2624700PE,0.1423904678115016
16-01-2026 12:25||NIFTY27JAN2624800PE,0.1366986285491812
16-01-2026 12:25||NIFTY27JAN2625000PE,0.126692653809764
16-01-2026 12:25||NIFTY27JAN2625100PE,0.1224203119575828
16-01-2026 12:25||NIFTY27JAN2626400CE,0.0944842312195297
16-01-2026 12:30||NIFTY27JAN2623800PE,0.1992133090758348
16-01-2026 12:30||NIFTY27JAN2624400PE,0.1535907407217892
16-01-2026 12:30||NIFTY27JAN2624600PE,0.1401126920264628
16-01-2026 12:35||NIFTY27JAN2623800PE,0.2020337699641474
16-01-2026 12:35||NIFTY27JAN2623900PE,0.1938420287811301
16-01-2026 12:35||NIFTY27JAN2624800PE,0.1303938247233735
16-01-2026 12:35||NIFTY27JAN2625600CE,0.1099775980728209
16-01-2026 12:35||NIFTY27JAN2625700CE,0.1062039229567852
16-01-2026 12:35||NIFTY27JAN2625800CE,0.1029983130579055
16-01-2026 12:35||NIFTY27JAN2625900CE,0.1006667834354505
16-01-2026 12:35||NIFTY27JAN2626000CE,0.098658691303208
16-01-2026 12:35||NIFTY27JAN2626200CE,0.0977335263239101
16-01-2026 12:40||NIFTY27JAN2623800PE,0.2020223547499107
16-01-2026 12:40||NIFTY27JAN2625200CE,0.1229654087015096
16-01-2026 12:40||NIFTY27JAN2625900CE,0.0988594127557742
16-01-2026 12:45||NIFTY27JAN2624000PE,0.184078147724892
16-01-2026 12:45||NIFTY27JAN2624800PE,0.130237171914175
16-01-2026 12:45||NIFTY27JAN2625700CE,0.1033719853533729
16-01-2026 12:45||NIFTY27JAN2625900CE,0.0992142730399314
16-01-2026 12:45||NIFTY27JAN2626000CE,0.0977633221169254
16-01-2026 12:45||NIFTY27JAN2626300CE,0.0993209229226685
16-01-2026 12:50||NIFTY27JAN2624300PE,0.1618573537159192
16-01-2026 12:50||NIFTY27JAN2626000CE,0.1026923409823066
16-01-2026 12:50||NIFTY27JAN2626200CE,0.1012687041472419
16-01-2026 12:55||NIFTY27JAN2623900PE,0.1923492420996467
16-01-2026 12:55||NIFTY27JAN2624700PE,0.1367329889108265
16-01-2026 12:55||NIFTY27JAN2624900PE,0.1251839151689343
16-01-2026 12:55||NIFTY27JAN2625500CE,0.1049551368820948
16-01-2026 12:55||NIFTY27JAN2625800CE,0.0977144719031877
16-01-2026 13:00||NIFTY27JAN2623800PE,0.1986151259703295
16-01-2026 13:00||NIFTY27JAN2624700PE,0.1347226570470374
16-01-2026 13:00||NIFTY27JAN2624800PE,0.1289215363835076
16-01-2026 13:00||NIFTY27JAN2625400CE,0.1106457809139932
16-01-2026 13:00||NIFTY27JAN2625900CE,0.0980170736249708
16-01-2026 13:00||NIFTY27JAN2626000CE,0.0972595937260469
16-01-2026 13:05||NIFTY27JAN2624100PE,0.1744272323285757
16-01-2026 13:05||NIFTY27JAN2625000PE,0.1153544591127608
16-01-2026 13:05||NIFTY27JAN2625300CE,0.127978003469168
16-01-2026 13:10||NIFTY27JAN2625200CE,0.1296373414622835
16-01-2026 13:15||NIFTY27JAN2623800PE,0.1959623345041092
16-01-2026 13:15||NIFTY27JAN2624100PE,0.1730696447820519
16-01-2026 13:15||NIFTY27JAN2624600PE,0.1376484792128998
16-01-2026 13:15||NIFTY27JAN2624700PE,0.131306384193427
16-01-2026 13:15||NIFTY27JAN2625800CE,0.101977591564987
16-01-2026 13:15||NIFTY27JAN2626100CE,0.0988154260808743
16-01-2026 13:15||NIFTY27JAN2626200CE,0.0995255667019111
16-01-2026 13:20||NIFTY27JAN2624300PE,0.1572429936440138
16-01-2026 13:20||NIFTY27JAN2624700PE,0.1309914823423855
16-01-2026 13:20||NIFTY27JAN2625100PE,0.110978750964873
16-01-2026 13:20||NIFTY27JAN2625600CE,0.1047815975351782
16-01-2026 13:20||NIFTY27JAN2626100CE,0.0986274698068752
16-01-2026 13:25||NIFTY27JAN2623900PE,0.1841163881698057
16-01-2026 13:25||NIFTY27JAN2624300PE,0.1544721727071307
16-01-2026 13:25||NIFTY27JAN2624400PE,0.1476032816041088
16-01-2026 13:25||NIFTY27JAN2625200CE,0.1400080905532882
16-01-2026 13:25||NIFTY27JAN2625300CE,0.1334909678179761
16-01-2026 13:25||NIFTY27JAN2625500CE,0.1222931295301215
16-01-2026 13:25||NIFTY27JAN2625800CE,0.109751500505343
16-01-2026 13:25||NIFTY27JAN2626400CE,0.1078553850772705
16-01-2026 13:25||NIFTY27JAN2626500CE,0.1109182626186571
16-01-2026 13:30||NIFTY27JAN2624000PE,0.1780630617265892
16-01-2026 13:30||NIFTY27JAN2624200PE,0.1633630532923619
16-01-2026 13:30||NIFTY27JAN2624400PE,0.1498170535460229
16-01-2026 13:30||NIFTY27JAN2624900PE,0.1203561955976858
16-01-2026 13:30||NIFTY27JAN2625000PE,0.1154309342430023
16-01-2026 13:30||NIFTY27JAN2625200CE,0.1281253918207325
16-01-2026 13:35||NIFTY27JAN2624400PE,0.1485468195124419
16-01-2026 13:35||NIFTY27JAN2624500PE,0.14202072779245
16-01-2026 13:35||NIFTY27JAN2624900PE,0.1189855651949426
16-01-2026 13:35||NIFTY27JAN2625500CE,0.1166358841231522
16-01-2026 13:35||NIFTY27JAN2626100CE,0.1020826539900823
16-01-2026 13:35||NIFTY27JAN2626400CE,0.1070292715475425
16-01-2026 13:40||NIFTY27JAN2623900PE,0.1862463717445099
16-01-2026 13:40||NIFTY27JAN2624500PE,0.1437949923560734
16-01-2026 13:40||NIFTY27JAN2624700PE,0.1316058094715968
16-01-2026 13:40||NIFTY27JAN2625200CE,0.1235999133894988
16-01-2026 13:40||NIFTY27JAN2625300CE,0.1183903898277176
16-01-2026 13:40||NIFTY27JAN2625900CE,0.1001497499624564
16-01-2026 13:40||NIFTY27JAN2626000CE,0.0991261188545626
16-01-2026 13:40||NIFTY27JAN2626200CE,0.1000573547591575
16-01-2026 13:40||NIFTY27JAN2626500CE,0.1078817352965167
16-01-2026 13:45||NIFTY27JAN2623900PE,0.1862750506237848
16-01-2026 13:45||NIFTY27JAN2624100PE,0.1705141424467487
16-01-2026 13:45||NIFTY27JAN2624500PE,0.1428268964656874
16-01-2026 13:50||NIFTY27JAN2624700PE,0.1336634333878009
16-01-2026 13:50||NIFTY27JAN2625900CE,0.0955192253728744
16-01-2026 13:50||NIFTY27JAN2626000CE,0.0954777733220605
16-01-2026 13:55||NIFTY27JAN2623900PE,0.1860537929650885
16-01-2026 13:55||NIFTY27JAN2624200PE,0.1635502359973961
16-01-2026 13:55||NIFTY27JAN2624300PE,0.1565108166600401
16-01-2026 13:55||NIFTY27JAN2625000PE,0.1156258492027729
16-01-2026 13:55||NIFTY27JAN2625700CE,0.1030232617875347
16-01-2026 13:55||NIFTY27JAN2626100CE,0.0996531494251126
16-01-2026 14:00||NIFTY27JAN2624500PE,0.1426851455837603
16-01-2026 14:00||NIFTY27JAN2624900PE,0.1203799048724088
16-01-2026 14:00||NIFTY27JAN2625000PE,0.1161944062247595
16-01-2026 14:00||NIFTY27JAN2625100PE,0.1124027925181293
16-01-2026 14:00||NIFTY27JAN2626000CE,0.0985775353500932
16-01-2026 14:05||NIFTY27JAN2624100PE,0.1717274976458233
16-01-2026 14:05||NIFTY27JAN2625500CE,0.1027036221126393
16-01-2026 14:05||NIFTY27JAN2625800CE,0.0975412154616616
16-01-2026 14:05||NIFTY27JAN2626100CE,0.0979074085511461
16-01-2026 14:10||NIFTY27JAN2624500PE,0.1438902888415125
16-01-2026 14:10||NIFTY27JAN2625100PE,0.1113731498580871
16-01-2026 14:10||NIFTY27JAN2625500CE,0.1086782787817438
16-01-2026 14:10||NIFTY27JAN2626400CE,0.1051600941378129
16-01-2026 14:10||NIFTY27JAN2626500CE,0.1079708513209707
16-01-2026 14:15||NIFTY27JAN2624300PE,0.1569392561451128
16-01-2026 14:15||NIFTY27JAN2624600PE,0.1365497994685076
16-01-2026 14:15||NIFTY27JAN2624900PE,0.1192703555598232
16-01-2026 14:15||NIFTY27JAN2625500CE,0.1111736060238436
16-01-2026 14:20||NIFTY27JAN2624200PE,0.1648517221357495
16-01-2026 14:20||NIFTY27JAN2624800PE,0.1251092338411389
16-01-2026 14:20||NIFTY27JAN2625100PE,0.1109980359285028
16-01-2026 14:20||NIFTY27JAN2626000CE,0.099256348441155
16-01-2026 14:20||NIFTY27JAN2626300CE,0.1027087830827545
16-01-2026 14:25||NIFTY27JAN2623900PE,0.1892414301018934
16-01-2026 14:25||NIFTY27JAN2624900PE,0.1221465957834777
16-01-2026 14:25||NIFTY27JAN2625100PE,0.1131415100795679
16-01-2026 14:25||NIFTY27JAN2625500CE,0.1005442282706301
16-01-2026 14:25||NIFTY27JAN2626500CE,0.1058337762358607
16-01-2026 14:30||NIFTY27JAN2623800PE,0.1947219058661126
16-01-2026 14:30||NIFTY27JAN2624300PE,0.15743398329329
16-01-2026 14:30||NIFTY27JAN2626300CE,0.1029130066096009
16-01-2026 14:35||NIFTY27JAN2623800PE,0.1967830500370369
16-01-2026 14:35||NIFTY27JAN2624800PE,0.126597866103352
16-01-2026 14:35||NIFTY27JAN2624900PE,0.1210597696079787
16-01-2026 14:35||NIFTY27JAN2625000PE,0.1159898468358179
16-01-2026 14:35||NIFTY27JAN2625300CE,0.1051454098372265
16-01-2026 14:35||NIFTY27JAN2625900CE,0.0964573527669769
16-01-2026 14:35||NIFTY27JAN2626100CE,0.0962506483554994
16-01-2026 14:35||NIFTY27JAN2626200CE,0.0973272651036191
16-01-2026 14:35||NIFTY27JAN2626300CE,0.0994020142984468
16-01-2026 14:35||NIFTY27JAN2626500CE,0.1071883297453818
16-01-2026 14:40||NIFTY27JAN2624200PE,0.1654645558162182
16-01-2026 14:40||NIFTY27JAN2624600PE,0.1379276342937594
16-01-2026 14:40||NIFTY27JAN2624900PE,0.1205073444423052
16-01-2026 14:40||NIFTY27JAN2625800CE,0.0993641610817162
16-01-2026 14:40||NIFTY27JAN2626500CE,0.1051281264396333
16-01-2026 14:45||NIFTY27JAN2623900PE,0.1873761718820419
16-01-2026 14:45||NIFTY27JAN2624000PE,0.1794979314819214
16-01-2026 14:45||NIFTY27JAN2624100PE,0.171930102962323
16-01-2026 14:45||NIFTY27JAN2625000PE,0.1159060255921219
16-01-2026 14:45||NIFTY27JAN2625300CE,0.1106963830572611
16-01-2026 14:45||NIFTY27JAN2625600CE,0.1017826778684455
16-01-2026 14:45||NIFTY27JAN2626300CE,0.0997732465853111
16-01-2026 14:45||NIFTY27JAN2626400CE,0.1031254603740053
16-01-2026 14:50||NIFTY27JAN2623900PE,0.1874047545764123
16-01-2026 14:50||NIFTY27JAN2624100PE,0.1722348889846242
16-01-2026 14:50||NIFTY27JAN2624200PE,0.1647620557457297
16-01-2026 14:50||NIFTY27JAN2624300PE,0.1574134329909724
16-01-2026 14:50||NIFTY27JAN2624700PE,0.1313025787557153
16-01-2026 14:50||NIFTY27JAN2625100PE,0.1121126764464759
16-01-2026 14:55||NIFTY27JAN2624200PE,0.1639833966689711
16-01-2026 14:55||NIFTY27JAN2624900PE,0.1206840999005177
16-01-2026 14:55||NIFTY27JAN2625200CE,0.1235173417041217
16-01-2026 14:55||NIFTY27JAN2625300CE,0.1183175916837432
16-01-2026 14:55||NIFTY27JAN2625600CE,0.1059834205168798
16-01-2026 14:55||NIFTY27JAN2625700CE,0.1026497506012467
16-01-2026 14:55||NIFTY27JAN2625800CE,0.0999829945672624
16-01-2026 15:00||NIFTY27JAN2624000PE,0.1794500939827653
16-01-2026 15:00||NIFTY27JAN2624800PE,0.1272327591289338
16-01-2026 15:00||NIFTY27JAN2624900PE,0.1220340070125595
16-01-2026 15:00||NIFTY27JAN2625500CE,0.0998828654558911
16-01-2026 15:05||NIFTY27JAN2623900PE,0.1870298668246534
16-01-2026 15:05||NIFTY27JAN2624100PE,0.1717728642532607
16-01-2026 15:05||NIFTY27JAN2624200PE,0.1641673885951545
16-01-2026 15:05||NIFTY27JAN2624600PE,0.1375109051622592
16-01-2026 15:05||NIFTY27JAN2624900PE,0.1213477917882203
16-01-2026 15:05||NIFTY27JAN2626200CE,0.0978994996407042
16-01-2026 15:10||NIFTY27JAN2623900PE,0.1859440773560538
16-01-2026 15:10||NIFTY27JAN2624700PE,0.1313705285364093
16-01-2026 15:10||NIFTY27JAN2624800PE,0.1260796918832951
16-01-2026 15:10||NIFTY27JAN2625100PE,0.1125654084965599
16-01-2026 15:10||NIFTY27JAN2625600CE,0.1003421984320132
16-01-2026 15:15||NIFTY27JAN2623800PE,0.1948096589616914
16-01-2026 15:15||NIFTY27JAN2624200PE,0.1627280270562112
16-01-2026 15:15||NIFTY27JAN2624400PE,0.1490253948739178
16-01-2026 15:15||NIFTY27JAN2624500PE,0.142786104680885
16-01-2026 15:15||NIFTY27JAN2624700PE,0.1311599010875426
16-01-2026 15:15||NIFTY27JAN2624800PE,0.125727503309822
16-01-2026 15:15||NIFTY27JAN2625000PE,0.1151769349955356
16-01-2026 15:15||NIFTY27JAN2625300CE,0.1193115214277091
16-01-2026 15:15||NIFTY27JAN2625500CE,0.1095046487628877
16-01-2026 15:15||NIFTY27JAN2626000CE,0.0985520999336343
16-01-2026 15:15||NIFTY27JAN2626100CE,0.098516436774998
16-01-2026 15:15||NIFTY27JAN2626300CE,0.1016646483667803
16-01-2026 15:20||NIFTY27JAN2623900PE,0.1865763578879676
16-01-2026 15:20||NIFTY27JAN2624000PE,0.1786573702873179
16-01-2026 15:20||NIFTY27JAN2624200PE,0.1637231264536206
16-01-2026 15:20||NIFTY27JAN2624400PE,0.1499729957041131
16-01-2026 15:20||NIFTY27JAN2624600PE,0.1372363211640885
16-01-2026 15:20||NIFTY27JAN2624800PE,0.1256858646349298
16-01-2026 15:20||NIFTY27JAN2625500CE,0.1080107516581047
16-01-2026 15:20||NIFTY27JAN2625900CE,0.0987564913586685
16-01-2026 15:20||NIFTY27JAN2626100CE,0.0980916970247011
16-01-2026 15:20||NIFTY27JAN2626400CE,0.1047107121063741
16-01-2026 15:20||NIFTY27JAN2626500CE,0.1078391564536339
16-01-2026 15:25||NIFTY27JAN2626400CE,0.1025742779472712
16-01-2026 15:25||NIFTY27JAN2626500CE,0.1055683607274067
19-01-2026 09:15||NIFTY27JAN2624700PE,0.1362848648237202
19-01-2026 09:15||NIFTY27JAN2624900PE,0.1241532300677547
19-01-2026 09:15||NIFTY27JAN2625400CE,0.1273239240286297
19-01-2026 09:15||NIFTY27JAN2625500CE,0.1220445038732709
19-01-2026 09:15||NIFTY27JAN2625900CE,0.1170529866264663
19-01-2026 09:15||NIFTY27JAN2626300CE,0.1258824326187
19-01-2026 09:15||NIFTY27JAN2626400CE,0.1319646294795354
19-01-2026 09:20||NIFTY27JAN2624600PE,0.1471857515076171
19-01-2026 09:20||NIFTY27JAN2625700CE,0.1004488400851444
19-01-2026 09:20||NIFTY27JAN2626100CE,0.1093745998878686
19-01-2026 09:20||NIFTY27JAN2626400CE,0.1243199690976055
19-01-2026 09:25||NIFTY27JAN2624500PE,0.1523651213818772
19-01-2026 09:25||NIFTY27JAN2625500CE,0.1029355840990974
19-01-2026 09:25||NIFTY27JAN2625600CE,0.1028048346141383
19-01-2026 09:25||NIFTY27JAN2625700CE,0.1037961489366064
19-01-2026 09:25||NIFTY27JAN2626100CE,0.111774826179625
19-01-2026 09:25||NIFTY27JAN2626200CE,0.1155067649271889
19-01-2026 09:25||NIFTY27JAN2626400CE,0.126750202946176
19-01-2026 09:30||NIFTY27JAN2623800PE,0.2070250950232854
19-01-2026 09:30||NIFTY27JAN2624000PE,0.1914217445305169
19-01-2026 09:30||NIFTY27JAN2624200PE,0.1751082034302256
19-01-2026 09:30||NIFTY27JAN2624300PE,0.1667767458583581
19-01-2026 09:30||NIFTY27JAN2624400PE,0.1584367980995445
19-01-2026 09:30||NIFTY27JAN2624800PE,0.1278573018990347
19-01-2026 09:30||NIFTY27JAN2625400CE,0.1273290293938486
19-01-2026 09:30||NIFTY27JAN2625800CE,0.1150273090573644
19-01-2026 09:30||NIFTY27JAN2626500CE,0.1372886745135051
19-01-2026 09:35||NIFTY27JAN2624500PE,0.15507604439574
19-01-2026 09:35||NIFTY27JAN2624800PE,0.1335137433686352
19-01-2026 09:35||NIFTY27JAN2625500CE,0.0999474752535128
19-01-2026 09:35||NIFTY27JAN2625600CE,0.1006029570702813
19-01-2026 09:35||NIFTY27JAN2626200CE,0.1140765312905564
19-01-2026 09:40||NIFTY27JAN2624100PE,0.1843723373514594
19-01-2026 09:40||NIFTY27JAN2624200PE,0.1758969549002654
19-01-2026 09:40||NIFTY27JAN2624400PE,0.1587741540192724
19-01-2026 09:40||NIFTY27JAN2624500PE,0.1503627581997426
19-01-2026 09:40||NIFTY27JAN2624600PE,0.1426070151250728
19-01-2026 09:40||NIFTY27JAN2624900PE,0.1232683641363402
19-01-2026 09:40||NIFTY27JAN2625700CE,0.1089142200060164
19-01-2026 09:40||NIFTY27JAN2626200CE,0.1182705223450282
19-01-2026 09:40||NIFTY27JAN2626300CE,0.1225537308538791
19-01-2026 09:40||NIFTY27JAN2626500CE,0.1330790209039752
19-01-2026 09:45||NIFTY27JAN2623900PE,0.2009150587358861
19-01-2026 09:45||NIFTY27JAN2624000PE,0.1928375689101292
19-01-2026 09:45||NIFTY27JAN2626200CE,0.1165260468808216
19-01-2026 09:50||NIFTY27JAN2623900PE,0.2013626477567937
19-01-2026 09:50||NIFTY27JAN2624700PE,0.1373906243215783
19-01-2026 09:50||NIFTY27JAN2624800PE,0.1312656442016634
19-01-2026 09:50||NIFTY27JAN2625300CE,0.1006588793381549
19-01-2026 09:50||NIFTY27JAN2625900CE,0.1053301123497134
19-01-2026 09:50||NIFTY27JAN2626200CE,0.1150481080594805
19-01-2026 09:55||NIFTY27JAN2624700PE,0.1377069255497813
19-01-2026 09:55||NIFTY27JAN2625400CE,0.1015371362676743
19-01-2026 09:55||NIFTY27JAN2625700CE,0.1026944026903568
19-01-2026 09:55||NIFTY27JAN2626400CE,0.126704208632602
19-01-2026 10:00||NIFTY27JAN2624400PE,0.1577313342524645
19-01-2026 10:00||NIFTY27JAN2625000PE,0.1192445650995879
19-01-2026 10:00||NIFTY27JAN2625700CE,0.1060542213185842
19-01-2026 10:00||NIFTY27JAN2625900CE,0.1084825679216027
19-01-2026 10:05||NIFTY27JAN2624500PE,0.1480222655715618
19-01-2026 10:05||NIFTY27JAN2624800PE,0.1268664926160304
19-01-2026 10:05||NIFTY27JAN2625200CE,0.1252577365893223
19-01-2026 10:05||NIFTY27JAN2625500CE,0.1141158313309928
19-01-2026 10:05||NIFTY27JAN2626100CE,0.1172538080561675
19-01-2026 10:05||NIFTY27JAN2626200CE,0.1214153029741873
19-01-2026 10:10||NIFTY27JAN2623800PE,0.2087548146529525
19-01-2026 10:10||NIFTY27JAN2624200PE,0.1744485198797131
19-01-2026 10:10||NIFTY27JAN2624400PE,0.1575476296641818
19-01-2026 10:10||NIFTY27JAN2625100PE,0.1173908693902253
19-01-2026 10:15||NIFTY27JAN2624200PE,0.1745337737940555
19-01-2026 10:15||NIFTY27JAN2624400PE,0.1574021043810535
19-01-2026 10:15||NIFTY27JAN2624700PE,0.1345174608978808
19-01-2026 10:15||NIFTY27JAN2624800PE,0.1285639066622488
19-01-2026 10:15||NIFTY27JAN2625100PE,0.1170234978785504
19-01-2026 10:15||NIFTY27JAN2625500CE,0.1088243649483621
19-01-2026 10:15||NIFTY27JAN2625700CE,0.1070356032513149
19-01-2026 10:15||NIFTY27JAN2626200CE,0.119581020803672
19-01-2026 10:15||NIFTY27JAN2626500CE,0.1361336078423765
19-01-2026 10:20||NIFTY27JAN2623900PE,0.2012288447601251
19-01-2026 10:20||NIFTY27JAN2624100PE,0.1849586882243355
19-01-2026 10:20||NIFTY27JAN2625500CE,0.1073473461854083
19-01-2026 10:20||NIFTY27JAN2626300CE,0.1230024307844434
19-01-2026 10:25||NIFTY27JAN2625400CE,0.1026964304357816
19-01-2026 10:25||NIFTY27JAN2626100CE,0.1139040150704921
19-01-2026 10:25||NIFTY27JAN2626400CE,0.1275219559075288
19-01-2026 10:25||NIFTY27JAN2626500CE,0.1323752396492909
19-01-2026 10:30||NIFTY27JAN2623800PE,0.2096978603214583
19-01-2026 10:30||NIFTY27JAN2623900PE,0.2005017980830922
19-01-2026 10:30||NIFTY27JAN2624600PE,0.1424206247233508
19-01-2026 10:30||NIFTY27JAN2624700PE,0.1365972073786603
19-01-2026 10:30||NIFTY27JAN2624800PE,0.1314598177501778
19-01-2026 10:30||NIFTY27JAN2624900PE,0.1264722802464103
19-01-2026 10:30||NIFTY27JAN2626200CE,0.1200454351281884
19-01-2026 10:35||NIFTY27JAN2623800PE,0.2068059700783537
19-01-2026 10:35||NIFTY27JAN2624700PE,0.1364535437703432
19-01-2026 10:35||NIFTY27JAN2624800PE,0.130919592178044
19-01-2026 10:35||NIFTY27JAN2625000PE,0.1217505184673828
19-01-2026 10:35||NIFTY27JAN2625200CE,0.1114667483765658
19-01-2026 10:35||NIFTY27JAN2626300CE,0.1252508017707007
19-01-2026 10:40||NIFTY27JAN2623800PE,0.2087835361508826
19-01-2026 10:40||NIFTY27JAN2623900PE,0.1994594643345336
19-01-2026 10:40||NIFTY27JAN2624000PE,0.19040611112731
19-01-2026 10:40||NIFTY27JAN2624700PE,0.1346538191329368
19-01-2026 10:40||NIFTY27JAN2625400CE,0.1170833150817115
19-01-2026 10:40||NIFTY27JAN2625700CE,0.1116234254662791
19-01-2026 10:45||NIFTY27JAN2624000PE,0.1921459020900102
19-01-2026 10:45||NIFTY27JAN2624700PE,0.1376137325690954
19-01-2026 10:45||NIFTY27JAN2625600CE,0.1067456485815655
19-01-2026 10:45||NIFTY27JAN2626200CE,0.1191629340374963
19-01-2026 10:50||NIFTY27JAN2625100PE,0.1170147950020788
19-01-2026 10:50||NIFTY27JAN2625200CE,0.1226748284203043
19-01-2026 10:50||NIFTY27JAN2626200CE,0.1206795935896054
19-01-2026 10:55||NIFTY27JAN2624100PE,0.1833457296968995
19-01-2026 10:55||NIFTY27JAN2624200PE,0.1747672258299411
19-01-2026 10:55||NIFTY27JAN2624500PE,0.1492719370951019
19-01-2026 10:55||NIFTY27JAN2625400CE,0.1208607406527893
19-01-2026 10:55||NIFTY27JAN2625500CE,0.1170189764083496
19-01-2026 10:55||NIFTY27JAN2625900CE,0.1119183572226972
19-01-2026 10:55||NIFTY27JAN2626000CE,0.1137731118906307
19-01-2026 11:00||NIFTY27JAN2623900PE,0.2027386110103567
19-01-2026 11:00||NIFTY27JAN2624400PE,0.1597871992035037
19-01-2026 11:00||NIFTY27JAN2625400CE,0.1157381047029649
19-01-2026 11:00||NIFTY27JAN2625600CE,0.1116638091601835
19-01-2026 11:00||NIFTY27JAN2625700CE,0.110002876867489
19-01-2026 11:00||NIFTY27JAN2625800CE,0.1094532866584314
19-01-2026 11:00||NIFTY27JAN2626300CE,0.1229457782143684
19-01-2026 11:00||NIFTY27JAN2626500CE,0.132868389274416
19-01-2026 11:05||NIFTY27JAN2623800PE,0.2119700193848111
19-01-2026 11:05||NIFTY27JAN2623900PE,0.203378237995709
19-01-2026 11:05||NIFTY27JAN2624200PE,0.1785116299712585
19-01-2026 11:05||NIFTY27JAN2624500PE,0.1547472760866252
19-01-2026 11:05||NIFTY27JAN2625000PE,0.124861200674893
19-01-2026 11:05||NIFTY27JAN2625600CE,0.1010782966012948
19-01-2026 11:05||NIFTY27JAN2626100CE,0.1102095097853433
19-01-2026 11:10||NIFTY27JAN2624300PE,0.1680502711256499
19-01-2026 11:10||NIFTY27JAN2625800CE,0.1057018068545824
19-01-2026 11:15||NIFTY27JAN2624400PE,0.1599991390393204
19-01-2026 11:15||NIFTY27JAN2624500PE,0.1526201265784112
19-01-2026 11:15||NIFTY27JAN2624600PE,0.1455911906808307
19-01-2026 11:15||NIFTY27JAN2624700PE,0.1390916399198944
19-01-2026 11:15||NIFTY27JAN2624900PE,0.1278026172687432
19-01-2026 11:15||NIFTY27JAN2625100PE,0.1195911970628052
19-01-2026 11:20||NIFTY27JAN2623800PE,0.2065428047050491
19-01-2026 11:20||NIFTY27JAN2624200PE,0.174372539878581
19-01-2026 11:20||NIFTY27JAN2624300PE,0.1660090238462482
19-01-2026 11:20||NIFTY27JAN2624500PE,0.1500598035886973
19-01-2026 11:20||NIFTY27JAN2624900PE,0.1249321625252958
19-01-2026 11:20||NIFTY27JAN2625400CE,0.1134513446478167
19-01-2026 11:20||NIFTY27JAN2625500CE,0.1104869639843344
19-01-2026 11:20||NIFTY27JAN2625600CE,0.108775039535398
19-01-2026 11:20||NIFTY27JAN2625700CE,0.108204495888768
19-01-2026 11:20||NIFTY27JAN2626200CE,0.1201595445953448
19-01-2026 11:20||NIFTY27JAN2626300CE,0.1250981632356379
19-01-2026 11:20||NIFTY27JAN2626500CE,0.1362317964933584
19-01-2026 11:25||NIFTY27JAN2624900PE,0.1250160019634458
19-01-2026 11:25||NIFTY27JAN2625300CE,0.1180787480115626
19-01-2026 11:25||NIFTY27JAN2625400CE,0.1146797789034602
19-01-2026 11:30||NIFTY27JAN2624100PE,0.1838458977145323
19-01-2026 11:30||NIFTY27JAN2624600PE,0.1435796274794501
19-01-2026 11:30||NIFTY27JAN2624900PE,0.1249440498301757
19-01-2026 11:30||NIFTY27JAN2625000PE,0.119893999715338
19-01-2026 11:30||NIFTY27JAN2625500CE,0.1128894838931213
19-01-2026 11:30||NIFTY27JAN2625700CE,0.1092400696185268
19-01-2026 11:30||NIFTY27JAN2626500CE,0.1346138588858629
19-01-2026 11:35||NIFTY27JAN2623900PE,0.1995158448160722
19-01-2026 11:35||NIFTY27JAN2624600PE,0.1428800385543395
19-01-2026 11:35||NIFTY27JAN2625800CE,0.1098823676291013
19-01-2026 11:35||NIFTY27JAN2626000CE,0.1123094008843679
19-01-2026 11:35||NIFTY27JAN2626200CE,0.1196893500348846
19-01-2026 11:35||NIFTY27JAN2626300CE,0.1244063242348488
19-01-2026 11:35||NIFTY27JAN2626400CE,0.1297893085737952
19-01-2026 11:35||NIFTY27JAN2626500CE,0.1357814296081116
19-01-2026 11:40||NIFTY27JAN2623800PE,0.2090273373268217
19-01-2026 11:40||NIFTY27JAN2624100PE,0.1857057480961026
19-01-2026 11:40||NIFTY27JAN2624200PE,0.1770353784563141
19-01-2026 11:40||NIFTY27JAN2624400PE,0.1596600576471021
19-01-2026 11:40||NIFTY27JAN2624500PE,0.151414594197188
19-01-2026 11:40||NIFTY27JAN2625100PE,0.1170831390193677
19-01-2026 11:45||NIFTY27JAN2624300PE,0.1685017265680674
19-01-2026 11:45||NIFTY27JAN2625400CE,0.1136753319151831
19-01-2026 11:50||NIFTY27JAN2624600PE,0.1451558226628764
19-01-2026 11:50||NIFTY27JAN2625200CE,0.1182073656414951
19-01-2026 11:50||NIFTY27JAN2626300CE,0.1223500418283299
19-01-2026 11:55||NIFTY27JAN2623800PE,0.2082120879288756
19-01-2026 11:55||NIFTY27JAN2624300PE,0.1690180713988754
19-01-2026 11:55||NIFTY27JAN2624500PE,0.1532868754674699
19-01-2026 11:55||NIFTY27JAN2624600PE,0.1460108319657491
19-01-2026 11:55||NIFTY27JAN2624700PE,0.1392683981292771
19-01-2026 11:55||NIFTY27JAN2625900CE,0.1055345527641562
19-01-2026 11:55||NIFTY27JAN2626200CE,0.1163619999066956
19-01-2026 12:00||NIFTY27JAN2624200PE,0.1756266877845057
19-01-2026 12:00||NIFTY27JAN2624300PE,0.1674459810345853
19-01-2026 12:00||NIFTY27JAN2624400PE,0.1594857158168072
19-01-2026 12:00||NIFTY27JAN2624500PE,0.1518293598237303
19-01-2026 12:00||NIFTY27JAN2624700PE,0.1381499853386937
19-01-2026 12:00||NIFTY27JAN2625000PE,0.1217917617621807
19-01-2026 12:00||NIFTY27JAN2626100CE,0.1136245843343694
19-01-2026 12:00||NIFTY27JAN2626500CE,0.1346330976153503
19-01-2026 12:05||NIFTY27JAN2623900PE,0.2003454466883518
19-01-2026 12:05||NIFTY27JAN2624400PE,0.1605216772974665
19-01-2026 12:05||NIFTY27JAN2624500PE,0.1526743748322803
19-01-2026 12:05||NIFTY27JAN2625200CE,0.1140380069765633
19-01-2026 12:05||NIFTY27JAN2625400CE,0.1081465951529937
19-01-2026 12:05||NIFTY27JAN2625500CE,0.1062750212357469
19-01-2026 12:05||NIFTY27JAN2625700CE,0.104899024222925
19-01-2026 12:05||NIFTY27JAN2626100CE,0.1147110265551238
19-01-2026 12:05||NIFTY27JAN2626200CE,0.1192927938622501
19-01-2026 12:05||NIFTY27JAN2626400CE,0.1298379518193841
19-01-2026 12:05||NIFTY27JAN2626500CE,0.1358108604319323
19-01-2026 12:10||NIFTY27JAN2623900PE,0.2007078553558914
19-01-2026 12:10||NIFTY27JAN2625600CE,0.1095284886624777
19-01-2026 12:10||NIFTY27JAN2626400CE,0.1303261267978402
19-01-2026 12:15||NIFTY27JAN2623900PE,0.2005368800881119
19-01-2026 12:15||NIFTY27JAN2624100PE,0.1849294798077302
19-01-2026 12:15||NIFTY27JAN2624300PE,0.1682480659436968
19-01-2026 12:20||NIFTY27JAN2623800PE,0.2094785138601257
19-01-2026 12:20||NIFTY27JAN2624400PE,0.161855344945563
19-01-2026 12:20||NIFTY27JAN2625100PE,0.1191483919647777
19-01-2026 12:20||NIFTY27JAN2625300CE,0.1083311693420047
19-01-2026 12:20||NIFTY27JAN2626200CE,0.1156678014706443
19-01-2026 12:25||NIFTY27JAN2623800PE,0.2085426028671561
19-01-2026 12:25||NIFTY27JAN2625700CE,0.1050120754048824
19-01-2026 12:25||NIFTY27JAN2626500CE,0.1343286699191049
19-01-2026 12:30||NIFTY27JAN2623900PE,0.200996393422363
19-01-2026 12:30||NIFTY27JAN2624300PE,0.1686317226107256
19-01-2026 12:30||NIFTY27JAN2624500PE,0.1523419187217587
19-01-2026 12:30||NIFTY27JAN2625000PE,0.1203326123506581
19-01-2026 12:30||NIFTY27JAN2625400CE,0.1087964844886411
19-01-2026 12:30||NIFTY27JAN2626500CE,0.1346099788224581
19-01-2026 12:35||NIFTY27JAN2624100PE,0.185026844531125
19-01-2026 12:35||NIFTY27JAN2624200PE,0.1768859276733815
19-01-2026 12:35||NIFTY27JAN2624400PE,0.1602946861285321
19-01-2026 12:35||NIFTY27JAN2624700PE,0.1380223565020215
19-01-2026 12:35||NIFTY27JAN2625000PE,0.1211290279088867
19-01-2026 12:35||NIFTY27JAN2625300CE,0.1105723013715259
19-01-2026 12:40||NIFTY27JAN2623800PE,0.2076496362166788
19-01-2026 12:40||NIFTY27JAN2625700CE,0.1086155201252165
19-01-2026 12:40||NIFTY27JAN2625800CE,0.1087339651700728
19-01-2026 12:40||NIFTY27JAN2626400CE,0.1312810564591289
19-01-2026 12:45||NIFTY27JAN2626000CE,0.1098493500452121
19-01-2026 12:45||NIFTY27JAN2626100CE,0.1136261709440824
19-01-2026 12:45||NIFTY27JAN2626400CE,0.1291879024734892
19-01-2026 12:50||NIFTY27JAN2623800PE,0.2077483518368635
19-01-2026 12:50||NIFTY27JAN2624200PE,0.1752802513155807
19-01-2026 12:50||NIFTY27JAN2625900CE,0.1101114843559648
19-01-2026 12:50||NIFTY27JAN2626500CE,0.135643333873826
19-01-2026 12:55||NIFTY27JAN2623900PE,0.2029899228938161
19-01-2026 12:55||NIFTY27JAN2624100PE,0.1874255334748459
19-01-2026 12:55||NIFTY27JAN2624300PE,0.1703817212418439
19-01-2026 12:55||NIFTY27JAN2624400PE,0.1616646430654434
19-01-2026 12:55||NIFTY27JAN2624500PE,0.1533269472673832
19-01-2026 12:55||NIFTY27JAN2624700PE,0.1381920234861702
19-01-2026 12:55||NIFTY27JAN2625100PE,0.1186463832184441
19-01-2026 12:55||NIFTY27JAN2625700CE,0.1055364170865764
19-01-2026 12:55||NIFTY27JAN2626000CE,0.1092619590617333
19-01-2026 13:00||NIFTY27JAN2623900PE,0.2048910313006846
19-01-2026 13:00||NIFTY27JAN2624000PE,0.1971678923556323
19-01-2026 13:00||NIFTY27JAN2624400PE,0.163206779324857
19-01-2026 13:00||NIFTY27JAN2624700PE,0.1398672518509888
19-01-2026 13:00||NIFTY27JAN2625400CE,0.1094098632607652
19-01-2026 13:00||NIFTY27JAN2625600CE,0.1057497921056203
19-01-2026 13:00||NIFTY27JAN2625900CE,0.1062971942781109
19-01-2026 13:00||NIFTY27JAN2626200CE,0.1163880143866254
19-01-2026 13:00||NIFTY27JAN2626500CE,0.131555484381339
19-01-2026 13:05||NIFTY27JAN2624600PE,0.1470563884037274
19-01-2026 13:05||NIFTY27JAN2625100PE,0.11963947518372
19-01-2026 13:05||NIFTY27JAN2625700CE,0.1032568641437699
19-01-2026 13:10||NIFTY27JAN2623800PE,0.2139177912172094
19-01-2026 13:10||NIFTY27JAN2623900PE,0.2057002244103469
19-01-2026 13:10||NIFTY27JAN2624400PE,0.1638542217623556
19-01-2026 13:10||NIFTY27JAN2624500PE,0.155350331323167
19-01-2026 13:10||NIFTY27JAN2624600PE,0.1472430447670646
19-01-2026 13:10||NIFTY27JAN2626200CE,0.1154129447337314
19-01-2026 13:10||NIFTY27JAN2626300CE,0.1205811838481257
19-01-2026 13:15||NIFTY27JAN2625800CE,0.1072363175354083
19-01-2026 13:20||NIFTY27JAN2624400PE,0.1627013957791616
19-01-2026 13:20||NIFTY27JAN2624800PE,0.1320959974137898
19-01-2026 13:20||NIFTY27JAN2624900PE,0.1262065335065297
19-01-2026 13:20||NIFTY27JAN2625000PE,0.1210919192772862
19-01-2026 13:20||NIFTY27JAN2625200CE,0.1122273639038941
19-01-2026 13:20||NIFTY27JAN2625400CE,0.1065109288964398
19-01-2026 13:25||NIFTY27JAN2623900PE,0.2047702409793315
19-01-2026 13:25||NIFTY27JAN2625000PE,0.1197508236569907
19-01-2026 13:25||NIFTY27JAN2625300CE,0.1119467691954387
19-01-2026 13:25||NIFTY27JAN2625400CE,0.1091959087637244
19-01-2026 13:25||NIFTY27JAN2625900CE,0.1064383802662256
19-01-2026 13:25||NIFTY27JAN2626200CE,0.1173894913111949
19-01-2026 13:25||NIFTY27JAN2626500CE,0.1343261248058091
19-01-2026 13:30||NIFTY27JAN2624300PE,0.1701592621988054
19-01-2026 13:30||NIFTY27JAN2624900PE,0.1249566409475135
19-01-2026 13:30||NIFTY27JAN2625100PE,0.1158597642047854
19-01-2026 13:30||NIFTY27JAN2625800CE,0.1066086094148095
19-01-2026 13:30||NIFTY27JAN2626100CE,0.1134969311818446
19-01-2026 13:30||NIFTY27JAN2626300CE,0.1225871550188784
19-01-2026 13:30||NIFTY27JAN2626500CE,0.1335755900778844
19-01-2026 13:35||NIFTY27JAN2624400PE,0.1638155190125019
19-01-2026 13:35||NIFTY27JAN2624900PE,0.1271628594910002
19-01-2026 13:35||NIFTY27JAN2626200CE,0.115784251981022
19-01-2026 13:35||NIFTY27JAN2626400CE,0.1264697647570823
19-01-2026 13:40||NIFTY27JAN2624800PE,0.1341048261362049
19-01-2026 13:40||NIFTY27JAN2625300CE,0.1029658221025016
19-01-2026 13:40||NIFTY27JAN2625400CE,0.1027630805649753
19-01-2026 13:40||NIFTY27JAN2625600CE,0.1016844267716894
19-01-2026 13:40||NIFTY27JAN2625800CE,0.1024440082430809
19-01-2026 13:40||NIFTY27JAN2625900CE,0.1040085613447963
19-01-2026 13:45||NIFTY27JAN2624300PE,0.1689299958009485
19-01-2026 13:45||NIFTY27JAN2624700PE,0.1357077204109811
19-01-2026 13:45||NIFTY27JAN2625100PE,0.1119285648413299
19-01-2026 13:45||NIFTY27JAN2625500CE,0.1205113608104467
19-01-2026 13:45||NIFTY27JAN2626500CE,0.1334464712977864
19-01-2026 13:50||NIFTY27JAN2623900PE,0.2056330216818486
19-01-2026 13:50||NIFTY27JAN2624200PE,0.1814421266690256
19-01-2026 13:50||NIFTY27JAN2625100PE,0.1178611639263527
19-01-2026 13:50||NIFTY27JAN2625400CE,0.1163219639307702
19-01-2026 13:50||NIFTY27JAN2625700CE,0.1070249915141262
19-01-2026 13:50||NIFTY27JAN2626200CE,0.1141068196473105
19-01-2026 13:55||NIFTY27JAN2624500PE,0.1590792847838802
19-01-2026 13:55||NIFTY27JAN2624600PE,0.1508435932336887
19-01-2026 13:55||NIFTY27JAN2625600CE,0.103378908500206
19-01-2026 13:55||NIFTY27JAN2625700CE,0.1025382155300862
19-01-2026 13:55||NIFTY27JAN2625800CE,0.1020004216948389
19-01-2026 13:55||NIFTY27JAN2625900CE,0.1026272568419886
19-01-2026 13:55||NIFTY27JAN2626200CE,0.1108458380151947
19-01-2026 14:00||NIFTY27JAN2624100PE,0.193660486808196
19-01-2026 14:00||NIFTY27JAN2624600PE,0.1500864338579122
19-01-2026 14:00||NIFTY27JAN2625300CE,0.1216228782824805
19-01-2026 14:00||NIFTY27JAN2625800CE,0.10793498792791
19-01-2026 14:00||NIFTY27JAN2625900CE,0.1073345084911759
19-01-2026 14:00||NIFTY27JAN2626100CE,0.1097075849684193
19-01-2026 14:05||NIFTY27JAN2623800PE,0.2187113109531955
19-01-2026 14:05||NIFTY27JAN2624200PE,0.1874626410641945
19-01-2026 14:05||NIFTY27JAN2624500PE,0.1610409006420019
19-01-2026 14:05||NIFTY27JAN2625000PE,0.1244051623025858
19-01-2026 14:05||NIFTY27JAN2625400CE,0.1074057338640663
19-01-2026 14:05||NIFTY27JAN2626500CE,0.122781641701873
19-01-2026 14:10||NIFTY27JAN2624400PE,0.1695210617887452
19-01-2026 14:10||NIFTY27JAN2624500PE,0.1605610498410621
19-01-2026 14:10||NIFTY27JAN2625100PE,0.1220725123936706
19-01-2026 14:10||NIFTY27JAN2625200CE,0.1052945479972708
19-01-2026 14:10||NIFTY27JAN2626100CE,0.1036014262762419
19-01-2026 14:15||NIFTY27JAN2623800PE,0.2161575872595326
19-01-2026 14:15||NIFTY27JAN2624100PE,0.1937869738709046
19-01-2026 14:15||NIFTY27JAN2624200PE,0.1853327126828893
19-01-2026 14:15||NIFTY27JAN2624500PE,0.1577108413263484
19-01-2026 14:15||NIFTY27JAN2624700PE,0.1407184022741592
19-01-2026 14:15||NIFTY27JAN2624800PE,0.1333146986758697
19-01-2026 14:15||NIFTY27JAN2625100PE,0.1171732883779777
19-01-2026 14:15||NIFTY27JAN2626400CE,0.1219146022961951
19-01-2026 14:20||NIFTY27JAN2624200PE,0.1855805732188297
19-01-2026 14:20||NIFTY27JAN2624500PE,0.1597597022715148
19-01-2026 14:20||NIFTY27JAN2625800CE,0.1021145489849258
19-01-2026 14:20||NIFTY27JAN2626000CE,0.1033855536822377
19-01-2026 14:25||NIFTY27JAN2624000PE,0.2022785484289274
19-01-2026 14:25||NIFTY27JAN2625100PE,0.1210622735090115
19-01-2026 14:25||NIFTY27JAN2625700CE,0.0984666683600404
19-01-2026 14:25||NIFTY27JAN2625900CE,0.0991511086325941
19-01-2026 14:25||NIFTY27JAN2626000CE,0.1008803576182147
19-01-2026 14:25||NIFTY27JAN2626500CE,0.1245663659210237
19-01-2026 14:30||NIFTY27JAN2624100PE,0.1934097533652445
19-01-2026 14:30||NIFTY27JAN2624300PE,0.1763518593310106
19-01-2026 14:30||NIFTY27JAN2624700PE,0.1426990298831085
19-01-2026 14:30||NIFTY27JAN2624800PE,0.135522764240404
19-01-2026 14:30||NIFTY27JAN2625000PE,0.1231186401941069
19-01-2026 14:35||NIFTY27JAN2623800PE,0.2166077641490491
19-01-2026 14:35||NIFTY27JAN2624300PE,0.1754868503721893
19-01-2026 14:35||NIFTY27JAN2625000PE,0.1225196903151022
19-01-2026 14:35||NIFTY27JAN2625800CE,0.1039982662437912
19-01-2026 14:35||NIFTY27JAN2626100CE,0.1068320441173836
19-01-2026 14:35||NIFTY27JAN2626300CE,0.114537802540647
19-01-2026 14:35||NIFTY27JAN2626400CE,0.1199457334086065
19-01-2026 14:40||NIFTY27JAN2624000PE,0.2018206543556291
19-01-2026 14:40||NIFTY27JAN2624300PE,0.1769817370543295
19-01-2026 14:40||NIFTY27JAN2624700PE,0.144269443100129
19-01-2026 14:40||NIFTY27JAN2625200CE,0.1138570603690377
19-01-2026 14:45||NIFTY27JAN2623900PE,0.2113580211382947
19-01-2026 14:45||NIFTY27JAN2624100PE,0.1950428453196337
19-01-2026 14:45||NIFTY27JAN2624400PE,0.1690663170867041
19-01-2026 14:45||NIFTY27JAN2624600PE,0.1521936231770029
19-01-2026 14:45||NIFTY27JAN2624800PE,0.1372904789200446
19-01-2026 14:45||NIFTY27JAN2625800CE,0.1002409065022112
19-01-2026 14:45||NIFTY27JAN2626000CE,0.1017045452958772
19-01-2026 14:50||NIFTY27JAN2624000PE,0.203206709219073
19-01-2026 14:50||NIFTY27JAN2624200PE,0.1868076373949314
19-01-2026 14:50||NIFTY27JAN2624500PE,0.1612884717168236
19-01-2026 14:50||NIFTY27JAN2625100PE,0.1206839156517443
19-01-2026 14:50||NIFTY27JAN2625700CE,0.101936585714054
19-01-2026 14:55||NIFTY27JAN2623800PE,0.2217008656226067
19-01-2026 14:55||NIFTY27JAN2624400PE,0.1710021197986829
19-01-2026 14:55||NIFTY27JAN2625300CE,0.1048380079083234
19-01-2026 14:55||NIFTY27JAN2625400CE,0.1029750923104391
19-01-2026 14:55||NIFTY27JAN2626000CE,0.0998758851522791
19-01-2026 14:55||NIFTY27JAN2626100CE,0.102193200059569
19-01-2026 15:00||NIFTY27JAN2624300PE,0.1808311281007709
19-01-2026 15:00||NIFTY27JAN2625000PE,0.1282585540150679
19-01-2026 15:00||NIFTY27JAN2625600CE,0.0922626211975904
19-01-2026 15:00||NIFTY27JAN2626000CE,0.0958384938649583
19-01-2026 15:00||NIFTY27JAN2626300CE,0.1077007053426794
19-01-2026 15:05||NIFTY27JAN2623900PE,0.21005045584192
19-01-2026 15:05||NIFTY27JAN2625700CE,0.0951456035307972
19-01-2026 15:05||NIFTY27JAN2626000CE,0.0979586961853343
19-01-2026 15:05||NIFTY27JAN2626400CE,0.1163234498408068
19-01-2026 15:10||NIFTY27JAN2624100PE,0.1933545876868986
19-01-2026 15:10||NIFTY27JAN2624300PE,0.1765803411383762
19-01-2026 15:10||NIFTY27JAN2624800PE,0.1383062103639977
19-01-2026 15:10||NIFTY27JAN2625800CE,0.0966302471748007
19-01-2026 15:10||NIFTY27JAN2626100CE,0.1023087703398307
19-01-2026 15:15||NIFTY27JAN2624200PE,0.1853198292326554
19-01-2026 15:15||NIFTY27JAN2624400PE,0.1687588192554124
19-01-2026 15:15||NIFTY27JAN2624500PE,0.1608402028911824
19-01-2026 15:15||NIFTY27JAN2624600PE,0.1531863393402585
19-01-2026 15:15||NIFTY27JAN2624700PE,0.1460421121596603
19-01-2026 15:15||NIFTY27JAN2625300CE,0.0855512610630983
19-01-2026 15:15||NIFTY27JAN2625400CE,0.0892222904164396
19-01-2026 15:15||NIFTY27JAN2626200CE,0.1051619273204915
19-01-2026 15:20||NIFTY27JAN2624500PE,0.1570885892887913
19-01-2026 15:20||NIFTY27JAN2625200CE,0.0980489653530418
19-01-2026 15:20||NIFTY27JAN2625800CE,0.0957699044338905
19-01-2026 15:20||NIFTY27JAN2626400CE,0.1204764863079693
19-01-2026 15:20||NIFTY27JAN2626500CE,0.1266155199099878
19-01-2026 15:25||NIFTY27JAN2624300PE,0.1732954535679767
19-01-2026 15:25||NIFTY27JAN2624400PE,0.1650848822372558
19-01-2026 15:25||NIFTY27JAN2624700PE,0.1429606748924256
19-01-2026 15:25||NIFTY27JAN2625800CE,0.0940482521248009
19-01-2026 15:25||NIFTY27JAN2626300CE,0.1137097088840519
20-01-2026 09:15||NIFTY27JAN2623900PE,0.2084101562496165
20-01-2026 09:15||NIFTY27JAN2624000PE,0.2004283906060605
20-01-2026 09:15||NIFTY27JAN2624100PE,0.1915960933217578
20-01-2026 09:15||NIFTY27JAN2624400PE,0.1668426316423983
20-01-2026 09:15||NIFTY27JAN2624600PE,0.151943661178557
20-01-2026 09:15||NIFTY27JAN2625200CE,0.113359622360271
20-01-2026 09:15||NIFTY27JAN2625500CE,0.1022960607526082
20-01-2026 09:15||NIFTY27JAN2626200CE,0.1134439784227375
20-01-2026 09:15||NIFTY27JAN2626300CE,0.1198627982416527
20-01-2026 09:15||NIFTY27JAN2626400CE,0.1255077719936909
20-01-2026 09:20||NIFTY27JAN2623800PE,0.2146731305486376
20-01-2026 09:20||NIFTY27JAN2624000PE,0.1982654835746489
20-01-2026 09:20||NIFTY27JAN2624700PE,0.145584638365753
20-01-2026 09:20||NIFTY27JAN2625200CE,0.0887653162473906
20-01-2026 09:20||NIFTY27JAN2625400CE,0.0906056931339591
20-01-2026 09:20||NIFTY27JAN2625500CE,0.0912081064167226
20-01-2026 09:20||NIFTY27JAN2625800CE,0.0969209993585245
20-01-2026 09:20||NIFTY27JAN2626300CE,0.1190339924241624
20-01-2026 09:20||NIFTY27JAN2626500CE,0.1312539715785209
20-01-2026 09:25||NIFTY27JAN2623900PE,0.2033722869138396
20-01-2026 09:25||NIFTY27JAN2625000PE,0.1250717602589863
20-01-2026 09:25||NIFTY27JAN2625400CE,0.1050722193226188
20-01-2026 09:30||NIFTY27JAN2623900PE,0.2025646554174157
20-01-2026 09:30||NIFTY27JAN2624400PE,0.1600379010238545
20-01-2026 09:30||NIFTY27JAN2624800PE,0.1320275586293203
20-01-2026 09:30||NIFTY27JAN2625700CE,0.1076605651794802
20-01-2026 09:30||NIFTY27JAN2626100CE,0.1169154050766261
20-01-2026 09:30||NIFTY27JAN2626300CE,0.1285041872405096
20-01-2026 09:35||NIFTY27JAN2624500PE,0.1533620489289855
20-01-2026 09:35||NIFTY27JAN2625200CE,0.1080750541261645
20-01-2026 09:35||NIFTY27JAN2625700CE,0.1055600909217461
20-01-2026 09:35||NIFTY27JAN2625800CE,0.1067243153195238
20-01-2026 09:35||NIFTY27JAN2626200CE,0.1227568754912838
20-01-2026 09:40||NIFTY27JAN2623800PE,0.214177940258645
20-01-2026 09:40||NIFTY27JAN2624100PE,0.1868729236459884
20-01-2026 09:40||NIFTY27JAN2625000PE,0.1215236195409739
20-01-2026 09:40||NIFTY27JAN2625900CE,0.1135825713012227
20-01-2026 09:40||NIFTY27JAN2626100CE,0.1210945146556565
20-01-2026 09:40||NIFTY27JAN2626200CE,0.1264402996110525
20-01-2026 09:40||NIFTY27JAN2626400CE,0.1396836742409491
20-01-2026 09:45||NIFTY27JAN2624800PE,0.1330314795647897
20-01-2026 09:45||NIFTY27JAN2625500CE,0.1122454568498575
20-01-2026 09:45||NIFTY27JAN2626200CE,0.1261753703713398
20-01-2026 09:45||NIFTY27JAN2626300CE,0.1325952552179694
20-01-2026 09:50||NIFTY27JAN2624100PE,0.1888532419676028
20-01-2026 09:50||NIFTY27JAN2624800PE,0.1354599863084928
20-01-2026 09:50||NIFTY27JAN2625100PE,0.12511909633964
20-01-2026 09:50||NIFTY27JAN2625200CE,0.1075549987049203
20-01-2026 09:55||NIFTY27JAN2623900PE,0.2044102119389071
20-01-2026 09:55||NIFTY27JAN2624100PE,0.1860506892912153
20-01-2026 09:55||NIFTY27JAN2625000PE,0.12244261834192
20-01-2026 10:00||NIFTY27JAN2623900PE,0.2059349976505768
20-01-2026 10:00||NIFTY27JAN2624600PE,0.1454078934140213
20-01-2026 10:00||NIFTY27JAN2624700PE,0.1384599724586814
20-01-2026 10:00||NIFTY27JAN2625200CE,0.1225123415759218
20-01-2026 10:00||NIFTY27JAN2625400CE,0.1153938614218813
20-01-2026 10:00||NIFTY27JAN2625700CE,0.1107053700773562
20-01-2026 10:00||NIFTY27JAN2626000CE,0.1161066455781243
20-01-2026 10:00||NIFTY27JAN2626200CE,0.1259135037791864
20-01-2026 10:05||NIFTY27JAN2626100CE,0.1201933644050477
20-01-2026 10:05||NIFTY27JAN2626200CE,0.1253179974543851
20-01-2026 10:05||NIFTY27JAN2626500CE,0.1449825316586476
20-01-2026 10:10||NIFTY27JAN2624900PE,0.1298252361002231
20-01-2026 10:10||NIFTY27JAN2625100PE,0.1228009270630349
20-01-2026 10:10||NIFTY27JAN2626500CE,0.1421218483168373
20-01-2026 10:15||NIFTY27JAN2624000PE,0.194950261689664
20-01-2026 10:15||NIFTY27JAN2625800CE,0.1118757065505614
20-01-2026 10:15||NIFTY27JAN2626300CE,0.1308896636298129
20-01-2026 10:20||NIFTY27JAN2624100PE,0.1879157292775
20-01-2026 10:20||NIFTY27JAN2625700CE,0.1055643637397551
20-01-2026 10:20||NIFTY27JAN2626000CE,0.1118242832711208
20-01-2026 10:25||NIFTY27JAN2623800PE,0.2148126428005412
20-01-2026 10:25||NIFTY27JAN2624700PE,0.1393484925078781
20-01-2026 10:25||NIFTY27JAN2625000PE,0.1234137168218245
20-01-2026 10:25||NIFTY27JAN2625800CE,0.1059154866664012
20-01-2026 10:25||NIFTY27JAN2626200CE,0.1202840034528433
20-01-2026 10:25||NIFTY27JAN2626400CE,0.1331333191340287
20-01-2026 10:30||NIFTY27JAN2623900PE,0.2059756052381374
20-01-2026 10:30||NIFTY27JAN2624000PE,0.1970633129450949
20-01-2026 10:30||NIFTY27JAN2624300PE,0.1704326259549693
20-01-2026 10:30||NIFTY27JAN2624600PE,0.1458519980365162
20-01-2026 10:30||NIFTY27JAN2625500CE,0.1080058086978451
20-01-2026 10:30||NIFTY27JAN2625700CE,0.1069611861909312
20-01-2026 10:30||NIFTY27JAN2625800CE,0.1078952438824097
20-01-2026 10:35||NIFTY27JAN2624300PE,0.1690435137427015
20-01-2026 10:35||NIFTY27JAN2624700PE,0.1367102732214304
20-01-2026 10:35||NIFTY27JAN2625200CE,0.1305163515279674
20-01-2026 10:35||NIFTY27JAN2625400CE,0.1199713810153987
20-01-2026 10:35||NIFTY27JAN2625900CE,0.1121434404428731
20-01-2026 10:40||NIFTY27JAN2624000PE,0.1980085606696464
20-01-2026 10:40||NIFTY27JAN2624300PE,0.1710939653269371
20-01-2026 10:40||NIFTY27JAN2625800CE,0.1052550781715064
20-01-2026 10:40||NIFTY27JAN2626000CE,0.1102151061660394
20-01-2026 10:45||NIFTY27JAN2624900PE,0.1261629953756681
20-01-2026 10:45||NIFTY27JAN2625900CE,0.1088335374482616
20-01-2026 10:45||NIFTY27JAN2626200CE,0.120683073248817
20-01-2026 10:45||NIFTY27JAN2626400CE,0.1328090933992615
20-01-2026 10:50||NIFTY27JAN2623800PE,0.216083443725019
20-01-2026 10:50||NIFTY27JAN2624100PE,0.1894999444548762
20-01-2026 10:50||NIFTY27JAN2625300CE,0.1052537932396603
20-01-2026 10:50||NIFTY27JAN2626200CE,0.1203664153610022
20-01-2026 10:55||NIFTY27JAN2624200PE,0.1791597047462029
20-01-2026 10:55||NIFTY27JAN2624500PE,0.1528654313500525
20-01-2026 10:55||NIFTY27JAN2624600PE,0.1451554739907817
20-01-2026 10:55||NIFTY27JAN2624700PE,0.1382051513262404
20-01-2026 10:55||NIFTY27JAN2624800PE,0.131975182008096
20-01-2026 10:55||NIFTY27JAN2625300CE,0.1090150007679673
20-01-2026 10:55||NIFTY27JAN2625400CE,0.1076791386509514
20-01-2026 10:55||NIFTY27JAN2625900CE,0.1094863386730266
20-01-2026 10:55||NIFTY27JAN2626400CE,0.1343263273851379
20-01-2026 11:00||NIFTY27JAN2623800PE,0.2146729270598083
20-01-2026 11:00||NIFTY27JAN2624000PE,0.1965884687061114
20-01-2026 11:00||NIFTY27JAN2624400PE,0.1605472984018711
20-01-2026 11:00||NIFTY27JAN2625300CE,0.1077235640640199
20-01-2026 11:05||NIFTY27JAN2623800PE,0.2144221285832791
20-01-2026 11:05||NIFTY27JAN2624400PE,0.1600725216223901
20-01-2026 11:05||NIFTY27JAN2624500PE,0.1515596679989001
20-01-2026 11:05||NIFTY27JAN2625400CE,0.1069319440906592
20-01-2026 11:05||NIFTY27JAN2625500CE,0.1055189845357535
20-01-2026 11:05||NIFTY27JAN2625800CE,0.1067315643736116
20-01-2026 11:05||NIFTY27JAN2626300CE,0.1289336402349336
20-01-2026 11:10||NIFTY27JAN2624500PE,0.1504285254650264
20-01-2026 11:10||NIFTY27JAN2624900PE,0.1249086272389146
20-01-2026 11:10||NIFTY27JAN2625200CE,0.1139701728929361
20-01-2026 11:10||NIFTY27JAN2625600CE,0.1058603277978276
20-01-2026 11:15||NIFTY27JAN2623800PE,0.2117026710879528
20-01-2026 11:15||NIFTY27JAN2624300PE,0.1662282692155402
20-01-2026 11:15||NIFTY27JAN2624700PE,0.1347724116200565
20-01-2026 11:15||NIFTY27JAN2625000PE,0.1189863766964448
20-01-2026 11:15||NIFTY27JAN2625300CE,0.1147419328799332
20-01-2026 11:15||NIFTY27JAN2625600CE,0.1069491411298634
20-01-2026 11:20||NIFTY27JAN2624500PE,0.149123969645138
20-01-2026 11:20||NIFTY27JAN2625700CE,0.1076198987651286
20-01-2026 11:20||NIFTY27JAN2626200CE,0.1237311033000426
20-01-2026 11:25||NIFTY27JAN2624000PE,0.1929782289578671
20-01-2026 11:25||NIFTY27JAN2624300PE,0.1654611539354894
20-01-2026 11:25||NIFTY27JAN2624900PE,0.1213624964682899
20-01-2026 11:25||NIFTY27JAN2625200CE,0.1263110496974057
20-01-2026 11:25||NIFTY27JAN2625300CE,0.1212087638990893
20-01-2026 11:25||NIFTY27JAN2625700CE,0.1093441173812842
20-01-2026 11:25||NIFTY27JAN2626100CE,0.1189105045520879
20-01-2026 11:30||NIFTY27JAN2623900PE,0.2040789959180926
20-01-2026 11:30||NIFTY27JAN2624200PE,0.1766283879660861
20-01-2026 11:30||NIFTY27JAN2624900PE,0.1238230807915744
20-01-2026 11:30||NIFTY27JAN2625200CE,0.115944888547441
20-01-2026 11:30||NIFTY27JAN2625700CE,0.1062330086988833
20-01-2026 11:30||NIFTY27JAN2625800CE,0.1072465987111017
20-01-2026 11:30||NIFTY27JAN2626000CE,0.112756635664882
20-01-2026 11:35||NIFTY27JAN2623800PE,0.213682980113474
20-01-2026 11:35||NIFTY27JAN2625900CE,0.1083806563039182
20-01-2026 11:35||NIFTY27JAN2626300CE,0.1281114330995381
20-01-2026 11:35||NIFTY27JAN2626500CE,0.1418182792599839
20-01-2026 11:40||NIFTY27JAN2623800PE,0.211575419985655
20-01-2026 11:40||NIFTY27JAN2624000PE,0.1942036851036804
20-01-2026 11:40||NIFTY27JAN2624100PE,0.1852594166511319
20-01-2026 11:40||NIFTY27JAN2624700PE,0.1338000815648742
20-01-2026 11:40||NIFTY27JAN2624800PE,0.1273697753063664
20-01-2026 11:40||NIFTY27JAN2625100PE,0.1140528812984043
20-01-2026 11:40||NIFTY27JAN2625300CE,0.115753373701456
20-01-2026 11:45||NIFTY27JAN2623900PE,0.2038695377642
20-01-2026 11:45||NIFTY27JAN2624500PE,0.1495675501944495
20-01-2026 11:45||NIFTY27JAN2625600CE,0.1070438468909252
20-01-2026 11:45||NIFTY27JAN2625800CE,0.1071636315932218
20-01-2026 11:45||NIFTY27JAN2625900CE,0.1092370374686307
20-01-2026 11:45||NIFTY27JAN2626000CE,0.1125648594861687
20-01-2026 11:50||NIFTY27JAN2624200PE,0.1768792936966357
20-01-2026 11:50||NIFTY27JAN2624600PE,0.1421822019614269
20-01-2026 11:50||NIFTY27JAN2624700PE,0.1346552094165534
20-01-2026 11:50||NIFTY27JAN2624900PE,0.1218817967896847
20-01-2026 11:50||NIFTY27JAN2625400CE,0.110494835369849
20-01-2026 11:50||NIFTY27JAN2625700CE,0.1050494439719585
20-01-2026 11:50||NIFTY27JAN2626300CE,0.1279588767819126
20-01-2026 11:55||NIFTY27JAN2623800PE,0.219737861891486
20-01-2026 11:55||NIFTY27JAN2623900PE,0.2091926772468828
20-01-2026 11:55||NIFTY27JAN2624000PE,0.1988659221001459
20-01-2026 11:55||NIFTY27JAN2624100PE,0.1887555172691125
20-01-2026 11:55||NIFTY27JAN2625800CE,0.1028634999243363
20-01-2026 11:55||NIFTY27JAN2625900CE,0.1055949850137544
20-01-2026 12:00||NIFTY27JAN2623800PE,0.2144469346750845
20-01-2026 12:00||NIFTY27JAN2624400PE,0.1599597393138523
20-01-2026 12:00||NIFTY27JAN2624600PE,0.1436410061097218
20-01-2026 12:00||NIFTY27JAN2624700PE,0.1364742521764622
20-01-2026 12:00||NIFTY27JAN2625800CE,0.1029164700224783
20-01-2026 12:00||NIFTY27JAN2625900CE,0.1058263810578136
20-01-2026 12:05||NIFTY27JAN2624700PE,0.1360694360282579
20-01-2026 12:05||NIFTY27JAN2624900PE,0.1247975858992531
20-01-2026 12:05||NIFTY27JAN2625800CE,0.1031340643610691
20-01-2026 12:10||NIFTY27JAN2624200PE,0.1749694849743124
20-01-2026 12:10||NIFTY27JAN2624500PE,0.148807704287772
20-01-2026 12:10||NIFTY27JAN2624600PE,0.1409561415251261
20-01-2026 12:10||NIFTY27JAN2624700PE,0.1338894589668096
20-01-2026 12:10||NIFTY27JAN2624800PE,0.1275614816690859
20-01-2026 12:10||NIFTY27JAN2624900PE,0.1219900579708871
20-01-2026 12:15||NIFTY27JAN2624300PE,0.166736956773281
20-01-2026 12:15||NIFTY27JAN2624500PE,0.1494241707745433
20-01-2026 12:15||NIFTY27JAN2625000PE,0.1194534681178016
20-01-2026 12:15||NIFTY27JAN2625100PE,0.1167511127534433
20-01-2026 12:15||NIFTY27JAN2625400CE,0.1041722778231114
20-01-2026 12:15||NIFTY27JAN2626400CE,0.1390700005793676
20-01-2026 12:20||NIFTY27JAN2623900PE,0.2039429874171419
20-01-2026 12:20||NIFTY27JAN2624000PE,0.1944386381170302
20-01-2026 12:20||NIFTY27JAN2624100PE,0.1848309565045631
20-01-2026 12:20||NIFTY27JAN2625200CE,0.1095721219740319
20-01-2026 12:20||NIFTY27JAN2625300CE,0.10664951117136
20-01-2026 12:20||NIFTY27JAN2625700CE,0.1036283789776535
20-01-2026 12:20||NIFTY27JAN2625800CE,0.1057160040927967
20-01-2026 12:20||NIFTY27JAN2625900CE,0.1087942851740871
20-01-2026 12:25||NIFTY27JAN2623800PE,0.211024258879819
20-01-2026 12:25||NIFTY27JAN2625000PE,0.1158427314466391
20-01-2026 12:25||NIFTY27JAN2625100PE,0.1127341954904401
20-01-2026 12:25||NIFTY27JAN2625700CE,0.1075083358113592
20-01-2026 12:25||NIFTY27JAN2626000CE,0.1151855045602896
20-01-2026 12:30||NIFTY27JAN2623800PE,0.2132728133619469
20-01-2026 12:30||NIFTY27JAN2623900PE,0.2035051443026322
20-01-2026 12:30||NIFTY27JAN2624900PE,0.1229897231988357
20-01-2026 12:30||NIFTY27JAN2625000PE,0.1192636886462175
20-01-2026 12:30||NIFTY27JAN2625100PE,0.1165579393158802
20-01-2026 12:30||NIFTY27JAN2625300CE,0.1075348661387954
20-01-2026 12:30||NIFTY27JAN2626000CE,0.113734042964353
20-01-2026 12:35||NIFTY27JAN2623800PE,0.2112561947851873
20-01-2026 12:35||NIFTY27JAN2624200PE,0.1743950636491115
20-01-2026 12:35||NIFTY27JAN2625000PE,0.1167897001007211
20-01-2026 12:35||NIFTY27JAN2625200CE,0.1152886220637261
20-01-2026 12:35||NIFTY27JAN2625500CE,0.1070475358859204
20-01-2026 12:35||NIFTY27JAN2625700CE,0.1065254811514937
20-01-2026 12:35||NIFTY27JAN2625800CE,0.1081008575942546
20-01-2026 12:35||NIFTY27JAN2626200CE,0.127132387992765
20-01-2026 12:35||NIFTY27JAN2626300CE,0.1344838396742111
20-01-2026 12:40||NIFTY27JAN2623800PE,0.2106325285879124
20-01-2026 12:40||NIFTY27JAN2624000PE,0.1926545915706895
20-01-2026 12:40||NIFTY27JAN2624300PE,0.1655107182990722
20-01-2026 12:40||NIFTY27JAN2624600PE,0.1408834132163857
20-01-2026 12:40||NIFTY27JAN2624700PE,0.1340654996806133
20-01-2026 12:40||NIFTY27JAN2625400CE,0.1051545466457173
20-01-2026 12:40||NIFTY27JAN2626100CE,0.1208640772115646
20-01-2026 12:45||NIFTY27JAN2623800PE,0.2092301077227267
20-01-2026 12:45||NIFTY27JAN2624300PE,0.164288400436504
20-01-2026 12:45||NIFTY27JAN2624400PE,0.1555086054813204
20-01-2026 12:45||NIFTY27JAN2625100PE,0.1140395470261234
20-01-2026 12:50||NIFTY27JAN2624200PE,0.1744145285246035
20-01-2026 12:50||NIFTY27JAN2625600CE,0.1061851775669073
20-01-2026 12:50||NIFTY27JAN2626000CE,0.1148022002720259
20-01-2026 12:50||NIFTY27JAN2626200CE,0.1261943186854806
20-01-2026 12:55||NIFTY27JAN2624900PE,0.121350200262629
20-01-2026 12:55||NIFTY27JAN2625400CE,0.108787285681959
20-01-2026 13:00||NIFTY27JAN2623900PE,0.2033048701870996
20-01-2026 13:00||NIFTY27JAN2624200PE,0.1757977438901638
20-01-2026 13:00||NIFTY27JAN2625100PE,0.1138538942039295
20-01-2026 13:00||NIFTY27JAN2625800CE,0.1074749741697392
20-01-2026 13:00||NIFTY27JAN2625900CE,0.110496868869885
20-01-2026 13:00||NIFTY27JAN2626400CE,0.1408927199348295
20-01-2026 13:05||NIFTY27JAN2624200PE,0.1755711718041068
20-01-2026 13:05||NIFTY27JAN2624900PE,0.1221276099642461
20-01-2026 13:05||NIFTY27JAN2625300CE,0.1085774843313911
20-01-2026 13:05||NIFTY27JAN2625400CE,0.1065642040031238
20-01-2026 13:05||NIFTY27JAN2625600CE,0.104566499122189
20-01-2026 13:05||NIFTY27JAN2626500CE,0.1487616408352231
20-01-2026 13:10||NIFTY27JAN2624000PE,0.193858214819915
20-01-2026 13:10||NIFTY27JAN2624400PE,0.1577294697820236
20-01-2026 13:10||NIFTY27JAN2624700PE,0.1343795835215197
20-01-2026 13:10||NIFTY27JAN2625000PE,0.1177128649344831
20-01-2026 13:10||NIFTY27JAN2626000CE,0.1141053830878414
20-01-2026 13:10||NIFTY27JAN2626400CE,0.1410632139419193
20-01-2026 13:15||NIFTY27JAN2623900PE,0.2026441912956518
20-01-2026 13:15||NIFTY27JAN2624600PE,0.1402760003572892
20-01-2026 13:15||NIFTY27JAN2624900PE,0.1210262281243874
20-01-2026 13:15||NIFTY27JAN2625000PE,0.1160285004457763
20-01-2026 13:15||NIFTY27JAN2625200CE,0.1178419951866291
20-01-2026 13:15||NIFTY27JAN2626000CE,0.1160440923198291
20-01-2026 13:15||NIFTY27JAN2626200CE,0.1276521523442222
20-01-2026 13:20||NIFTY27JAN2624200PE,0.1763017910170678
20-01-2026 13:20||NIFTY27JAN2624600PE,0.1428070879219722
20-01-2026 13:20||NIFTY27JAN2625000PE,0.1192246250287236
20-01-2026 13:20||NIFTY27JAN2625700CE,0.1045229397912832
20-01-2026 13:20||NIFTY27JAN2626100CE,0.1188332813132256
20-01-2026 13:20||NIFTY27JAN2626200CE,0.1248844434137477
20-01-2026 13:25||NIFTY27JAN2623800PE,0.2116828607429895
20-01-2026 13:25||NIFTY27JAN2624100PE,0.1847193199756727
20-01-2026 13:25||NIFTY27JAN2624700PE,0.1339597834617532
20-01-2026 13:25||NIFTY27JAN2625000PE,0.1175838578845118
20-01-2026 13:25||NIFTY27JAN2625800CE,0.1080376390732702
20-01-2026 13:30||NIFTY27JAN2624100PE,0.184511153110364
20-01-2026 13:30||NIFTY27JAN2624700PE,0.1345807677969508
20-01-2026 13:30||NIFTY27JAN2624900PE,0.1233487117005191
20-01-2026 13:30||NIFTY27JAN2626000CE,0.114590372629976
20-01-2026 13:35||NIFTY27JAN2625100PE,0.1182665602409274
20-01-2026 13:35||NIFTY27JAN2625800CE,0.1089246421993869
20-01-2026 13:40||NIFTY27JAN2623800PE,0.211687236824761
20-01-2026 13:40||NIFTY27JAN2624600PE,0.1395934165279813
20-01-2026 13:40||NIFTY27JAN2625000PE,0.1162696601938862
20-01-2026 13:45||NIFTY27JAN2624000PE,0.1937667854428123
20-01-2026 13:45||NIFTY27JAN2624400PE,0.1576235968409029
20-01-2026 13:45||NIFTY27JAN2624600PE,0.1420386373140204
20-01-2026 13:50||NIFTY27JAN2624000PE,0.1932223953071448
20-01-2026 13:50||NIFTY27JAN2624100PE,0.1840169318684466
20-01-2026 13:50||NIFTY27JAN2624200PE,0.1748170925215331
20-01-2026 13:50||NIFTY27JAN2624300PE,0.1656648624444847
20-01-2026 13:50||NIFTY27JAN2624500PE,0.1485247733064756
20-01-2026 13:50||NIFTY27JAN2625200CE,0.1200403472536193
20-01-2026 13:50||NIFTY27JAN2625400CE,0.1117894802737486
20-01-2026 13:50||NIFTY27JAN2626000CE,0.1204419012486064
20-01-2026 13:50||NIFTY27JAN2626100CE,0.1263036128849213
20-01-2026 13:55||NIFTY27JAN2624400PE,0.1573359694082441
20-01-2026 13:55||NIFTY27JAN2625200CE,0.1203595936628298
20-01-2026 13:55||NIFTY27JAN2625400CE,0.1120139903804673
20-01-2026 13:55||NIFTY27JAN2625600CE,0.1089727404440786
20-01-2026 14:00||NIFTY27JAN2624100PE,0.185995739790437
20-01-2026 14:00||NIFTY27JAN2624200PE,0.1764845167071841
20-01-2026 14:00||NIFTY27JAN2624800PE,0.1312484410173389
20-01-2026 14:00||NIFTY27JAN2624900PE,0.1312194582756802
20-01-2026 14:00||NIFTY27JAN2625000PE,0.135274550974214
20-01-2026 14:00||NIFTY27JAN2625100PE,0.1427647377554909
20-01-2026 14:00||NIFTY27JAN2625200CE,0.1161999509458554
20-01-2026 14:00||NIFTY27JAN2626100CE,0.1257371836119991
20-01-2026 14:05||NIFTY27JAN2623800PE,0.2129746866427132
20-01-2026 14:05||NIFTY27JAN2625100PE,0.1168930059029648
20-01-2026 14:05||NIFTY27JAN2625200CE,0.115222583017878
20-01-2026 14:05||NIFTY27JAN2626100CE,0.1271134576127837
20-01-2026 14:05||NIFTY27JAN2626400CE,0.1493872271837402
20-01-2026 14:10||NIFTY27JAN2624000PE,0.1941707514536636
20-01-2026 14:10||NIFTY27JAN2624200PE,0.1760855363376184
20-01-2026 14:10||NIFTY27JAN2624500PE,0.150358104758269
20-01-2026 14:10||NIFTY27JAN2624900PE,0.1235814422500455
20-01-2026 14:10||NIFTY27JAN2625000PE,0.1186728544168106
20-01-2026 14:10||NIFTY27JAN2625500CE,0.1104426268677661
20-01-2026 14:10||NIFTY27JAN2625700CE,0.1113614425785503
20-01-2026 14:10||NIFTY27JAN2626100CE,0.1286582829172531
20-01-2026 14:10||NIFTY27JAN2626200CE,0.1354148755518623
20-01-2026 14:10||NIFTY27JAN2626300CE,0.1427302519444965
20-01-2026 14:15||NIFTY27JAN2623800PE,0.2109725664960654
20-01-2026 14:15||NIFTY27JAN2624100PE,0.1841641467718896
20-01-2026 14:15||NIFTY27JAN2624500PE,0.1506228650308495
20-01-2026 14:15||NIFTY27JAN2624600PE,0.1432448806260155
20-01-2026 14:15||NIFTY27JAN2624900PE,0.1249273495953932
20-01-2026 14:15||NIFTY27JAN2625200CE,0.1136041692250154
20-01-2026 14:15||NIFTY27JAN2625400CE,0.1083127275967327
20-01-2026 14:15||NIFTY27JAN2626000CE,0.1204723769553849
20-01-2026 14:15||NIFTY27JAN2626300CE,0.1403641155570728
20-01-2026 14:15||NIFTY27JAN2626500CE,0.1563070225703279
20-01-2026 14:20||NIFTY27JAN2625400CE,0.1144624120382832
20-01-2026 14:20||NIFTY27JAN2625700CE,0.1126569137816211
20-01-2026 14:20||NIFTY27JAN2626500CE,0.1573754837673294
20-01-2026 14:25||NIFTY27JAN2624100PE,0.1858275631038527
20-01-2026 14:25||NIFTY27JAN2624600PE,0.1423430812982787
20-01-2026 14:25||NIFTY27JAN2625400CE,0.1127781532044991
20-01-2026 14:25||NIFTY27JAN2625900CE,0.1162358882117322
20-01-2026 14:30||NIFTY27JAN2624000PE,0.1957507259560894
20-01-2026 14:30||NIFTY27JAN2624600PE,0.1449939299101249
20-01-2026 14:30||NIFTY27JAN2625400CE,0.1067000669360711
20-01-2026 14:30||NIFTY27JAN2625500CE,0.1057409883108577
20-01-2026 14:30||NIFTY27JAN2625800CE,0.1098164124069554
20-01-2026 14:30||NIFTY27JAN2626000CE,0.1182524313446433
20-01-2026 14:30||NIFTY27JAN2626400CE,0.1441570918385645
20-01-2026 14:30||NIFTY27JAN2626500CE,0.1517416926148328
20-01-2026 14:35||NIFTY27JAN2624600PE,0.1468527953163176
20-01-2026 14:35||NIFTY27JAN2624800PE,0.1337492825868978
20-01-2026 14:35||NIFTY27JAN2625600CE,0.1055493430592827
20-01-2026 14:35||NIFTY27JAN2626000CE,0.1179093342550449
20-01-2026 14:35||NIFTY27JAN2626300CE,0.1365279147180876
20-01-2026 14:40||NIFTY27JAN2623800PE,0.2165971373247119
20-01-2026 14:40||NIFTY27JAN2625200CE,0.1112179375265404
20-01-2026 14:40||NIFTY27JAN2625500CE,0.1057535690466213
20-01-2026 14:45||NIFTY27JAN2624600PE,0.1453587769387361
20-01-2026 14:45||NIFTY27JAN2625500CE,0.1086620415877366
20-01-2026 14:45||NIFTY27JAN2626000CE,0.1213253701439639
20-01-2026 14:45||NIFTY27JAN2626100CE,0.1270933699556024
20-01-2026 14:50||NIFTY27JAN2624000PE,0.1990052693842558
20-01-2026 14:50||NIFTY27JAN2624200PE,0.1800145922574884
20-01-2026 14:50||NIFTY27JAN2624900PE,0.1272614989289948
20-01-2026 14:50||NIFTY27JAN2625100PE,0.1196347567182338
20-01-2026 14:50||NIFTY27JAN2625500CE,0.1026808944647577
20-01-2026 14:50||NIFTY27JAN2625900CE,0.1134288880440025
20-01-2026 14:55||NIFTY27JAN2623900PE,0.2091653138987534
20-01-2026 14:55||NIFTY27JAN2624000PE,0.1994231068065249
20-01-2026 14:55||NIFTY27JAN2624100PE,0.1895589547152294
20-01-2026 14:55||NIFTY27JAN2626000CE,0.1189330158526147
20-01-2026 15:00||NIFTY27JAN2624800PE,0.1292105123536161
20-01-2026 15:00||NIFTY27JAN2625600CE,0.1066748768283276
20-01-2026 15:00||NIFTY27JAN2626100CE,0.131582010937538
20-01-2026 15:00||NIFTY27JAN2626200CE,0.1388360790411212
20-01-2026 15:00||NIFTY27JAN2626400CE,0.1542124796266623
20-01-2026 15:05||NIFTY27JAN2623900PE,0.2060721516347765
20-01-2026 15:05||NIFTY27JAN2624300PE,0.167146995431964
20-01-2026 15:05||NIFTY27JAN2625000PE,0.1255739975108147
20-01-2026 15:05||NIFTY27JAN2625200CE,0.0993909871589205
20-01-2026 15:05||NIFTY27JAN2626100CE,0.1303166983857608
20-01-2026 15:05||NIFTY27JAN2626200CE,0.1375631780971932
20-01-2026 15:10||NIFTY27JAN2624300PE,0.16597663413355
20-01-2026 15:10||NIFTY27JAN2625100PE,0.129709341152353
20-01-2026 15:10||NIFTY27JAN2625300CE,0.1003878113267266
20-01-2026 15:10||NIFTY27JAN2625400CE,0.1022692783788489
20-01-2026 15:10||NIFTY27JAN2625900CE,0.123924141239927
20-01-2026 15:10||NIFTY27JAN2626100CE,0.1369236233296399
20-01-2026 15:15||NIFTY27JAN2624000PE,0.2033586880390865
20-01-2026 15:15||NIFTY27JAN2624200PE,0.181571560523017
20-01-2026 15:15||NIFTY27JAN2624500PE,0.1550872806515093
20-01-2026 15:15||NIFTY27JAN2624800PE,0.137224416732392
20-01-2026 15:15||NIFTY27JAN2625000PE,0.1301272823426558
20-01-2026 15:15||NIFTY27JAN2625100PE,0.127724801130319
20-01-2026 15:15||NIFTY27JAN2625700CE,0.1162227536139973
20-01-2026 15:15||NIFTY27JAN2625900CE,0.1263018478817661
20-01-2026 15:15||NIFTY27JAN2626000CE,0.1326805418632523
20-01-2026 15:15||NIFTY27JAN2626200CE,0.1464067861131649
20-01-2026 15:20||NIFTY27JAN2623800PE,0.2210617780944349
20-01-2026 15:20||NIFTY27JAN2624200PE,0.1785464988729677
20-01-2026 15:20||NIFTY27JAN2624500PE,0.1507885263080939
20-01-2026 15:20||NIFTY27JAN2625500CE,0.1178218634240801
20-01-2026 15:20||NIFTY27JAN2625700CE,0.1227968521313702
20-01-2026 15:20||NIFTY27JAN2626400CE,0.1645130942689458
20-01-2026 15:25||NIFTY27JAN2623800PE,0.2189136307826325
20-01-2026 15:25||NIFTY27JAN2625100PE,0.1110777716016238
20-01-2026 15:25||NIFTY27JAN2625200CE,0.1397611240351866
20-01-2026 15:25||NIFTY27JAN2625300CE,0.1336321754092659
20-01-2026 15:25||NIFTY27JAN2625900CE,0.134283798317453
20-01-2026 15:25||NIFTY27JAN2626200CE,0.1508351624481776
21-01-2026 09:15||NIFTY27JAN2625200CE,0.1642496613099277
21-01-2026 09:15||NIFTY27JAN2625400CE,0.1477562049329204
21-01-2026 09:15||NIFTY27JAN2625900CE,0.143515593662735
21-01-2026 09:15||NIFTY27JAN2626200CE,0.1594964043929649
21-01-2026 09:20||NIFTY27JAN2623900PE,0.2195848583435552
21-01-2026 09:20||NIFTY27JAN2624300PE,0.1783344145379913
21-01-2026 09:20||NIFTY27JAN2624400PE,0.168597023784138
21-01-2026 09:25||NIFTY27JAN2624000PE,0.2183907780607728
21-01-2026 09:25||NIFTY27JAN2624300PE,0.1877425411461272
21-01-2026 09:25||NIFTY27JAN2624400PE,0.1780409563205514
21-01-2026 09:25||NIFTY27JAN2625100PE,0.1272354214346596
21-01-2026 09:25||NIFTY27JAN2625300CE,0.1107009102968821
21-01-2026 09:25||NIFTY27JAN2625600CE,0.1113639075745864
21-01-2026 09:25||NIFTY27JAN2625800CE,0.1189170817341856
21-01-2026 09:30||NIFTY27JAN2623800PE,0.236330438854096
21-01-2026 09:30||NIFTY27JAN2623900PE,0.2256080854742448
21-01-2026 09:30||NIFTY27JAN2624000PE,0.2149792665604953
21-01-2026 09:30||NIFTY27JAN2624400PE,0.1731303699493978
21-01-2026 09:30||NIFTY27JAN2625300CE,0.1289232319225471
21-01-2026 09:30||NIFTY27JAN2625700CE,0.1214420501602837
21-01-2026 09:35||NIFTY27JAN2623900PE,0.2281408510817506
21-01-2026 09:35||NIFTY27JAN2624200PE,0.1961657492650569
21-01-2026 09:35||NIFTY27JAN2625200CE,0.1144877772948353
21-01-2026 09:35||NIFTY27JAN2625300CE,0.1110300653768523
21-01-2026 09:35||NIFTY27JAN2625600CE,0.1107471403815449
21-01-2026 09:35||NIFTY27JAN2626200CE,0.1471440987299387
21-01-2026 09:40||NIFTY27JAN2624400PE,0.1683389369377745
21-01-2026 09:40||NIFTY27JAN2625100PE,0.10884735331208
21-01-2026 09:40||NIFTY27JAN2625200CE,0.1288094437030326
21-01-2026 09:40||NIFTY27JAN2625900CE,0.1308482208097593
21-01-2026 09:40||NIFTY27JAN2626300CE,0.1599146606969874
21-01-2026 09:40||NIFTY27JAN2626400CE,0.1680683131622209
21-01-2026 09:45||NIFTY27JAN2623800PE,0.2299857520644004
21-01-2026 09:45||NIFTY27JAN2624100PE,0.1984666551937961
21-01-2026 09:45||NIFTY27JAN2624400PE,0.167860905625232
21-01-2026 09:45||NIFTY27JAN2625200CE,0.1273461494409209
21-01-2026 09:45||NIFTY27JAN2625600CE,0.1184555005726207
21-01-2026 09:45||NIFTY27JAN2626000CE,0.1367629364353458
21-01-2026 09:45||NIFTY27JAN2626300CE,0.1595734510605634
21-01-2026 09:50||NIFTY27JAN2624700PE,0.1384407486080657
21-01-2026 09:50||NIFTY27JAN2624900PE,0.1230575363017853
21-01-2026 09:50||NIFTY27JAN2625400CE,0.1156304997185148
21-01-2026 09:50||NIFTY27JAN2625600CE,0.1166206015104261
21-01-2026 09:50||NIFTY27JAN2625800CE,0.1244098884573148
21-01-2026 09:55||NIFTY27JAN2624100PE,0.1950331322467635
21-01-2026 09:55||NIFTY27JAN2624200PE,0.1853440221592056
21-01-2026 09:55||NIFTY27JAN2624400PE,0.1664059162452389
21-01-2026 09:55||NIFTY27JAN2624800PE,0.1331356505155213
21-01-2026 09:55||NIFTY27JAN2625400CE,0.1108454482919512
21-01-2026 09:55||NIFTY27JAN2626000CE,0.1355997091116411
21-01-2026 09:55||NIFTY27JAN2626100CE,0.1435169668614431
21-01-2026 09:55||NIFTY27JAN2626200CE,0.1519564683906758
21-01-2026 09:55||NIFTY27JAN2626500CE,0.1787999196453523
21-01-2026 10:00||NIFTY27JAN2624000PE,0.2018291958132372
21-01-2026 10:00||NIFTY27JAN2625000PE,0.1149200523006957
21-01-2026 10:00||NIFTY27JAN2625300CE,0.120793526866805
21-01-2026 10:00||NIFTY27JAN2625400CE,0.1187557393937116
21-01-2026 10:00||NIFTY27JAN2626500CE,0.1807305526404574
21-01-2026 10:05||NIFTY27JAN2625200CE,0.1185883628506676
21-01-2026 10:05||NIFTY27JAN2625600CE,0.1168165187425116
21-01-2026 10:05||NIFTY27JAN2625700CE,0.1202827567843642
21-01-2026 10:05||NIFTY27JAN2625800CE,0.1249599563060217
21-01-2026 10:10||NIFTY27JAN2624000PE,0.1978968574794302
21-01-2026 10:10||NIFTY27JAN2624400PE,0.1590071693863218
21-01-2026 10:10||NIFTY27JAN2625800CE,0.1296162958876754
21-01-2026 10:10||NIFTY27JAN2626100CE,0.1494370995554066
21-01-2026 10:15||NIFTY27JAN2624000PE,0.200056362035406
21-01-2026 10:15||NIFTY27JAN2624200PE,0.1799089435219228
21-01-2026 10:15||NIFTY27JAN2624500PE,0.1515027301213441
21-01-2026 10:15||NIFTY27JAN2624600PE,0.1428239711934519
21-01-2026 10:15||NIFTY27JAN2625500CE,0.1173822803419192
21-01-2026 10:15||NIFTY27JAN2626100CE,0.1484485266691775
21-01-2026 10:20||NIFTY27JAN2625700CE,0.1196073154909954
21-01-2026 10:25||NIFTY27JAN2624300PE,0.1699402958963108
21-01-2026 10:25||NIFTY27JAN2625000PE,0.1178242259126764
21-01-2026 10:25||NIFTY27JAN2625700CE,0.1270364679316467
21-01-2026 10:25||NIFTY27JAN2626200CE,0.161912231846809
21-01-2026 10:30||NIFTY27JAN2624200PE,0.1772368482424532
21-01-2026 10:30||NIFTY27JAN2624700PE,0.1339323763073129
21-01-2026 10:30||NIFTY27JAN2624800PE,0.1269121874715948
21-01-2026 10:30||NIFTY27JAN2625200CE,0.1221148998647227
21-01-2026 10:30||NIFTY27JAN2625900CE,0.1399871948296434
21-01-2026 10:30||NIFTY27JAN2626300CE,0.1711629588587199
21-01-2026 10:30||NIFTY27JAN2626400CE,0.1790485814257265
21-01-2026 10:35||NIFTY27JAN2624400PE,0.1587845635595348
21-01-2026 10:35||NIFTY27JAN2625100PE,0.1155140919601481
21-01-2026 10:35||NIFTY27JAN2625500CE,0.1192966814739267
21-01-2026 10:35||NIFTY27JAN2625600CE,0.1226929167315095
21-01-2026 10:35||NIFTY27JAN2625800CE,0.1331102832889932
21-01-2026 10:35||NIFTY27JAN2625900CE,0.1397637346581922
21-01-2026 10:40||NIFTY27JAN2624200PE,0.1830733368588853
21-01-2026 10:40||NIFTY27JAN2624800PE,0.1416781341093844
21-01-2026 10:40||NIFTY27JAN2625200CE,0.1120295574785769
21-01-2026 10:40||NIFTY27JAN2625400CE,0.1156676136555823
21-01-2026 10:40||NIFTY27JAN2626300CE,0.1749781407581475
21-01-2026 10:45||NIFTY27JAN2624700PE,0.1365622606181686
21-01-2026 10:45||NIFTY27JAN2624800PE,0.1304146087358459
21-01-2026 10:45||NIFTY27JAN2625700CE,0.141353064575022
21-01-2026 10:45||NIFTY27JAN2626400CE,0.1922574881504077
21-01-2026 10:45||NIFTY27JAN2626500CE,0.199976146803855
21-01-2026 10:50||NIFTY27JAN2624100PE,0.1945015457174255
21-01-2026 10:50||NIFTY27JAN2624300PE,0.1770352880336825
21-01-2026 10:50||NIFTY27JAN2624400PE,0.1692444720209276
21-01-2026 10:50||NIFTY27JAN2624500PE,0.162087892892579
21-01-2026 10:50||NIFTY27JAN2625400CE,0.1260004026470115
21-01-2026 10:50||NIFTY27JAN2625700CE,0.1410659413487815
21-01-2026 10:50||NIFTY27JAN2625900CE,0.1546359731940726
21-01-2026 10:50||NIFTY27JAN2626400CE,0.1941961656964172
21-01-2026 10:55||NIFTY27JAN2623900PE,0.2108077233044472
21-01-2026 10:55||NIFTY27JAN2624300PE,0.1717784225128164
21-01-2026 10:55||NIFTY27JAN2624800PE,0.1313168264026336
21-01-2026 10:55||NIFTY27JAN2625000PE,0.1179347573009653
21-01-2026 10:55||NIFTY27JAN2625100PE,0.112167062251768
21-01-2026 10:55||NIFTY27JAN2625300CE,0.1407385804315587
21-01-2026 10:55||NIFTY27JAN2625900CE,0.1627455507660714
21-01-2026 10:55||NIFTY27JAN2626200CE,0.18402009440008
21-01-2026 11:00||NIFTY27JAN2624000PE,0.2036972005210993
21-01-2026 11:00||NIFTY27JAN2624300PE,0.1746877050594832
21-01-2026 11:00||NIFTY27JAN2624600PE,0.1503908788490328
21-01-2026 11:00||NIFTY27JAN2624800PE,0.1373919974445115
21-01-2026 11:00||NIFTY27JAN2625100PE,0.1233896700063419
21-01-2026 11:00||NIFTY27JAN2625300CE,0.1340446201032214
21-01-2026 11:05||NIFTY27JAN2624000PE,0.1984576431767415
21-01-2026 11:05||NIFTY27JAN2624100PE,0.1881939833314862
21-01-2026 11:05||NIFTY27JAN2624400PE,0.1600328095398656
21-01-2026 11:05||NIFTY27JAN2625000PE,0.1176597355683366
21-01-2026 11:05||NIFTY27JAN2625200CE,0.1378012341757083
21-01-2026 11:10||NIFTY27JAN2624800PE,0.1257969808644662
21-01-2026 11:10||NIFTY27JAN2625200CE,0.1430085549782596
21-01-2026 11:10||NIFTY27JAN2625300CE,0.1408546119600376
21-01-2026 11:10||NIFTY27JAN2625500CE,0.1409732676583553
21-01-2026 11:10||NIFTY27JAN2625900CE,0.1573442110925892
21-01-2026 11:10||NIFTY27JAN2626100CE,0.1704798474351552
21-01-2026 11:15||NIFTY27JAN2624300PE,0.1714698249861295
21-01-2026 11:15||NIFTY27JAN2625100PE,0.10637467769027
21-01-2026 11:15||NIFTY27JAN2625400CE,0.1386023956899331
21-01-2026 11:20||NIFTY27JAN2623900PE,0.2154627781957775
21-01-2026 11:20||NIFTY27JAN2625800CE,0.1435082872467095
21-01-2026 11:20||NIFTY27JAN2626000CE,0.1563482699825802
21-01-2026 11:20||NIFTY27JAN2626100CE,0.1634642634450647
21-01-2026 11:20||NIFTY27JAN2626400CE,0.1852083674319568
21-01-2026 11:20||NIFTY27JAN2626500CE,0.1925354089906936
21-01-2026 11:25||NIFTY27JAN2624600PE,0.1539790126346104
21-01-2026 11:25||NIFTY27JAN2624800PE,0.139432991240139
21-01-2026 11:30||NIFTY27JAN2623900PE,0.2164896645424266
21-01-2026 11:30||NIFTY27JAN2624000PE,0.2068003227379942
21-01-2026 11:30||NIFTY27JAN2624100PE,0.1971313704551106
21-01-2026 11:30||NIFTY27JAN2624400PE,0.1690283042779122
21-01-2026 11:30||NIFTY27JAN2625400CE,0.1302918188490095
21-01-2026 11:30||NIFTY27JAN2625800CE,0.1446353888480126
21-01-2026 11:30||NIFTY27JAN2626000CE,0.1576991803436954
21-01-2026 11:30||NIFTY27JAN2626500CE,0.1949536951081927
21-01-2026 11:35||NIFTY27JAN2623900PE,0.217235846471587
21-01-2026 11:35||NIFTY27JAN2624600PE,0.1529743671241819
21-01-2026 11:35||NIFTY27JAN2626100CE,0.1640487283980646
21-01-2026 11:35||NIFTY27JAN2626300CE,0.1791897341062639
21-01-2026 11:40||NIFTY27JAN2624800PE,0.1362182287352369
21-01-2026 11:40||NIFTY27JAN2625100PE,0.119172914437012
21-01-2026 11:40||NIFTY27JAN2625200CE,0.1338330755638723
21-01-2026 11:40||NIFTY27JAN2625700CE,0.1394267538580308
21-01-2026 11:45||NIFTY27JAN2624600PE,0.1508155174915311
21-01-2026 11:45||NIFTY27JAN2625100PE,0.1170111512165635
21-01-2026 11:45||NIFTY27JAN2625200CE,0.1339291935930332
21-01-2026 11:45||NIFTY27JAN2625400CE,0.1313456712542237
21-01-2026 11:50||NIFTY27JAN2624000PE,0.2068173241321485
21-01-2026 11:50||NIFTY27JAN2624100PE,0.1968372118040054
21-01-2026 11:50||NIFTY27JAN2624300PE,0.177440313752279
21-01-2026 11:55||NIFTY27JAN2624000PE,0.2070771612649178
21-01-2026 11:55||NIFTY27JAN2624600PE,0.1512257568218493
21-01-2026 11:55||NIFTY27JAN2624700PE,0.1435986498712538
21-01-2026 11:55||NIFTY27JAN2624900PE,0.1294411514186622
21-01-2026 12:00||NIFTY27JAN2624100PE,0.1945376030089145
21-01-2026 12:00||NIFTY27JAN2624200PE,0.1843951681170741
21-01-2026 12:00||NIFTY27JAN2624700PE,0.1374063537493993
21-01-2026 12:00||NIFTY27JAN2624800PE,0.1291084922912324
21-01-2026 12:00||NIFTY27JAN2625600CE,0.1353734136754377
21-01-2026 12:00||NIFTY27JAN2625900CE,0.1472570977623309
21-01-2026 12:05||NIFTY27JAN2623800PE,0.2282744300250067
21-01-2026 12:05||NIFTY27JAN2624100PE,0.1988860326606328
21-01-2026 12:05||NIFTY27JAN2625500CE,0.1252704374660618
21-01-2026 12:05||NIFTY27JAN2626200CE,0.160902046925853
21-01-2026 12:10||NIFTY27JAN2624100PE,0.193819069899957
21-01-2026 12:10||NIFTY27JAN2624200PE,0.1841687407154991
21-01-2026 12:10||NIFTY27JAN2625000PE,0.1150052569304318
21-01-2026 12:10||NIFTY27JAN2625900CE,0.1429295279756219
21-01-2026 12:10||NIFTY27JAN2626500CE,0.1840491447523539
21-01-2026 12:15||NIFTY27JAN2623800PE,0.2263031725316619
21-01-2026 12:15||NIFTY27JAN2624200PE,0.1860552897436682
21-01-2026 12:15||NIFTY27JAN2625400CE,0.1325451215546175
21-01-2026 12:15||NIFTY27JAN2625700CE,0.1342509333262253
21-01-2026 12:20||NIFTY27JAN2624200PE,0.1910275665263003
21-01-2026 12:20||NIFTY27JAN2625000PE,0.1207852249090349
21-01-2026 12:20||NIFTY27JAN2625400CE,0.1277759109360227
21-01-2026 12:20||NIFTY27JAN2625600CE,0.1276261511985347
21-01-2026 12:20||NIFTY27JAN2625700CE,0.1301354132229996
21-01-2026 12:20||NIFTY27JAN2626300CE,0.1630925732147184
21-01-2026 12:25||NIFTY27JAN2624000PE,0.2188344005304549
21-01-2026 12:25||NIFTY27JAN2624500PE,0.1722678019804016
21-01-2026 12:25||NIFTY27JAN2624600PE,0.1638667608430035
21-01-2026 12:25||NIFTY27JAN2624700PE,0.155981127991353
21-01-2026 12:25||NIFTY27JAN2625700CE,0.1227640432998906
21-01-2026 12:25||NIFTY27JAN2626500CE,0.1764338992171027
21-01-2026 12:30||NIFTY27JAN2624100PE,0.2047078870863512
21-01-2026 12:30||NIFTY27JAN2624200PE,0.1946381405632655
21-01-2026 12:30||NIFTY27JAN2625300CE,0.1367712835677291
21-01-2026 12:30||NIFTY27JAN2625800CE,0.1348546552830533
21-01-2026 12:35||NIFTY27JAN2624000PE,0.2144770454214898
21-01-2026 12:35||NIFTY27JAN2624100PE,0.2048617041850422
21-01-2026 12:35||NIFTY27JAN2625600CE,0.1314381509377488
21-01-2026 12:35||NIFTY27JAN2626400CE,0.1673542802078909
21-01-2026 12:40||NIFTY27JAN2624500PE,0.1746990594661117
21-01-2026 12:40||NIFTY27JAN2624700PE,0.1574257064912418
21-01-2026 12:40||NIFTY27JAN2624800PE,0.1492226806509509
21-01-2026 12:40||NIFTY27JAN2625200CE,0.1361777558583694
21-01-2026 12:40||NIFTY27JAN2625400CE,0.1277967023273016
21-01-2026 12:40||NIFTY27JAN2625900CE,0.1325601823741812
21-01-2026 12:45||NIFTY27JAN2623800PE,0.2440668808575057
21-01-2026 12:45||NIFTY27JAN2624400PE,0.1868933596287609
21-01-2026 12:45||NIFTY27JAN2625300CE,0.1404536517726441
21-01-2026 12:45||NIFTY27JAN2625800CE,0.1305454175982122
21-01-2026 12:45||NIFTY27JAN2626200CE,0.1475543694878671
21-01-2026 12:50||NIFTY27JAN2623800PE,0.2475885759325658
21-01-2026 12:50||NIFTY27JAN2624100PE,0.219419268025986
21-01-2026 12:50||NIFTY27JAN2625200CE,0.1499259536363856
21-01-2026 12:50||NIFTY27JAN2625500CE,0.1321437121462382
21-01-2026 12:50||NIFTY27JAN2625600CE,0.1300115469298786
21-01-2026 12:55||NIFTY27JAN2625300CE,0.1332477441690709
21-01-2026 12:55||NIFTY27JAN2625400CE,0.1287956304906914
21-01-2026 12:55||NIFTY27JAN2625600CE,0.124918465911278
21-01-2026 12:55||NIFTY27JAN2625700CE,0.1254955405001866
21-01-2026 12:55||NIFTY27JAN2625800CE,0.1272465270689191
21-01-2026 12:55||NIFTY27JAN2625900CE,0.1301772468963682
21-01-2026 12:55||NIFTY27JAN2626500CE,0.1644425616679418
21-01-2026 13:00||NIFTY27JAN2624600PE,0.1752374786383357
21-01-2026 13:00||NIFTY27JAN2624700PE,0.166307418301493
21-01-2026 13:00||NIFTY27JAN2626100CE,0.1392984271854417
21-01-2026 13:05||NIFTY27JAN2623800PE,0.2516930436532171
21-01-2026 13:05||NIFTY27JAN2623900PE,0.2422916685680422
21-01-2026 13:05||NIFTY27JAN2624100PE,0.2236773117502533
21-01-2026 13:05||NIFTY27JAN2625600CE,0.1168223595959987
21-01-2026 13:05||NIFTY27JAN2626300CE,0.1498970470036089
21-01-2026 13:05||NIFTY27JAN2626400CE,0.1570541891577389
21-01-2026 13:10||NIFTY27JAN2625800CE,0.1294821162696406
21-01-2026 13:10||NIFTY27JAN2626200CE,0.148540619650487
21-01-2026 13:15||NIFTY27JAN2624400PE,0.1889776322144734
21-01-2026 13:15||NIFTY27JAN2625400CE,0.1254509067286631
21-01-2026 13:15||NIFTY27JAN2625800CE,0.126669036973579
21-01-2026 13:20||NIFTY27JAN2623800PE,0.2465881745490752
21-01-2026 13:20||NIFTY27JAN2623900PE,0.2372152307350839
21-01-2026 13:20||NIFTY27JAN2624600PE,0.1723894815181789
21-01-2026 13:20||NIFTY27JAN2624800PE,0.1558342270524091
21-01-2026 13:20||NIFTY27JAN2625400CE,0.122309870949032
21-01-2026 13:20||NIFTY27JAN2626200CE,0.1474937550626781
21-01-2026 13:25||NIFTY27JAN2624200PE,0.2047661776564412
21-01-2026 13:25||NIFTY27JAN2624300PE,0.1951789912155683
21-01-2026 13:25||NIFTY27JAN2624900PE,0.1440507506611866
21-01-2026 13:25||NIFTY27JAN2625000PE,0.1371452634263555
21-01-2026 13:25||NIFTY27JAN2625200CE,0.1344328876004563
21-01-2026 13:25||NIFTY27JAN2625700CE,0.1260936727253951
21-01-2026 13:25||NIFTY27JAN2626000CE,0.1379305944622994
21-01-2026 13:25||NIFTY27JAN2626300CE,0.1571390315043379
21-01-2026 13:30||NIFTY27JAN2624000PE,0.2283250524224525
21-01-2026 13:30||NIFTY27JAN2624400PE,0.1906765954717565
21-01-2026 13:30||NIFTY27JAN2625200CE,0.1169749546127308
21-01-2026 13:30||NIFTY27JAN2625300CE,0.1153174397902893
21-01-2026 13:30||NIFTY27JAN2625800CE,0.1233317715262343
21-01-2026 13:30||NIFTY27JAN2626200CE,0.1476901088128614
21-01-2026 13:30||NIFTY27JAN2626300CE,0.1549871963889391
21-01-2026 13:35||NIFTY27JAN2623800PE,0.2376323137278575
21-01-2026 13:35||NIFTY27JAN2624000PE,0.2182642291754912
21-01-2026 13:35||NIFTY27JAN2624700PE,0.1542014544180592
21-01-2026 13:35||NIFTY27JAN2624800PE,0.145901433300971
21-01-2026 13:35||NIFTY27JAN2625800CE,0.134519584418194
21-01-2026 13:35||NIFTY27JAN2626300CE,0.1601760809099997
21-01-2026 13:40||NIFTY27JAN2624600PE,0.1670982040238343
21-01-2026 13:40||NIFTY27JAN2624800PE,0.1515043641109268
21-01-2026 13:40||NIFTY27JAN2625300CE,0.128890485251098
21-01-2026 13:40||NIFTY27JAN2625800CE,0.1298722949839023
21-01-2026 13:40||NIFTY27JAN2626200CE,0.1512156829283028
21-01-2026 13:45||NIFTY27JAN2624800PE,0.1508219329922917
21-01-2026 13:45||NIFTY27JAN2625400CE,0.125163988263558
21-01-2026 13:45||NIFTY27JAN2625900CE,0.1334971666499597
21-01-2026 13:50||NIFTY27JAN2625100PE,0.1355412267719349
21-01-2026 13:50||NIFTY27JAN2626100CE,0.1453503135011036
21-01-2026 13:55||NIFTY27JAN2624300PE,0.1927299647902046
21-01-2026 13:55||NIFTY27JAN2624400PE,0.1836121367936688
21-01-2026 13:55||NIFTY27JAN2625500CE,0.1219697090917267
21-01-2026 13:55||NIFTY27JAN2625700CE,0.126306291254695
21-01-2026 14:00||NIFTY27JAN2623800PE,0.2344165471165745
21-01-2026 14:00||NIFTY27JAN2624200PE,0.1961848544601278
21-01-2026 14:00||NIFTY27JAN2624600PE,0.1606611790946144
21-01-2026 14:00||NIFTY27JAN2625000PE,0.1328593925191712
21-01-2026 14:00||NIFTY27JAN2625200CE,0.1313707419184663
21-01-2026 14:05||NIFTY27JAN2624500PE,0.1695061659876198
21-01-2026 14:05||NIFTY27JAN2625000PE,0.1353544654554429
21-01-2026 14:05||NIFTY27JAN2625400CE,0.1199067209856348
21-01-2026 14:05||NIFTY27JAN2626100CE,0.1456711278330241
21-01-2026 14:05||NIFTY27JAN2626500CE,0.1776297863439844
21-01-2026 14:10||NIFTY27JAN2624000PE,0.2116265751764119
21-01-2026 14:10||NIFTY27JAN2624100PE,0.2021927505066177
21-01-2026 14:10||NIFTY27JAN2624400PE,0.1746921456129312
21-01-2026 14:10||NIFTY27JAN2624500PE,0.1659299394274999
21-01-2026 14:10||NIFTY27JAN2625000PE,0.1318076509936599
21-01-2026 14:10||NIFTY27JAN2625200CE,0.1231082114443942
21-01-2026 14:10||NIFTY27JAN2626000CE,0.1406594540930809
21-01-2026 14:10||NIFTY27JAN2626400CE,0.171228616124916
21-01-2026 14:10||NIFTY27JAN2626500CE,0.1798769353122538
21-01-2026 14:15||NIFTY27JAN2624700PE,0.1425291816156129
21-01-2026 14:15||NIFTY27JAN2625400CE,0.1306230757845897
21-01-2026 14:15||NIFTY27JAN2625800CE,0.1334983923882567
21-01-2026 14:15||NIFTY27JAN2626100CE,0.1483797439458462
21-01-2026 14:20||NIFTY27JAN2624000PE,0.2149592181006915
21-01-2026 14:20||NIFTY27JAN2624300PE,0.1871304252106319
21-01-2026 14:20||NIFTY27JAN2624700PE,0.1553967817041102
21-01-2026 14:20||NIFTY27JAN2625200CE,0.1127513712219965
21-01-2026 14:20||NIFTY27JAN2625600CE,0.1161875844757673
21-01-2026 14:20||NIFTY27JAN2626100CE,0.1422763581244412
21-01-2026 14:20||NIFTY27JAN2626500CE,0.17319960542535
21-01-2026 14:25||NIFTY27JAN2623900PE,0.2210402762778989
21-01-2026 14:25||NIFTY27JAN2624800PE,0.1479679934238192
21-01-2026 14:25||NIFTY27JAN2624900PE,0.1423194467990776
21-01-2026 14:25||NIFTY27JAN2625100PE,0.1346964409947297
21-01-2026 14:25||NIFTY27JAN2626500CE,0.1778810183694998
21-01-2026 14:30||NIFTY27JAN2624500PE,0.1591963760412374
21-01-2026 14:30||NIFTY27JAN2624600PE,0.1505387789468367
21-01-2026 14:30||NIFTY27JAN2624800PE,0.1347535177505587
21-01-2026 14:30||NIFTY27JAN2625200CE,0.1343163433125902
21-01-2026 14:30||NIFTY27JAN2625300CE,0.1314802298490537
21-01-2026 14:30||NIFTY27JAN2626300CE,0.1634720445257158
21-01-2026 14:35||NIFTY27JAN2624200PE,0.1880776451463127
21-01-2026 14:35||NIFTY27JAN2624700PE,0.1448300225245442
21-01-2026 14:35||NIFTY27JAN2624800PE,0.1381338249944882
21-01-2026 14:35||NIFTY27JAN2625100PE,0.1206563919138197
21-01-2026 14:35||NIFTY27JAN2625200CE,0.1280385918515446
21-01-2026 14:35||NIFTY27JAN2625800CE,0.1316273006032163
21-01-2026 14:35||NIFTY27JAN2626100CE,0.1479511582169946
21-01-2026 14:40||NIFTY27JAN2624000PE,0.2084148219777405
21-01-2026 14:40||NIFTY27JAN2624200PE,0.1897662172738815
21-01-2026 14:40||NIFTY27JAN2624500PE,0.1638896011045056
21-01-2026 14:40||NIFTY27JAN2624600PE,0.1563092937302133
21-01-2026 14:40||NIFTY27JAN2624700PE,0.1492617811305099
21-01-2026 14:40||NIFTY27JAN2625100PE,0.1278625224268379
21-01-2026 14:40||NIFTY27JAN2625200CE,0.1209536961670226
21-01-2026 14:40||NIFTY27JAN2625400CE,0.1183061488488104
21-01-2026 14:40||NIFTY27JAN2625800CE,0.1282907068927173
21-01-2026 14:40||NIFTY27JAN2626200CE,0.1527700971305191
21-01-2026 14:45||NIFTY27JAN2624500PE,0.1615684596514017
21-01-2026 14:45||NIFTY27JAN2625400CE,0.1215298098018186
21-01-2026 14:45||NIFTY27JAN2625900CE,0.1345623571712439
21-01-2026 14:45||NIFTY27JAN2626100CE,0.1465484442246634
21-01-2026 14:50||NIFTY27JAN2623900PE,0.214211723385223
21-01-2026 14:50||NIFTY27JAN2624900PE,0.1346287752526485
21-01-2026 14:50||NIFTY27JAN2625200CE,0.1199363599047765
21-01-2026 14:50||NIFTY27JAN2625300CE,0.1186658257683778
21-01-2026 14:50||NIFTY27JAN2625500CE,0.1187430318803821
21-01-2026 14:50||NIFTY27JAN2625800CE,0.1273656233586045
21-01-2026 14:50||NIFTY27JAN2626300CE,0.1591846154257176
21-01-2026 14:55||NIFTY27JAN2624200PE,0.187060148106872
21-01-2026 14:55||NIFTY27JAN2625300CE,0.1194368103465165
21-01-2026 14:55||NIFTY27JAN2625700CE,0.123757973785776
21-01-2026 14:55||NIFTY27JAN2626100CE,0.1451264744105192
21-01-2026 15:00||NIFTY27JAN2623900PE,0.2148134704248056
21-01-2026 15:00||NIFTY27JAN2624100PE,0.1946885292637142
21-01-2026 15:00||NIFTY27JAN2624500PE,0.1570114793527758
21-01-2026 15:00||NIFTY27JAN2624800PE,0.1338543039744131
21-01-2026 15:00||NIFTY27JAN2625000PE,0.1210765043763472
21-01-2026 15:00||NIFTY27JAN2625200CE,0.1322044223841685
21-01-2026 15:00||NIFTY27JAN2625300CE,0.1282972953514836
21-01-2026 15:00||NIFTY27JAN2625600CE,0.1241963810020203
21-01-2026 15:00||NIFTY27JAN2626400CE,0.1669671669511238
21-01-2026 15:05||NIFTY27JAN2624300PE,0.1788536633955189
21-01-2026 15:05||NIFTY27JAN2625100PE,0.1282493653868326
21-01-2026 15:05||NIFTY27JAN2626200CE,0.149721123011006
21-01-2026 15:10||NIFTY27JAN2624300PE,0.1794704909650691
21-01-2026 15:10||NIFTY27JAN2624500PE,0.1627281377316836
21-01-2026 15:10||NIFTY27JAN2624600PE,0.1552073057799872
21-01-2026 15:10||NIFTY27JAN2625700CE,0.1199741005829925
21-01-2026 15:10||NIFTY27JAN2625800CE,0.1245573144487492
21-01-2026 15:10||NIFTY27JAN2625900CE,0.1298829584606622
21-01-2026 15:10||NIFTY27JAN2626500CE,0.1759297011129619
21-01-2026 15:15||NIFTY27JAN2624200PE,0.1865164335531638
21-01-2026 15:15||NIFTY27JAN2624300PE,0.177253691147687
21-01-2026 15:15||NIFTY27JAN2624800PE,0.139345037878301
21-01-2026 15:15||NIFTY27JAN2624900PE,0.1337798621800083
21-01-2026 15:15||NIFTY27JAN2625200CE,0.118865121144321
21-01-2026 15:15||NIFTY27JAN2625300CE,0.1172538996824814
21-01-2026 15:15||NIFTY27JAN2625600CE,0.1186385330880044
21-01-2026 15:15||NIFTY27JAN2625700CE,0.1215709656377895
21-01-2026 15:15||NIFTY27JAN2625900CE,0.1307233852698766
21-01-2026 15:15||NIFTY27JAN2626200CE,0.1520105261078555
21-01-2026 15:20||NIFTY27JAN2623800PE,0.2231080293520158
21-01-2026 15:20||NIFTY27JAN2624800PE,0.1402121927707976
21-01-2026 15:20||NIFTY27JAN2625100PE,0.1269665779898475
21-01-2026 15:20||NIFTY27JAN2625400CE,0.1113510220508788
21-01-2026 15:20||NIFTY27JAN2625600CE,0.114859870711611
21-01-2026 15:25||NIFTY27JAN2623800PE,0.2213421749463069
21-01-2026 15:25||NIFTY27JAN2624200PE,0.1813682640515858
21-01-2026 15:25||NIFTY27JAN2624500PE,0.1536296192590804
21-01-2026 15:25||NIFTY27JAN2624800PE,0.1303086350895217
21-01-2026 15:25||NIFTY27JAN2625100PE,0.11399385725942
21-01-2026 15:25||NIFTY27JAN2626200CE,0.1502492778737345
22-01-2026 09:15||NIFTY27JAN2623800PE,0.2466482421803122
22-01-2026 09:15||NIFTY27JAN2625100PE,0.1280247591491181
22-01-2026 09:15||NIFTY27JAN2625300CE,0.1020445118702455
22-01-2026 09:20||NIFTY27JAN2623900PE,0.2336726701302477
22-01-2026 09:20||NIFTY27JAN2624000PE,0.2222661006257461
22-01-2026 09:20||NIFTY27JAN2624300PE,0.1883092289220931
22-01-2026 09:20||NIFTY27JAN2624500PE,0.1669269883815881
22-01-2026 09:20||NIFTY27JAN2624800PE,0.1389382338048161
22-01-2026 09:20||NIFTY27JAN2625200CE,0.1164815253484748
22-01-2026 09:20||NIFTY27JAN2626300CE,0.1504777546465111
22-01-2026 09:25||NIFTY27JAN2624700PE,0.1453804397521149
22-01-2026 09:25||NIFTY27JAN2625000PE,0.118129106691345
22-01-2026 09:25||NIFTY27JAN2625200CE,0.1457474859553672
22-01-2026 09:25||NIFTY27JAN2625500CE,0.125383143975034
22-01-2026 09:25||NIFTY27JAN2625600CE,0.1227250945456961
22-01-2026 09:25||NIFTY27JAN2626200CE,0.1440417773426788
22-01-2026 09:30||NIFTY27JAN2624600PE,0.2017218618578029
22-01-2026 09:30||NIFTY27JAN2624800PE,0.1725455235760892
22-01-2026 09:30||NIFTY27JAN2624900PE,0.1586473966864843
22-01-2026 09:30||NIFTY27JAN2625100PE,0.1313782906825461
22-01-2026 09:30||NIFTY27JAN2625500CE,0.1158498279977287
22-01-2026 09:30||NIFTY27JAN2625800CE,0.1192123778767956
22-01-2026 09:30||NIFTY27JAN2626000CE,0.1293399226500831
22-01-2026 09:30||NIFTY27JAN2626300CE,0.1512923712829461
22-01-2026 09:35||NIFTY27JAN2624100PE,0.2784849777327889
22-01-2026 09:40||NIFTY27JAN2624100PE,0.2668901454351784
22-01-2026 09:40||NIFTY27JAN2624500PE,0.2178939569093571
22-01-2026 09:40||NIFTY27JAN2626000CE,0.1317016179227036
22-01-2026 09:40||NIFTY27JAN2626200CE,0.14595149528684
22-01-2026 09:45||NIFTY27JAN2623900PE,0.2793345346550605
22-01-2026 09:45||NIFTY27JAN2624200PE,0.2460670375285056
22-01-2026 09:50||NIFTY27JAN2623900PE,0.2735435399041216
22-01-2026 09:50||NIFTY27JAN2624100PE,0.2528058560674318
22-01-2026 09:50||NIFTY27JAN2624900PE,0.163323645251584
22-01-2026 09:50||NIFTY27JAN2625000PE,0.1528103495791603
22-01-2026 09:50||NIFTY27JAN2625600CE,0.1082549847394601
22-01-2026 09:50||NIFTY27JAN2625800CE,0.1149759481765343
22-01-2026 09:50||NIFTY27JAN2625900CE,0.1201313996214693
22-01-2026 09:50||NIFTY27JAN2626300CE,0.1475536345799544
22-01-2026 09:50||NIFTY27JAN2626500CE,0.1629806568006784
22-01-2026 09:55||NIFTY27JAN2624700PE,0.1658437592973917
22-01-2026 09:55||NIFTY27JAN2624800PE,0.1548773573415366
22-01-2026 09:55||NIFTY27JAN2624900PE,0.1444603281926925
22-01-2026 09:55||NIFTY27JAN2625200CE,0.135840067971311
22-01-2026 09:55||NIFTY27JAN2625500CE,0.1192767107451264
22-01-2026 10:00||NIFTY27JAN2624200PE,0.218608399709839
22-01-2026 10:00||NIFTY27JAN2624700PE,0.1639082842623583
22-01-2026 10:00||NIFTY27JAN2625100PE,0.1312707664901016
22-01-2026 10:00||NIFTY27JAN2625400CE,0.1050601056364608
22-01-2026 10:00||NIFTY27JAN2625600CE,0.105064910963119
22-01-2026 10:00||NIFTY27JAN2626100CE,0.1282589656977634
22-01-2026 10:00||NIFTY27JAN2626500CE,0.1592476252819419
22-01-2026 10:05||NIFTY27JAN2624500PE,0.185171906336852
22-01-2026 10:05||NIFTY27JAN2624800PE,0.1527698855820941
22-01-2026 10:05||NIFTY27JAN2625000PE,0.1344674685246235
22-01-2026 10:05||NIFTY27JAN2625400CE,0.1103065757478745
22-01-2026 10:05||NIFTY27JAN2625700CE,0.1102356914617744
22-01-2026 10:05||NIFTY27JAN2625800CE,0.1133442642083724
22-01-2026 10:05||NIFTY27JAN2626100CE,0.1302617401218635
22-01-2026 10:05||NIFTY27JAN2626400CE,0.1528201792790324
22-01-2026 10:10||NIFTY27JAN2623800PE,0.2575041733640802
22-01-2026 10:10||NIFTY27JAN2624200PE,0.2145050648549879
22-01-2026 10:10||NIFTY27JAN2624300PE,0.2036547025197263
22-01-2026 10:10||NIFTY27JAN2624500PE,0.1812676435015905
22-01-2026 10:10||NIFTY27JAN2624800PE,0.1485379929201035
22-01-2026 10:10||NIFTY27JAN2625300CE,0.1267142068725721
22-01-2026 10:10||NIFTY27JAN2625500CE,0.1163676497012537
22-01-2026 10:10||NIFTY27JAN2626200CE,0.1417882334197029
22-01-2026 10:10||NIFTY27JAN2626300CE,0.1491356329641894
22-01-2026 10:15||NIFTY27JAN2623900PE,0.2480418268561885
22-01-2026 10:15||NIFTY27JAN2624400PE,0.1970322822731569
22-01-2026 10:15||NIFTY27JAN2625000PE,0.1390123962929757
22-01-2026 10:15||NIFTY27JAN2625300CE,0.0983604068372195
22-01-2026 10:15||NIFTY27JAN2625400CE,0.0982949325551007
22-01-2026 10:20||NIFTY27JAN2624000PE,0.2259886412393603
22-01-2026 10:20||NIFTY27JAN2625000PE,0.1253473123844187
22-01-2026 10:20||NIFTY27JAN2625100PE,0.1189073869960468
22-01-2026 10:20||NIFTY27JAN2625400CE,0.1206807655142104
22-01-2026 10:20||NIFTY27JAN2625500CE,0.1170693655722003
22-01-2026 10:20||NIFTY27JAN2625600CE,0.1159905762596474
22-01-2026 10:20||NIFTY27JAN2625900CE,0.1248524758294584
22-01-2026 10:25||NIFTY27JAN2623900PE,0.2298596784110756
22-01-2026 10:25||NIFTY27JAN2624000PE,0.2196934350724756
22-01-2026 10:25||NIFTY27JAN2624200PE,0.1989875138221378
22-01-2026 10:25||NIFTY27JAN2625100PE,0.1288294063338985
22-01-2026 10:25||NIFTY27JAN2625900CE,0.1189414659283565
22-01-2026 10:25||NIFTY27JAN2626300CE,0.1496399798622895
22-01-2026 10:30||NIFTY27JAN2624300PE,0.1832728026948205
22-01-2026 10:30||NIFTY27JAN2625800CE,0.1250566987474528
22-01-2026 10:30||NIFTY27JAN2626100CE,0.1432399604531264
22-01-2026 10:35||NIFTY27JAN2625100PE,0.1243468392130939
22-01-2026 10:35||NIFTY27JAN2625200CE,0.1065693264468561
22-01-2026 10:35||NIFTY27JAN2625300CE,0.104599215138896
22-01-2026 10:35||NIFTY27JAN2625400CE,0.1040717017879273
22-01-2026 10:35||NIFTY27JAN2625800CE,0.1163764703837252
22-01-2026 10:40||NIFTY27JAN2624300PE,0.1829486866944719
22-01-2026 10:40||NIFTY27JAN2624600PE,0.1538437227264397
22-01-2026 10:40||NIFTY27JAN2625000PE,0.1236546355750853
22-01-2026 10:40||NIFTY27JAN2625800CE,0.1213367896394676
22-01-2026 10:40||NIFTY27JAN2625900CE,0.1268984305130392
22-01-2026 10:40||NIFTY27JAN2626000CE,0.1335681183952474
22-01-2026 10:45||NIFTY27JAN2623900PE,0.2266350309638363
22-01-2026 10:45||NIFTY27JAN2625000PE,0.126596338229969
22-01-2026 10:45||NIFTY27JAN2625400CE,0.1110990234501882
22-01-2026 10:45||NIFTY27JAN2625500CE,0.1112686467559495
22-01-2026 10:45||NIFTY27JAN2625700CE,0.1162764097792419
22-01-2026 10:45||NIFTY27JAN2625900CE,0.1269949173899281
22-01-2026 10:45||NIFTY27JAN2626400CE,0.1670931339134006
22-01-2026 10:45||NIFTY27JAN2626500CE,0.1763089854686811
22-01-2026 10:50||NIFTY27JAN2623900PE,0.2258837242507741
22-01-2026 10:50||NIFTY27JAN2624400PE,0.1738207493917399
22-01-2026 10:50||NIFTY27JAN2624500PE,0.1641535119046086
22-01-2026 10:50||NIFTY27JAN2624600PE,0.1547201111884969
22-01-2026 10:50||NIFTY27JAN2624900PE,0.1310627615023868
22-01-2026 10:50||NIFTY27JAN2625000PE,0.1249189084888438
22-01-2026 10:50||NIFTY27JAN2625300CE,0.1154971483467763
22-01-2026 10:50||NIFTY27JAN2625700CE,0.1192098268652138
22-01-2026 10:50||NIFTY27JAN2625900CE,0.1299722869102446
22-01-2026 10:50||NIFTY27JAN2626000CE,0.1366512820324414
22-01-2026 10:50||NIFTY27JAN2626300CE,0.1603893650259025
22-01-2026 10:55||NIFTY27JAN2624000PE,0.2189492616798797
22-01-2026 10:55||NIFTY27JAN2624200PE,0.1992987235980214
22-01-2026 10:55||NIFTY27JAN2624600PE,0.1632380138561753
22-01-2026 10:55||NIFTY27JAN2625900CE,0.1278460770270988
22-01-2026 11:00||NIFTY27JAN2624400PE,0.1739436014706187
22-01-2026 11:00||NIFTY27JAN2624800PE,0.1409530154831353
22-01-2026 11:00||NIFTY27JAN2626300CE,0.1639318279085535
22-01-2026 11:05||NIFTY27JAN2624500PE,0.1630940990223191
22-01-2026 11:05||NIFTY27JAN2624800PE,0.1390135451826488
22-01-2026 11:05||NIFTY27JAN2625500CE,0.1200945000642551
22-01-2026 11:05||NIFTY27JAN2625600CE,0.1221719336464914
22-01-2026 11:05||NIFTY27JAN2625900CE,0.1362969511127979
22-01-2026 11:05||NIFTY27JAN2626200CE,0.1578579890991919
22-01-2026 11:10||NIFTY27JAN2623800PE,0.2338688225652103
22-01-2026 11:10||NIFTY27JAN2624300PE,0.1835889327561691
22-01-2026 11:10||NIFTY27JAN2624600PE,0.1583349001908505
22-01-2026 11:10||NIFTY27JAN2624700PE,0.1506723126130281
22-01-2026 11:10||NIFTY27JAN2625000PE,0.1311454801194275
22-01-2026 11:10||NIFTY27JAN2625100PE,0.1259266672655551
22-01-2026 11:10||NIFTY27JAN2625400CE,0.1157290385312652
22-01-2026 11:10||NIFTY27JAN2625800CE,0.1287823223237874
22-01-2026 11:10||NIFTY27JAN2626100CE,0.1487340777632706
22-01-2026 11:15||NIFTY27JAN2623900PE,0.2226165991044351
22-01-2026 11:15||NIFTY27JAN2624300PE,0.1822687854271686
22-01-2026 11:15||NIFTY27JAN2625600CE,0.1198742716095341
22-01-2026 11:15||NIFTY27JAN2625800CE,0.129370558075604
22-01-2026 11:15||NIFTY27JAN2626100CE,0.1501416504057665
22-01-2026 11:15||NIFTY27JAN2626200CE,0.1579053112806337
22-01-2026 11:15||NIFTY27JAN2626400CE,0.1737214538271359
22-01-2026 11:15||NIFTY27JAN2626500CE,0.1819663635405266
22-01-2026 11:20||NIFTY27JAN2623900PE,0.2192936286073838
22-01-2026 11:20||NIFTY27JAN2624700PE,0.1414558892054372
22-01-2026 11:20||NIFTY27JAN2624800PE,0.1337227779035806
22-01-2026 11:20||NIFTY27JAN2625600CE,0.1266787803196528
22-01-2026 11:20||NIFTY27JAN2625900CE,0.1386270590899485
22-01-2026 11:25||NIFTY27JAN2623800PE,0.2363121393511885
22-01-2026 11:25||NIFTY27JAN2623900PE,0.2260988178892007
22-01-2026 11:25||NIFTY27JAN2624000PE,0.2157387568111608
22-01-2026 11:25||NIFTY27JAN2624500PE,0.1670479391205933
22-01-2026 11:25||NIFTY27JAN2624600PE,0.1584548733692497
22-01-2026 11:25||NIFTY27JAN2625800CE,0.1246428263169891
22-01-2026 11:25||NIFTY27JAN2625900CE,0.1304813638674412
22-01-2026 11:25||NIFTY27JAN2626500CE,0.1762341819032065
22-01-2026 11:30||NIFTY27JAN2624300PE,0.1799436650760903
22-01-2026 11:30||NIFTY27JAN2625800CE,0.1307871033709263
22-01-2026 11:30||NIFTY27JAN2626000CE,0.1424946869849593
22-01-2026 11:35||NIFTY27JAN2624200PE,0.1922621162589632
22-01-2026 11:35||NIFTY27JAN2625500CE,0.1161035253155693
22-01-2026 11:35||NIFTY27JAN2625900CE,0.1334281811079871
22-01-2026 11:40||NIFTY27JAN2624200PE,0.1922772251719994
22-01-2026 11:40||NIFTY27JAN2624700PE,0.150021601995776
22-01-2026 11:40||NIFTY27JAN2625200CE,0.1115527341204253
22-01-2026 11:40||NIFTY27JAN2626300CE,0.1671481956655356
22-01-2026 11:45||NIFTY27JAN2623900PE,0.2183759129344076
22-01-2026 11:45||NIFTY27JAN2624400PE,0.1675991809559952
22-01-2026 11:45||NIFTY27JAN2625000PE,0.1239232757513954
22-01-2026 11:45||NIFTY27JAN2626500CE,0.1872514920345453
22-01-2026 11:50||NIFTY27JAN2624500PE,0.1633266159007468
22-01-2026 11:50||NIFTY27JAN2624800PE,0.1412123811272442
22-01-2026 11:50||NIFTY27JAN2625200CE,0.1195261851062983
22-01-2026 11:50||NIFTY27JAN2625700CE,0.1269950211467214
22-01-2026 11:50||NIFTY27JAN2626200CE,0.160354038967303
22-01-2026 11:50||NIFTY27JAN2626300CE,0.1684269553414698
22-01-2026 11:55||NIFTY27JAN2624000PE,0.2094489455853266
22-01-2026 11:55||NIFTY27JAN2625000PE,0.1315759027286254
22-01-2026 12:00||NIFTY27JAN2623800PE,0.228093496164699
22-01-2026 12:00||NIFTY27JAN2624300PE,0.175898483899342
22-01-2026 12:00||NIFTY27JAN2625600CE,0.1310724772681247
22-01-2026 12:00||NIFTY27JAN2625700CE,0.134235151313461
22-01-2026 12:00||NIFTY27JAN2626100CE,0.1590204876574913
22-01-2026 12:00||NIFTY27JAN2626400CE,0.1837020552197491
22-01-2026 12:05||NIFTY27JAN2624300PE,0.1788871458792454
22-01-2026 12:05||NIFTY27JAN2625600CE,0.1263992041230285
22-01-2026 12:05||NIFTY27JAN2625700CE,0.1295637496467203
22-01-2026 12:05||NIFTY27JAN2626000CE,0.1466393274047626
22-01-2026 12:05||NIFTY27JAN2626300CE,0.1701437610441461
22-01-2026 12:10||NIFTY27JAN2624000PE,0.2086282181559636
22-01-2026 12:10||NIFTY27JAN2624500PE,0.1591217822771193
22-01-2026 12:10||NIFTY27JAN2625500CE,0.1234873645884419
22-01-2026 12:10||NIFTY27JAN2625800CE,0.1333268366802316
22-01-2026 12:10||NIFTY27JAN2626100CE,0.1527074576142531
22-01-2026 12:15||NIFTY27JAN2623800PE,0.2289573059820825
22-01-2026 12:15||NIFTY27JAN2624000PE,0.2077190274257503
22-01-2026 12:15||NIFTY27JAN2624500PE,0.1577684431001955
22-01-2026 12:15||NIFTY27JAN2626100CE,0.1531427514234108
22-01-2026 12:15||NIFTY27JAN2626400CE,0.1775148938578493
22-01-2026 12:15||NIFTY27JAN2626500CE,0.186168039243979
22-01-2026 12:20||NIFTY27JAN2624800PE,0.1439758989203216
22-01-2026 12:20||NIFTY27JAN2624900PE,0.1384218266737142
22-01-2026 12:20||NIFTY27JAN2625900CE,0.1316862106143857
22-01-2026 12:20||NIFTY27JAN2626000CE,0.1387069635380009
22-01-2026 12:20||NIFTY27JAN2626500CE,0.1795476383732537
22-01-2026 12:25||NIFTY27JAN2623900PE,0.2207746187292092
22-01-2026 12:25||NIFTY27JAN2624200PE,0.1889518785837814
22-01-2026 12:25||NIFTY27JAN2624700PE,0.1424155794076813
22-01-2026 12:25||NIFTY27JAN2624800PE,0.1346537455222056
22-01-2026 12:25||NIFTY27JAN2625300CE,0.1255383133271997
22-01-2026 12:30||NIFTY27JAN2624200PE,0.1893575374857262
22-01-2026 12:30||NIFTY27JAN2624400PE,0.169156139084277
22-01-2026 12:30||NIFTY27JAN2624500PE,0.1598159693555844
22-01-2026 12:30||NIFTY27JAN2625100PE,0.1163679933193777
22-01-2026 12:30||NIFTY27JAN2625700CE,0.1252024807019726
22-01-2026 12:30||NIFTY27JAN2625800CE,0.1292940110258197
22-01-2026 12:30||NIFTY27JAN2625900CE,0.1346380777247625
22-01-2026 12:30||NIFTY27JAN2626400CE,0.1729020808744512
22-01-2026 12:35||NIFTY27JAN2623800PE,0.2336990742969932
22-01-2026 12:35||NIFTY27JAN2624400PE,0.1716642744520697
22-01-2026 12:35||NIFTY27JAN2626100CE,0.1464093426488975
22-01-2026 12:35||NIFTY27JAN2626300CE,0.1633913021992336
22-01-2026 12:40||NIFTY27JAN2624100PE,0.1981563469512514
22-01-2026 12:40||NIFTY27JAN2626200CE,0.157387393653046
22-01-2026 12:45||NIFTY27JAN2624700PE,0.1434547813898936
22-01-2026 12:45||NIFTY27JAN2624900PE,0.1298530215505693
22-01-2026 12:45||NIFTY27JAN2625200CE,0.1155102879085922
22-01-2026 12:45||NIFTY27JAN2625700CE,0.1204290571407584
22-01-2026 12:45||NIFTY27JAN2625800CE,0.1254083138354895
22-01-2026 12:45||NIFTY27JAN2626000CE,0.1383376655087945
22-01-2026 12:45||NIFTY27JAN2626100CE,0.145963295447834
22-01-2026 12:45||NIFTY27JAN2626200CE,0.1542796469267195
22-01-2026 12:45||NIFTY27JAN2626300CE,0.1630216485311083
22-01-2026 12:45||NIFTY27JAN2626400CE,0.1719583656127545
22-01-2026 12:50||NIFTY27JAN2624200PE,0.1890459594794506
22-01-2026 12:50||NIFTY27JAN2624300PE,0.1790119785841239
22-01-2026 12:50||NIFTY27JAN2624900PE,0.1322347460169842
22-01-2026 12:50||NIFTY27JAN2625900CE,0.1309767914469896
22-01-2026 12:50||NIFTY27JAN2626200CE,0.1549615409524899
22-01-2026 12:50||NIFTY27JAN2626300CE,0.163738092709257
22-01-2026 12:55||NIFTY27JAN2624400PE,0.1645706414714472
22-01-2026 12:55||NIFTY27JAN2625100PE,0.1207411321369331
22-01-2026 12:55||NIFTY27JAN2626100CE,0.1523144120932479
22-01-2026 12:55||NIFTY27JAN2626400CE,0.178876284711164
22-01-2026 13:00||NIFTY27JAN2624000PE,0.2042949172955847
22-01-2026 13:00||NIFTY27JAN2624400PE,0.1631220769631948
22-01-2026 13:00||NIFTY27JAN2624900PE,0.1254717363913768
22-01-2026 13:00||NIFTY27JAN2625700CE,0.1251580571242113
22-01-2026 13:05||NIFTY27JAN2623800PE,0.227248778722331
22-01-2026 13:05||NIFTY27JAN2624100PE,0.1935744937117804
22-01-2026 13:05||NIFTY27JAN2624400PE,0.1632722345596638
22-01-2026 13:05||NIFTY27JAN2625000PE,0.1228557617395384
22-01-2026 13:05||NIFTY27JAN2625300CE,0.1151664241774683
22-01-2026 13:05||NIFTY27JAN2625400CE,0.1151353979554649
22-01-2026 13:05||NIFTY27JAN2625700CE,0.1246703632924395
22-01-2026 13:10||NIFTY27JAN2624200PE,0.1841385776919842
22-01-2026 13:10||NIFTY27JAN2625300CE,0.1116699820087729
22-01-2026 13:10||NIFTY27JAN2625500CE,0.1146947570187604
22-01-2026 13:10||NIFTY27JAN2626000CE,0.1443827384433567
22-01-2026 13:10||NIFTY27JAN2626500CE,0.1906861439397535
22-01-2026 13:15||NIFTY27JAN2624200PE,0.1810589943224816
22-01-2026 13:15||NIFTY27JAN2624600PE,0.1427202649065076
22-01-2026 13:15||NIFTY27JAN2624700PE,0.1347408838354122
22-01-2026 13:15||NIFTY27JAN2625200CE,0.1276278805779662
22-01-2026 13:15||NIFTY27JAN2625600CE,0.12334119368863
22-01-2026 13:20||NIFTY27JAN2623900PE,0.2146153150217449
22-01-2026 13:20||NIFTY27JAN2624700PE,0.1372960143781985
22-01-2026 13:20||NIFTY27JAN2624900PE,0.1240004016101101
22-01-2026 13:20||NIFTY27JAN2625200CE,0.1202298925938278
22-01-2026 13:20||NIFTY27JAN2625500CE,0.1179425757838282
22-01-2026 13:20||NIFTY27JAN2626100CE,0.1535290049553874
22-01-2026 13:25||NIFTY27JAN2624900PE,0.1282335043294785
22-01-2026 13:25||NIFTY27JAN2625100PE,0.1219790671548787
22-01-2026 13:25||NIFTY27JAN2625800CE,0.1300451780582195
22-01-2026 13:25||NIFTY27JAN2626100CE,0.1543102770905921
22-01-2026 13:25||NIFTY27JAN2626300CE,0.1726399491814036
22-01-2026 13:30||NIFTY27JAN2623800PE,0.2219869991390103
22-01-2026 13:30||NIFTY27JAN2624000PE,0.199808715412638
22-01-2026 13:30||NIFTY27JAN2624100PE,0.1889756799231354
22-01-2026 13:30||NIFTY27JAN2624600PE,0.139015260294518
22-01-2026 13:30||NIFTY27JAN2625100PE,0.1015814918763659
22-01-2026 13:30||NIFTY27JAN2625800CE,0.1362736376264647
22-01-2026 13:30||NIFTY27JAN2625900CE,0.1421691960468083
22-01-2026 13:35||NIFTY27JAN2623800PE,0.2269701129471429
22-01-2026 13:35||NIFTY27JAN2623900PE,0.2162041366470723
22-01-2026 13:35||NIFTY27JAN2624400PE,0.1663050551955328
22-01-2026 13:35||NIFTY27JAN2624600PE,0.1499283824513687
22-01-2026 13:35||NIFTY27JAN2624700PE,0.1425318027314548
22-01-2026 13:35||NIFTY27JAN2625300CE,0.1068762789525531
22-01-2026 13:35||NIFTY27JAN2625500CE,0.1109426676311166
22-01-2026 13:35||NIFTY27JAN2625700CE,0.1197576016491741
22-01-2026 13:35||NIFTY27JAN2626000CE,0.1411396315782208
22-01-2026 13:35||NIFTY27JAN2626100CE,0.1496450435829399
22-01-2026 13:35||NIFTY27JAN2626400CE,0.1767586328968312
22-01-2026 13:40||NIFTY27JAN2624000PE,0.2023856537160921
22-01-2026 13:40||NIFTY27JAN2624200PE,0.1811570660009001
22-01-2026 13:40||NIFTY27JAN2624300PE,0.1709987839741176
22-01-2026 13:40||NIFTY27JAN2624400PE,0.1609802109290194
22-01-2026 13:40||NIFTY27JAN2624900PE,0.1216728511242433
22-01-2026 13:40||NIFTY27JAN2625100PE,0.111408934914865
22-01-2026 13:40||NIFTY27JAN2625300CE,0.1206727861240833
22-01-2026 13:40||NIFTY27JAN2625400CE,0.1188091998308528
22-01-2026 13:40||NIFTY27JAN2625600CE,0.1220189987735919
22-01-2026 13:40||NIFTY27JAN2626000CE,0.1459857488592953
22-01-2026 13:40||NIFTY27JAN2626300CE,0.1715727668508478
22-01-2026 13:45||NIFTY27JAN2624400PE,0.1589945548823148
22-01-2026 13:45||NIFTY27JAN2625200CE,0.1292250475620428
22-01-2026 13:45||NIFTY27JAN2625800CE,0.1335160916367352
22-01-2026 13:45||NIFTY27JAN2626100CE,0.1554158695578763
22-01-2026 13:45||NIFTY27JAN2626300CE,0.1723560266598677
22-01-2026 13:50||NIFTY27JAN2623800PE,0.2250241740275641
22-01-2026 13:50||NIFTY27JAN2625200CE,0.1300609834843907
22-01-2026 13:50||NIFTY27JAN2626300CE,0.1705796312126082
22-01-2026 13:55||NIFTY27JAN2624500PE,0.1535898730407025
22-01-2026 13:55||NIFTY27JAN2624600PE,0.1443510687908495
22-01-2026 13:55||NIFTY27JAN2624800PE,0.1282091398248396
22-01-2026 13:55||NIFTY27JAN2625400CE,0.1129299202720632
22-01-2026 13:55||NIFTY27JAN2625500CE,0.1139078787643285
22-01-2026 13:55||NIFTY27JAN2625900CE,0.1328156138469056
22-01-2026 13:55||NIFTY27JAN2626000CE,0.1405434894173847
22-01-2026 13:55||NIFTY27JAN2626400CE,0.1766029939783733
22-01-2026 14:00||NIFTY27JAN2623800PE,0.228475902449178
22-01-2026 14:00||NIFTY27JAN2623900PE,0.2161766269612429
22-01-2026 14:00||NIFTY27JAN2624300PE,0.1707298621572043
22-01-2026 14:00||NIFTY27JAN2625000PE,0.1167284248808914
22-01-2026 14:00||NIFTY27JAN2625300CE,0.1106263374203321
22-01-2026 14:00||NIFTY27JAN2625500CE,0.1117256447581717
22-01-2026 14:00||NIFTY27JAN2625600CE,0.1144434415635131
22-01-2026 14:00||NIFTY27JAN2626500CE,0.1856004813069648
22-01-2026 14:05||NIFTY27JAN2623800PE,0.2254349842431361
22-01-2026 14:05||NIFTY27JAN2624000PE,0.2027283592553511
22-01-2026 14:05||NIFTY27JAN2624200PE,0.1806733007694513
22-01-2026 14:05||NIFTY27JAN2624300PE,0.1704507938806959
22-01-2026 14:05||NIFTY27JAN2625200CE,0.1079549244646319
22-01-2026 14:05||NIFTY27JAN2626200CE,0.158273238378744
22-01-2026 14:05||NIFTY27JAN2626400CE,0.1774118604672796
22-01-2026 14:10||NIFTY27JAN2623900PE,0.2124652895553619
22-01-2026 14:10||NIFTY27JAN2624200PE,0.1810595223142636
22-01-2026 14:10||NIFTY27JAN2625100PE,0.1215243444621255
22-01-2026 14:10||NIFTY27JAN2625900CE,0.1332534435785238
22-01-2026 14:15||NIFTY27JAN2623800PE,0.221469041445562
22-01-2026 14:15||NIFTY27JAN2624600PE,0.1380351423424919
22-01-2026 14:15||NIFTY27JAN2625000PE,0.1130610180172526
22-01-2026 14:15||NIFTY27JAN2625100PE,0.108972993241325
22-01-2026 14:15||NIFTY27JAN2626500CE,0.1928675418610586
22-01-2026 14:20||NIFTY27JAN2623800PE,0.2196549810259254
22-01-2026 14:20||NIFTY27JAN2623900PE,0.2083110825340003
22-01-2026 14:20||NIFTY27JAN2624000PE,0.197145686530589
22-01-2026 14:20||NIFTY27JAN2624100PE,0.1862159589887232
22-01-2026 14:20||NIFTY27JAN2624400PE,0.1552715967612614
22-01-2026 14:20||NIFTY27JAN2624900PE,0.1159684416699863
22-01-2026 14:20||NIFTY27JAN2625400CE,0.1141904053803866
22-01-2026 14:20||NIFTY27JAN2625700CE,0.1233886570789874
22-01-2026 14:20||NIFTY27JAN2625800CE,0.1297254371631944
22-01-2026 14:20||NIFTY27JAN2625900CE,0.1371432433268014
22-01-2026 14:20||NIFTY27JAN2626100CE,0.153961253857621
22-01-2026 14:20||NIFTY27JAN2626200CE,0.162878063229748
22-01-2026 14:25||NIFTY27JAN2624200PE,0.1760919064183501
22-01-2026 14:25||NIFTY27JAN2624300PE,0.1648097869568515
22-01-2026 14:25||NIFTY27JAN2624600PE,0.1339576842955646
22-01-2026 14:25||NIFTY27JAN2624700PE,0.1250482617130264
22-01-2026 14:25||NIFTY27JAN2626500CE,0.1878004993852862
22-01-2026 14:30||NIFTY27JAN2623800PE,0.2256743389616456
22-01-2026 14:30||NIFTY27JAN2624300PE,0.1683443226095083
22-01-2026 14:30||NIFTY27JAN2625600CE,0.1216508104364419
22-01-2026 14:30||NIFTY27JAN2625700CE,0.123475655404646
22-01-2026 14:30||NIFTY27JAN2625900CE,0.133160149390409
22-01-2026 14:30||NIFTY27JAN2626500CE,0.1812517029391611
22-01-2026 14:35||NIFTY27JAN2624000PE,0.2057708679884323
22-01-2026 14:35||NIFTY27JAN2624800PE,0.1233496652323503
22-01-2026 14:35||NIFTY27JAN2625500CE,0.1164763917857768
22-01-2026 14:40||NIFTY27JAN2623800PE,0.2310198795254121
22-01-2026 14:40||NIFTY27JAN2625200CE,0.1221949049950196
22-01-2026 14:40||NIFTY27JAN2625400CE,0.1117247802229339
22-01-2026 14:40||NIFTY27JAN2626100CE,0.1403212756354412
22-01-2026 14:40||NIFTY27JAN2626500CE,0.1721748225695813
22-01-2026 14:45||NIFTY27JAN2624000PE,0.2050441988543279
22-01-2026 14:45||NIFTY27JAN2626100CE,0.1383346074935804
22-01-2026 14:50||NIFTY27JAN2624400PE,0.1604840829449103
22-01-2026 14:50||NIFTY27JAN2624500PE,0.1502602803625089
22-01-2026 14:50||NIFTY27JAN2625400CE,0.1064344216083396
22-01-2026 14:50||NIFTY27JAN2625500CE,0.1054806297892705
22-01-2026 14:50||NIFTY27JAN2625600CE,0.1064583683399211
22-01-2026 14:50||NIFTY27JAN2626200CE,0.1445441716933414
22-01-2026 14:55||NIFTY27JAN2624300PE,0.1681689842351633
22-01-2026 14:55||NIFTY27JAN2625000PE,0.1089007425602243
22-01-2026 14:55||NIFTY27JAN2626100CE,0.135547035070221
22-01-2026 14:55||NIFTY27JAN2626500CE,0.170456709675991
22-01-2026 15:00||NIFTY27JAN2624300PE,0.1673336531238833
22-01-2026 15:00||NIFTY27JAN2624600PE,0.1378774321944772
22-01-2026 15:00||NIFTY27JAN2624900PE,0.1166665927980331
22-01-2026 15:00||NIFTY27JAN2625600CE,0.1056816097487946
22-01-2026 15:00||NIFTY27JAN2626400CE,0.1630161943000549
22-01-2026 15:05||NIFTY27JAN2625300CE,0.1285446658472676
22-01-2026 15:05||NIFTY27JAN2625400CE,0.1215298204191091
22-01-2026 15:05||NIFTY27JAN2625600CE,0.115593271723522
22-01-2026 15:10||NIFTY27JAN2623800PE,0.2272950942665315
22-01-2026 15:10||NIFTY27JAN2624000PE,0.2038373112787697
22-01-2026 15:10||NIFTY27JAN2624200PE,0.1806980785941258
22-01-2026 15:10||NIFTY27JAN2625100PE,0.1046425125330067
22-01-2026 15:10||NIFTY27JAN2625600CE,0.1074931860466959
22-01-2026 15:10||NIFTY27JAN2626100CE,0.131218472442074
22-01-2026 15:15||NIFTY27JAN2623800PE,0.2252720048927038
22-01-2026 15:15||NIFTY27JAN2624200PE,0.1780100143771424
22-01-2026 15:15||NIFTY27JAN2624600PE,0.1343033355853752
22-01-2026 15:15||NIFTY27JAN2625400CE,0.1164104971327522
22-01-2026 15:15||NIFTY27JAN2625800CE,0.1129255734979755
22-01-2026 15:15||NIFTY27JAN2625900CE,0.1175018601533352
22-01-2026 15:15||NIFTY27JAN2626200CE,0.138706744173137
22-01-2026 15:15||NIFTY27JAN2626300CE,0.1472090662973454
22-01-2026 15:20||NIFTY27JAN2624800PE,0.1175473209927772
22-01-2026 15:20||NIFTY27JAN2625200CE,0.1376603911512231
22-01-2026 15:20||NIFTY27JAN2626400CE,0.1562752268607937
22-01-2026 15:25||NIFTY27JAN2623800PE,0.2263211863777496
22-01-2026 15:25||NIFTY27JAN2624300PE,0.1675360308807999
22-01-2026 15:25||NIFTY27JAN2624700PE,0.1243457820923841
22-01-2026 15:25||NIFTY27JAN2625100PE,0.099639534100602
22-01-2026 15:25||NIFTY27JAN2625200CE,0.1342659004286946
22-01-2026 15:25||NIFTY27JAN2625300CE,0.1201933373154148
22-01-2026 15:25||NIFTY27JAN2625600CE,0.1078109645530948
22-01-2026 15:25||NIFTY27JAN2625900CE,0.1147454676269078
22-01-2026 15:25||NIFTY27JAN2626000CE,0.1209325665433055
22-01-2026 15:25||NIFTY27JAN2626400CE,0.1583208085201357
23-01-2026 09:15||NIFTY27JAN2624100PE,0.2099948428196291
23-01-2026 09:15||NIFTY27JAN2624200PE,0.1974240994654505
23-01-2026 09:15||NIFTY27JAN2624300PE,0.1848377881718609
23-01-2026 09:15||NIFTY27JAN2625500CE,0.1119905341040927
23-01-2026 09:15||NIFTY27JAN2626000CE,0.133243895108201
23-01-2026 09:15||NIFTY27JAN2626100CE,0.1418072470492719
23-01-2026 09:15||NIFTY27JAN2626200CE,0.1524283327853505
23-01-2026 09:15||NIFTY27JAN2626300CE,0.1627296407649641
23-01-2026 09:15||NIFTY27JAN2626500CE,0.1854214422586386
23-01-2026 09:20||NIFTY27JAN2623900PE,0.233019813698469
23-01-2026 09:20||NIFTY27JAN2624400PE,0.1699936042535193
23-01-2026 09:20||NIFTY27JAN2625500CE,0.1256873833810138
23-01-2026 09:20||NIFTY27JAN2626200CE,0.1541078445352049
23-01-2026 09:20||NIFTY27JAN2626400CE,0.174696492215384
23-01-2026 09:25||NIFTY27JAN2623800PE,0.2534959514256167
23-01-2026 09:25||NIFTY27JAN2625100PE,0.1142282861005426
23-01-2026 09:25||NIFTY27JAN2626100CE,0.134622265671429
23-01-2026 09:25||NIFTY27JAN2626200CE,0.1447438690278897
23-01-2026 09:25||NIFTY27JAN2626400CE,0.1667002977905103
23-01-2026 09:30||NIFTY27JAN2623900PE,0.2418329120327239
23-01-2026 09:30||NIFTY27JAN2624000PE,0.2297213502717126
23-01-2026 09:30||NIFTY27JAN2624400PE,0.1807448578077101
23-01-2026 09:30||NIFTY27JAN2624500PE,0.1688234625240026
23-01-2026 09:30||NIFTY27JAN2624600PE,0.1576629387902043
23-01-2026 09:30||NIFTY27JAN2624700PE,0.1474952885579137
23-01-2026 09:30||NIFTY27JAN2625200CE,0.1075550071198892
23-01-2026 09:30||NIFTY27JAN2626300CE,0.156867483840587
23-01-2026 09:35||NIFTY27JAN2623900PE,0.2388225903040729
23-01-2026 09:35||NIFTY27JAN2624000PE,0.2267674342146292
23-01-2026 09:35||NIFTY27JAN2624400PE,0.1765094981663132
23-01-2026 09:35||NIFTY27JAN2625500CE,0.1076757497528349
23-01-2026 09:35||NIFTY27JAN2626100CE,0.1381478969903758
23-01-2026 09:40||NIFTY27JAN2625400CE,0.1051355364488039
23-01-2026 09:40||NIFTY27JAN2625500CE,0.1034902306071016
23-01-2026 09:40||NIFTY27JAN2626000CE,0.1274653126238058
23-01-2026 09:45||NIFTY27JAN2623900PE,0.2358315333695667
23-01-2026 09:45||NIFTY27JAN2624100PE,0.2105381339078507
23-01-2026 09:45||NIFTY27JAN2624300PE,0.1848245172353573
23-01-2026 09:45||NIFTY27JAN2624800PE,0.1277624102961795
23-01-2026 09:45||NIFTY27JAN2624900PE,0.1193479346980538
23-01-2026 09:45||NIFTY27JAN2626100CE,0.1425744069338119
23-01-2026 09:45||NIFTY27JAN2626400CE,0.1757068884440292
23-01-2026 09:50||NIFTY27JAN2623900PE,0.2385298411086217
23-01-2026 09:50||NIFTY27JAN2624200PE,0.2017878843774807
23-01-2026 09:50||NIFTY27JAN2624400PE,0.177050001236401
23-01-2026 09:50||NIFTY27JAN2624700PE,0.144104107596754
23-01-2026 09:50||NIFTY27JAN2625200CE,0.1151997775607291
23-01-2026 09:50||NIFTY27JAN2625300CE,0.1076956527634581
23-01-2026 09:50||NIFTY27JAN2625700CE,0.1037173777917729
23-01-2026 09:50||NIFTY27JAN2625800CE,0.1089866628081031
23-01-2026 09:55||NIFTY27JAN2623800PE,0.2495360544629193
23-01-2026 09:55||NIFTY27JAN2624200PE,0.1983674289961694
23-01-2026 09:55||NIFTY27JAN2624800PE,0.1296399466295225
23-01-2026 09:55||NIFTY27JAN2625000PE,0.1149752010556078
23-01-2026 09:55||NIFTY27JAN2625200CE,0.1195741938986832
23-01-2026 09:55||NIFTY27JAN2625700CE,0.1076145892752558
23-01-2026 09:55||NIFTY27JAN2626300CE,0.1623939769362923
23-01-2026 10:00||NIFTY27JAN2624700PE,0.1413438466933797
23-01-2026 10:00||NIFTY27JAN2625900CE,0.1165813686094273
23-01-2026 10:00||NIFTY27JAN2626000CE,0.1260028511339361
23-01-2026 10:00||NIFTY27JAN2626100CE,0.1366333437072532
23-01-2026 10:00||NIFTY27JAN2626300CE,0.1594078554059587
23-01-2026 10:05||NIFTY27JAN2623800PE,0.2498020654575217
23-01-2026 10:05||NIFTY27JAN2624100PE,0.2122325097201045
23-01-2026 10:05||NIFTY27JAN2624600PE,0.1510147100006682
23-01-2026 10:05||NIFTY27JAN2624800PE,0.1315103993020081
23-01-2026 10:05||NIFTY27JAN2626200CE,0.1500250131426592
23-01-2026 10:10||NIFTY27JAN2623800PE,0.2490454243364316
23-01-2026 10:10||NIFTY27JAN2624000PE,0.223774266854642
23-01-2026 10:10||NIFTY27JAN2624400PE,0.1729797632067811
23-01-2026 10:10||NIFTY27JAN2624600PE,0.149385910124615
23-01-2026 10:10||NIFTY27JAN2624800PE,0.1298911407965021
23-01-2026 10:10||NIFTY27JAN2625300CE,0.1048323161397117
23-01-2026 10:15||NIFTY27JAN2624700PE,0.1416059354951239
23-01-2026 10:15||NIFTY27JAN2625700CE,0.1028941098083768
23-01-2026 10:15||NIFTY27JAN2625900CE,0.1184275003390245
23-01-2026 10:15||NIFTY27JAN2626000CE,0.1289252100444023
23-01-2026 10:15||NIFTY27JAN2626400CE,0.1745896258833351
23-01-2026 10:20||NIFTY27JAN2625700CE,0.106818593670877
23-01-2026 10:20||NIFTY27JAN2625800CE,0.1128182761300029
23-01-2026 10:20||NIFTY27JAN2626100CE,0.1430191716325551
23-01-2026 10:20||NIFTY27JAN2626500CE,0.188656577694713
23-01-2026 10:25||NIFTY27JAN2623800PE,0.2466840709635444
23-01-2026 10:25||NIFTY27JAN2624400PE,0.1692776100793713
23-01-2026 10:25||NIFTY27JAN2624600PE,0.1444697388307308
23-01-2026 10:25||NIFTY27JAN2625100PE,0.1020231144757864
23-01-2026 10:25||NIFTY27JAN2625400CE,0.1124948017230704
23-01-2026 10:25||NIFTY27JAN2626000CE,0.1306943858115909
23-01-2026 10:30||NIFTY27JAN2624100PE,0.2132526039237755
23-01-2026 10:30||NIFTY27JAN2624400PE,0.1746825410011281
23-01-2026 10:30||NIFTY27JAN2624600PE,0.1496461414276092
23-01-2026 10:30||NIFTY27JAN2625100PE,0.1081849071905856
23-01-2026 10:35||NIFTY27JAN2624000PE,0.2279587776033532
23-01-2026 10:35||NIFTY27JAN2624100PE,0.2153690116610421
23-01-2026 10:35||NIFTY27JAN2624200PE,0.2027038039964475
23-01-2026 10:35||NIFTY27JAN2624500PE,0.163961273809028
23-01-2026 10:35||NIFTY27JAN2624900PE,0.123299131455911
23-01-2026 10:35||NIFTY27JAN2625100PE,0.1117663966776031
23-01-2026 10:35||NIFTY27JAN2625600CE,0.0975805644827466
23-01-2026 10:40||NIFTY27JAN2624000PE,0.2258017635920695
23-01-2026 10:40||NIFTY27JAN2624600PE,0.1504405371949596
23-01-2026 10:40||NIFTY27JAN2624800PE,0.1297833843505526
23-01-2026 10:40||NIFTY27JAN2625300CE,0.1047225524919231
23-01-2026 10:40||NIFTY27JAN2625800CE,0.1072127590460929
23-01-2026 10:45||NIFTY27JAN2624100PE,0.2134134623842801
23-01-2026 10:45||NIFTY27JAN2625100PE,0.1128795017879121
23-01-2026 10:45||NIFTY27JAN2625900CE,0.1138647511278064
23-01-2026 10:45||NIFTY27JAN2626200CE,0.1482024995897165
23-01-2026 10:45||NIFTY27JAN2626500CE,0.1801099115278548
23-01-2026 10:50||NIFTY27JAN2623900PE,0.2374180421511372
23-01-2026 10:50||NIFTY27JAN2625400CE,0.0988036301098714
23-01-2026 10:50||NIFTY27JAN2625700CE,0.1012866202706557
23-01-2026 10:50||NIFTY27JAN2626200CE,0.1497490833148051
23-01-2026 10:50||NIFTY27JAN2626300CE,0.1613185261927379
23-01-2026 10:50||NIFTY27JAN2626400CE,0.1719202332582601
23-01-2026 10:55||NIFTY27JAN2623800PE,0.2489128650757897
23-01-2026 10:55||NIFTY27JAN2624600PE,0.1473924435648106
23-01-2026 10:55||NIFTY27JAN2624900PE,0.1173993310322085
23-01-2026 10:55||NIFTY27JAN2626200CE,0.1505518067981398
23-01-2026 11:00||NIFTY27JAN2625100PE,0.108739454618122
23-01-2026 11:00||NIFTY27JAN2625400CE,0.0941576480902157
23-01-2026 11:00||NIFTY27JAN2625800CE,0.1074725750612554
23-01-2026 11:00||NIFTY27JAN2626100CE,0.1391298144504593
23-01-2026 11:05||NIFTY27JAN2624200PE,0.1966196472262193
23-01-2026 11:05||NIFTY27JAN2625600CE,0.0998517343350189
23-01-2026 11:05||NIFTY27JAN2625700CE,0.1031910791829628
23-01-2026 11:05||NIFTY27JAN2626200CE,0.1524919884725579
23-01-2026 11:05||NIFTY27JAN2626500CE,0.1876094266142319
23-01-2026 11:10||NIFTY27JAN2624000PE,0.2233911453877367
23-01-2026 11:10||NIFTY27JAN2624100PE,0.210643473881329
23-01-2026 11:10||NIFTY27JAN2625300CE,0.1008626711162249
23-01-2026 11:10||NIFTY27JAN2626300CE,0.1626953511067732
23-01-2026 11:15||NIFTY27JAN2624200PE,0.1962817258161375
23-01-2026 11:15||NIFTY27JAN2624800PE,0.127245402460399
23-01-2026 11:15||NIFTY27JAN2624900PE,0.1190942510600073
23-01-2026 11:15||NIFTY27JAN2625300CE,0.0913726326369961
23-01-2026 11:15||NIFTY27JAN2625400CE,0.0894804068810101
23-01-2026 11:15||NIFTY27JAN2625500CE,0.0901765289921797
23-01-2026 11:15||NIFTY27JAN2625700CE,0.0987773638729154
23-01-2026 11:15||NIFTY27JAN2626300CE,0.16298423387718
23-01-2026 11:20||NIFTY27JAN2624100PE,0.2076273512067126
23-01-2026 11:20||NIFTY27JAN2624400PE,0.168842246676185
23-01-2026 11:20||NIFTY27JAN2624800PE,0.1229814691834172
23-01-2026 11:20||NIFTY27JAN2625100PE,0.1021570404028247
23-01-2026 11:20||NIFTY27JAN2626000CE,0.1292550491910516
23-01-2026 11:20||NIFTY27JAN2626300CE,0.1649707794706282
23-01-2026 11:25||NIFTY27JAN2623800PE,0.2463478000760161
23-01-2026 11:25||NIFTY27JAN2623900PE,0.2339113875119574
23-01-2026 11:25||NIFTY27JAN2624900PE,0.1139577823808158
23-01-2026 11:25||NIFTY27JAN2625200CE,0.1098417414894745
23-01-2026 11:25||NIFTY27JAN2625800CE,0.1082892924586265
23-01-2026 11:25||NIFTY27JAN2626400CE,0.1750984052143538
23-01-2026 11:30||NIFTY27JAN2624700PE,0.1370682591642509
23-01-2026 11:30||NIFTY27JAN2624900PE,0.1192655866951703
23-01-2026 11:30||NIFTY27JAN2625000PE,0.1125230361150017
23-01-2026 11:30||NIFTY27JAN2625500CE,0.0899026334219467
23-01-2026 11:30||NIFTY27JAN2625800CE,0.1064298340100114
23-01-2026 11:30||NIFTY27JAN2626000CE,0.1273853291276037
23-01-2026 11:30||NIFTY27JAN2626200CE,0.1514133680829558
23-01-2026 11:30||NIFTY27JAN2626400CE,0.1746078865977824
23-01-2026 11:35||NIFTY27JAN2624900PE,0.1205388014747261
23-01-2026 11:35||NIFTY27JAN2625400CE,0.0904179313090006
23-01-2026 11:35||NIFTY27JAN2626000CE,0.1312928297169135
23-01-2026 11:40||NIFTY27JAN2623900PE,0.2271508337629767
23-01-2026 11:40||NIFTY27JAN2624300PE,0.1760971943020584
23-01-2026 11:40||NIFTY27JAN2624900PE,0.1155146369985199
23-01-2026 11:40||NIFTY27JAN2625500CE,0.0970093506733004
23-01-2026 11:40||NIFTY27JAN2626300CE,0.1742883393127127
23-01-2026 11:40||NIFTY27JAN2626500CE,0.1947634603953761
23-01-2026 11:45||NIFTY27JAN2625300CE,0.0958954342437892
23-01-2026 11:45||NIFTY27JAN2626100CE,0.1535671550431575
23-01-2026 11:45||NIFTY27JAN2626400CE,0.1869362879913615
23-01-2026 11:50||NIFTY27JAN2624100PE,0.1951534858290427
23-01-2026 11:50||NIFTY27JAN2624500PE,0.1467885192399768
23-01-2026 11:50||NIFTY27JAN2625400CE,0.1041758806551395
23-01-2026 11:50||NIFTY27JAN2625500CE,0.1048434687526378
23-01-2026 11:50||NIFTY27JAN2625700CE,0.1144409136789432
23-01-2026 11:55||NIFTY27JAN2624800PE,0.1196249074974682
23-01-2026 11:55||NIFTY27JAN2625100PE,0.1052833793793749
23-01-2026 11:55||NIFTY27JAN2625700CE,0.112401120506733
23-01-2026 11:55||NIFTY27JAN2626200CE,0.1649548525721779
23-01-2026 11:55||NIFTY27JAN2626500CE,0.1963920818426408
23-01-2026 12:00||NIFTY27JAN2624000PE,0.2109752322570692
23-01-2026 12:00||NIFTY27JAN2624300PE,0.1720700496285822
23-01-2026 12:00||NIFTY27JAN2624800PE,0.1183817335980478
23-01-2026 12:00||NIFTY27JAN2625200CE,0.1108621460599398
23-01-2026 12:00||NIFTY27JAN2625800CE,0.1205502993515072
23-01-2026 12:00||NIFTY27JAN2625900CE,0.1306176653480563
23-01-2026 12:00||NIFTY27JAN2626400CE,0.1864565672690085
23-01-2026 12:05||NIFTY27JAN2624600PE,0.1389913731029489
23-01-2026 12:05||NIFTY27JAN2625300CE,0.095739007715831
23-01-2026 12:05||NIFTY27JAN2625400CE,0.0961627114328022
23-01-2026 12:05||NIFTY27JAN2626400CE,0.187483887785846
23-01-2026 12:10||NIFTY27JAN2623900PE,0.2202028501152079
23-01-2026 12:10||NIFTY27JAN2624000PE,0.2075468791456252
23-01-2026 12:10||NIFTY27JAN2625000PE,0.106267835721944
23-01-2026 12:10||NIFTY27JAN2625700CE,0.1147138987561739
23-01-2026 12:10||NIFTY27JAN2626200CE,0.1684283571545621
23-01-2026 12:10||NIFTY27JAN2626500CE,0.1996448427641509
23-01-2026 12:15||NIFTY27JAN2625500CE,0.1073684553466567
23-01-2026 12:15||NIFTY27JAN2626100CE,0.155697031317074
23-01-2026 12:15||NIFTY27JAN2626300CE,0.1780752676930319
23-01-2026 12:20||NIFTY27JAN2624200PE,0.1855730060841553
23-01-2026 12:20||NIFTY27JAN2625200CE,0.1204668066391484
23-01-2026 12:20||NIFTY27JAN2625300CE,0.1094516580672289
23-01-2026 12:20||NIFTY27JAN2625400CE,0.1025385198153272
23-01-2026 12:20||NIFTY27JAN2625800CE,0.1184278376413441
23-01-2026 12:20||NIFTY27JAN2626100CE,0.1525050482577385
23-01-2026 12:25||NIFTY27JAN2624300PE,0.1706608955584699
23-01-2026 12:25||NIFTY27JAN2624500PE,0.1461486668401733
23-01-2026 12:25||NIFTY27JAN2624600PE,0.1348706689117564
23-01-2026 12:25||NIFTY27JAN2624900PE,0.1078958056406046
23-01-2026 12:25||NIFTY27JAN2625400CE,0.1024739201554665
23-01-2026 12:25||NIFTY27JAN2625600CE,0.1062464699518105
23-01-2026 12:25||NIFTY27JAN2626400CE,0.1877019010151945
23-01-2026 12:30||NIFTY27JAN2623800PE,0.2350522907689513
23-01-2026 12:30||NIFTY27JAN2624100PE,0.1964776729055347
23-01-2026 12:30||NIFTY27JAN2624200PE,0.1837723326542301
23-01-2026 12:30||NIFTY27JAN2624500PE,0.145420777820482
23-01-2026 12:30||NIFTY27JAN2625900CE,0.1309212899661402
23-01-2026 12:30||NIFTY27JAN2626100CE,0.1537708280328694
23-01-2026 12:30||NIFTY27JAN2626200CE,0.1653542632206982
23-01-2026 12:35||NIFTY27JAN2624100PE,0.1967432257790352
23-01-2026 12:35||NIFTY27JAN2624400PE,0.1574513499235008
23-01-2026 12:35||NIFTY27JAN2625100PE,0.0934916204728915
23-01-2026 12:35||NIFTY27JAN2625300CE,0.1070799677240387
23-01-2026 12:35||NIFTY27JAN2626100CE,0.1535061721741099
23-01-2026 12:40||NIFTY27JAN2624500PE,0.1442506417668422
23-01-2026 12:40||NIFTY27JAN2624600PE,0.1321907012697484
23-01-2026 12:40||NIFTY27JAN2624900PE,0.1030025321836996
23-01-2026 12:40||NIFTY27JAN2625300CE,0.1077238345129745
23-01-2026 12:45||NIFTY27JAN2623800PE,0.236606665833446
23-01-2026 12:45||NIFTY27JAN2623900PE,0.2241207097438865
23-01-2026 12:45||NIFTY27JAN2624600PE,0.1377988420616374
23-01-2026 12:45||NIFTY27JAN2625900CE,0.1241167087487069
23-01-2026 12:50||NIFTY27JAN2623800PE,0.2343663396151658
23-01-2026 12:50||NIFTY27JAN2624400PE,0.1568275772883556
23-01-2026 12:50||NIFTY27JAN2624800PE,0.1104881830420989
23-01-2026 12:50||NIFTY27JAN2625300CE,0.1091154337498864
23-01-2026 12:50||NIFTY27JAN2625600CE,0.1068906256425152
23-01-2026 12:50||NIFTY27JAN2625700CE,0.111800685904727
23-01-2026 12:50||NIFTY27JAN2626000CE,0.1394749281629149
23-01-2026 12:50||NIFTY27JAN2626400CE,0.1861723910597733
23-01-2026 12:55||NIFTY27JAN2624200PE,0.1866207482660712
23-01-2026 12:55||NIFTY27JAN2625400CE,0.0915738435295911
23-01-2026 12:55||NIFTY27JAN2625600CE,0.0992098693872491
23-01-2026 12:55||NIFTY27JAN2625800CE,0.1159662572325113
23-01-2026 12:55||NIFTY27JAN2626400CE,0.1848498090663694
23-01-2026 13:00||NIFTY27JAN2624900PE,0.1034588511094593
23-01-2026 13:00||NIFTY27JAN2625700CE,0.1127709133570668
23-01-2026 13:00||NIFTY27JAN2626000CE,0.1435642171482362
23-01-2026 13:05||NIFTY27JAN2623800PE,0.2322763807094016
23-01-2026 13:05||NIFTY27JAN2625200CE,0.1034095765870635
23-01-2026 13:05||NIFTY27JAN2625900CE,0.1322292565130446
23-01-2026 13:10||NIFTY27JAN2623900PE,0.2218290894674302
23-01-2026 13:10||NIFTY27JAN2624000PE,0.2096909814889527
23-01-2026 13:10||NIFTY27JAN2624100PE,0.1967271094087975
23-01-2026 13:10||NIFTY27JAN2624700PE,0.120654350910983
23-01-2026 13:10||NIFTY27JAN2625100PE,0.0930142547365792
23-01-2026 13:10||NIFTY27JAN2625800CE,0.1209954725698003
23-01-2026 13:10||NIFTY27JAN2626000CE,0.1434499675038342
23-01-2026 13:15||NIFTY27JAN2623800PE,0.2291201695699726
23-01-2026 13:15||NIFTY27JAN2624200PE,0.1795525970958804
23-01-2026 13:15||NIFTY27JAN2625300CE,0.0940904206646187
23-01-2026 13:15||NIFTY27JAN2625600CE,0.1076045955017021
23-01-2026 13:15||NIFTY27JAN2625900CE,0.137150607423687
23-01-2026 13:15||NIFTY27JAN2626000CE,0.1489424114048402
23-01-2026 13:20||NIFTY27JAN2624700PE,0.1217107309025231
23-01-2026 13:20||NIFTY27JAN2624800PE,0.1147085053432188
23-01-2026 13:20||NIFTY27JAN2625700CE,0.1221529260575387
23-01-2026 13:20||NIFTY27JAN2626200CE,0.1773877095741535
23-01-2026 13:20||NIFTY27JAN2626500CE,0.2104397388420801
23-01-2026 13:25||NIFTY27JAN2624100PE,0.1875657501117545
23-01-2026 13:25||NIFTY27JAN2624500PE,0.1387796258702329
23-01-2026 13:25||NIFTY27JAN2625000PE,0.1020830722470237
23-01-2026 13:25||NIFTY27JAN2625400CE,0.1024120460217184
23-01-2026 13:30||NIFTY27JAN2624700PE,0.1275034570334756
23-01-2026 13:30||NIFTY27JAN2624800PE,0.1217873318772317
23-01-2026 13:30||NIFTY27JAN2625000PE,0.1149456167260402
23-01-2026 13:30||NIFTY27JAN2625400CE,0.1091197165546244
23-01-2026 13:30||NIFTY27JAN2625700CE,0.1318532546534765
23-01-2026 13:30||NIFTY27JAN2626000CE,0.1651449226507613
23-01-2026 13:35||NIFTY27JAN2623900PE,0.2090550195790867
23-01-2026 13:35||NIFTY27JAN2624100PE,0.1839368359260232
23-01-2026 13:35||NIFTY27JAN2624900PE,0.1104987836577665
23-01-2026 13:35||NIFTY27JAN2625600CE,0.1241827229133265
23-01-2026 13:35||NIFTY27JAN2626000CE,0.1666500597628572
23-01-2026 13:35||NIFTY27JAN2626200CE,0.1900379439354881
23-01-2026 13:35||NIFTY27JAN2626500CE,0.2226189827404345
23-01-2026 13:40||NIFTY27JAN2623900PE,0.2131394505329907
23-01-2026 13:40||NIFTY27JAN2624600PE,0.1358577442871961
23-01-2026 13:40||NIFTY27JAN2624900PE,0.1205805764124687
23-01-2026 13:40||NIFTY27JAN2625700CE,0.1342985262574148
23-01-2026 13:40||NIFTY27JAN2625800CE,0.1449065564298731
23-01-2026 13:40||NIFTY27JAN2626300CE,0.2011631908840842
23-01-2026 13:45||NIFTY27JAN2623900PE,0.20684108232531
23-01-2026 13:45||NIFTY27JAN2624000PE,0.1944095487160523
23-01-2026 13:45||NIFTY27JAN2624500PE,0.1354490415213281
23-01-2026 13:45||NIFTY27JAN2624600PE,0.1259428058586521
23-01-2026 13:45||NIFTY27JAN2625000PE,0.1015623092906716
23-01-2026 13:45||NIFTY27JAN2625300CE,0.1126816594678593
23-01-2026 13:45||NIFTY27JAN2626100CE,0.1829140809197009
23-01-2026 13:45||NIFTY27JAN2626300CE,0.2056050587915092
23-01-2026 13:50||NIFTY27JAN2624000PE,0.1946951410192455
23-01-2026 13:50||NIFTY27JAN2624500PE,0.1349618276486422
23-01-2026 13:50||NIFTY27JAN2625100PE,0.0992443323127505
23-01-2026 13:50||NIFTY27JAN2626400CE,0.2176732999801381
23-01-2026 13:55||NIFTY27JAN2625500CE,0.1221235174094366
23-01-2026 13:55||NIFTY27JAN2625700CE,0.1380949873061084
23-01-2026 13:55||NIFTY27JAN2625800CE,0.1482114999039057
23-01-2026 13:55||NIFTY27JAN2626400CE,0.2162592941218392
23-01-2026 13:55||NIFTY27JAN2626500CE,0.2275775273635021
23-01-2026 14:00||NIFTY27JAN2624200PE,0.1688916628307246
23-01-2026 14:00||NIFTY27JAN2624300PE,0.1564316651997758
23-01-2026 14:00||NIFTY27JAN2625300CE,0.1140945742344862
23-01-2026 14:00||NIFTY27JAN2625400CE,0.1166555580612424
23-01-2026 14:00||NIFTY27JAN2625500CE,0.1215766188173491
23-01-2026 14:00||NIFTY27JAN2625800CE,0.1472012515113244
23-01-2026 14:05||NIFTY27JAN2624200PE,0.1707753185594107
23-01-2026 14:05||NIFTY27JAN2624800PE,0.1111672182716371
23-01-2026 14:05||NIFTY27JAN2626300CE,0.2009759028687448
23-01-2026 14:10||NIFTY27JAN2623900PE,0.2089469495559825
23-01-2026 14:10||NIFTY27JAN2625800CE,0.1464169051153109
23-01-2026 14:10||NIFTY27JAN2626400CE,0.2130491633819081
23-01-2026 14:15||NIFTY27JAN2625000PE,0.1123523832547074
23-01-2026 14:15||NIFTY27JAN2625400CE,0.107786764088989
23-01-2026 14:15||NIFTY27JAN2626400CE,0.2069430739781869
23-01-2026 14:20||NIFTY27JAN2624100PE,0.1848305612146512
23-01-2026 14:20||NIFTY27JAN2624800PE,0.1148081060946173
23-01-2026 14:20||NIFTY27JAN2625400CE,0.1120944031593309
23-01-2026 14:20||NIFTY27JAN2625600CE,0.1251137649745966
23-01-2026 14:20||NIFTY27JAN2625800CE,0.1445011798999743
23-01-2026 14:20||NIFTY27JAN2626400CE,0.2102920273983227
23-01-2026 14:20||NIFTY27JAN2626500CE,0.2209435656130823
23-01-2026 14:25||NIFTY27JAN2624200PE,0.1669834624074785
23-01-2026 14:25||NIFTY27JAN2624400PE,0.1417077756214222
23-01-2026 14:25||NIFTY27JAN2624500PE,0.130308374990385
23-01-2026 14:25||NIFTY27JAN2625200CE,0.1156367449514333
23-01-2026 14:25||NIFTY27JAN2626200CE,0.1878170453179644
23-01-2026 14:25||NIFTY27JAN2626300CE,0.1988379022195283
23-01-2026 14:25||NIFTY27JAN2626400CE,0.2098129392429797
23-01-2026 14:30||NIFTY27JAN2624600PE,0.1226593699538341
23-01-2026 14:30||NIFTY27JAN2625700CE,0.1331818460631617
23-01-2026 14:35||NIFTY27JAN2623900PE,0.2112417759042188
23-01-2026 14:35||NIFTY27JAN2624500PE,0.1339812784821686
23-01-2026 14:35||NIFTY27JAN2624700PE,0.1152390764845835
23-01-2026 14:35||NIFTY27JAN2625400CE,0.109640052684599
23-01-2026 14:35||NIFTY27JAN2625600CE,0.1208251902034151
23-01-2026 14:35||NIFTY27JAN2625800CE,0.1384537841426147
23-01-2026 14:35||NIFTY27JAN2625900CE,0.1487891877457031
23-01-2026 14:35||NIFTY27JAN2626000CE,0.1598490838253343
23-01-2026 14:35||NIFTY27JAN2626300CE,0.1945360954266675
23-01-2026 14:40||NIFTY27JAN2623900PE,0.2131734741305178
23-01-2026 14:40||NIFTY27JAN2624300PE,0.1606526114734283
23-01-2026 14:40||NIFTY27JAN2624400PE,0.1480434555301064
23-01-2026 14:40||NIFTY27JAN2625000PE,0.1035968705488765
23-01-2026 14:40||NIFTY27JAN2625100PE,0.1032654192737933
23-01-2026 14:40||NIFTY27JAN2625200CE,0.1030727857907651
23-01-2026 14:40||NIFTY27JAN2625700CE,0.1313482922498622
23-01-2026 14:40||NIFTY27JAN2625800CE,0.141311445337691
23-01-2026 14:40||NIFTY27JAN2626400CE,0.2059964015442464
23-01-2026 14:45||NIFTY27JAN2624400PE,0.1485208564076311
23-01-2026 14:45||NIFTY27JAN2624700PE,0.1203389403391325
23-01-2026 14:45||NIFTY27JAN2625100PE,0.1068684410146464
23-01-2026 14:45||NIFTY27JAN2625400CE,0.1083697451760052
23-01-2026 14:45||NIFTY27JAN2625600CE,0.1228132396674544
23-01-2026 14:45||NIFTY27JAN2626000CE,0.1629722453003209
23-01-2026 14:45||NIFTY27JAN2626200CE,0.1850214976493423
23-01-2026 14:50||NIFTY27JAN2623800PE,0.2183332519473766
23-01-2026 14:50||NIFTY27JAN2624500PE,0.1304195963560653
23-01-2026 14:50||NIFTY27JAN2624800PE,0.1034604584379789
23-01-2026 14:50||NIFTY27JAN2625200CE,0.1134847800544574
23-01-2026 14:50||NIFTY27JAN2625300CE,0.1138580048177295
23-01-2026 14:50||NIFTY27JAN2625500CE,0.1211935530994725
23-01-2026 14:55||NIFTY27JAN2623900PE,0.2110517040559475
23-01-2026 14:55||NIFTY27JAN2624400PE,0.1463545993555687
23-01-2026 14:55||NIFTY27JAN2625200CE,0.1042346226313689
23-01-2026 14:55||NIFTY27JAN2625900CE,0.1498078217787306
23-01-2026 14:55||NIFTY27JAN2626200CE,0.1833344367231428
23-01-2026 15:00||NIFTY27JAN2623900PE,0.2101911586238971
23-01-2026 15:00||NIFTY27JAN2624100PE,0.1847653702124392
23-01-2026 15:00||NIFTY27JAN2624300PE,0.1587835191671449
23-01-2026 15:00||NIFTY27JAN2624600PE,0.1254154117267201
23-01-2026 15:05||NIFTY27JAN2623900PE,0.2075567094875667
23-01-2026 15:05||NIFTY27JAN2624800PE,0.1182874327153352
23-01-2026 15:05||NIFTY27JAN2626200CE,0.193379020120248
23-01-2026 15:10||NIFTY27JAN2623800PE,0.2179015583072128
23-01-2026 15:10||NIFTY27JAN2624000PE,0.193060333161584
23-01-2026 15:10||NIFTY27JAN2624200PE,0.1675349369713523
23-01-2026 15:10||NIFTY27JAN2624600PE,0.1227943325490276
23-01-2026 15:10||NIFTY27JAN2625000PE,0.0994766562332156
23-01-2026 15:10||NIFTY27JAN2625300CE,0.1118391110016883
23-01-2026 15:10||NIFTY27JAN2625700CE,0.1394602221201433
23-01-2026 15:10||NIFTY27JAN2626100CE,0.1839373408069798
23-01-2026 15:10||NIFTY27JAN2626200CE,0.195285706464864
23-01-2026 15:10||NIFTY27JAN2626300CE,0.2064891556925391
23-01-2026 15:15||NIFTY27JAN2624100PE,0.181674627544278
23-01-2026 15:15||NIFTY27JAN2624200PE,0.1683049998962776
23-01-2026 15:15||NIFTY27JAN2625000PE,0.1028632834057413
23-01-2026 15:20||NIFTY27JAN2623800PE,0.2195264453954033
23-01-2026 15:20||NIFTY27JAN2623900PE,0.2064524475385107
23-01-2026 15:20||NIFTY27JAN2624800PE,0.1030907747152839
23-01-2026 15:20||NIFTY27JAN2625400CE,0.1194257711384986
23-01-2026 15:20||NIFTY27JAN2625500CE,0.12528862698344
23-01-2026 15:20||NIFTY27JAN2625700CE,0.1423209988084195
23-01-2026 15:20||NIFTY27JAN2625900CE,0.1629744389202415
23-01-2026 15:20||NIFTY27JAN2626200CE,0.1965470722482272
23-01-2026 15:25||NIFTY27JAN2624500PE,0.1275043197417162
23-01-2026 15:25||NIFTY27JAN2624600PE,0.1174192678707684
23-01-2026 15:25||NIFTY27JAN2625700CE,0.1404674546919863
27-01-2026 09:15||NIFTY27JAN2626200CE,0.6737801205980425
27-01-2026 09:15||NIFTY27JAN2626400CE,0.7593576866678393
27-01-2026 09:15||NIFTY27JAN2626500CE,0.832012028207448
27-01-2026 09:20||NIFTY27JAN2624400PE,0.4349499167624289
27-01-2026 09:20||NIFTY27JAN2624900PE,0.3947419932048394
27-01-2026 09:20||NIFTY27JAN2625100PE,0.4225815996342231
27-01-2026 09:20||NIFTY27JAN2625400CE,0.3997000926702119
27-01-2026 09:20||NIFTY27JAN2625500CE,0.4290900790156447
27-01-2026 09:20||NIFTY27JAN2625600CE,0.4708301732689751
27-01-2026 09:20||NIFTY27JAN2625700CE,0.5139188234327605
27-01-2026 09:20||NIFTY27JAN2626500CE,0.914015727582185
27-01-2026 09:25||NIFTY27JAN2623900PE,0.6563456518917802
27-01-2026 09:25||NIFTY27JAN2624600PE,0.34417224534308
27-01-2026 09:25||NIFTY27JAN2625100PE,0.2808403352670549
27-01-2026 09:25||NIFTY27JAN2625500CE,0.4562133292746834
27-01-2026 09:25||NIFTY27JAN2625900CE,0.6321833471410317
27-01-2026 09:25||NIFTY27JAN2626500CE,0.9309158315303696
27-01-2026 09:30||NIFTY27JAN2624400PE,0.4063102716249475
27-01-2026 09:30||NIFTY27JAN2624800PE,0.278177738099856
27-01-2026 09:30||NIFTY27JAN2624900PE,0.2557977446397926
27-01-2026 09:30||NIFTY27JAN2625400CE,0.4359228439369311
27-01-2026 09:30||NIFTY27JAN2625600CE,0.4958238752172045
27-01-2026 09:30||NIFTY27JAN2625800CE,0.5824984350564941
27-01-2026 09:30||NIFTY27JAN2626100CE,0.7364591376641011
27-01-2026 09:30||NIFTY27JAN2626400CE,0.880556369248745
27-01-2026 09:35||NIFTY27JAN2623800PE,0.7445814560703947
27-01-2026 09:35||NIFTY27JAN2624500PE,0.400010658834497
27-01-2026 09:35||NIFTY27JAN2625700CE,0.4880568271858675
27-01-2026 09:35||NIFTY27JAN2626200CE,0.7256731694033752
27-01-2026 09:45||NIFTY27JAN2623800PE,0.8194506926876598
27-01-2026 09:45||NIFTY27JAN2624000PE,0.7245226410323076
27-01-2026 09:45||NIFTY27JAN2624500PE,0.4820404036106078
27-01-2026 09:45||NIFTY27JAN2625000PE,0.3225019113684791
27-01-2026 09:45||NIFTY27JAN2625600CE,0.3686544918875374
27-01-2026 09:45||NIFTY27JAN2626200CE,0.6474207210524184
27-01-2026 09:45||NIFTY27JAN2626300CE,0.6970207913329488
27-01-2026 09:50||NIFTY27JAN2623800PE,0.8219206763730245
27-01-2026 09:50||NIFTY27JAN2624200PE,0.6290224836614754
27-01-2026 09:50||NIFTY27JAN2624800PE,0.3784201148718269
27-01-2026 09:50||NIFTY27JAN2624900PE,0.3596705847900138
27-01-2026 09:50||NIFTY27JAN2626300CE,0.6996871440335396
27-01-2026 09:55||NIFTY27JAN2624100PE,0.677925837635822
27-01-2026 09:55||NIFTY27JAN2624700PE,0.4011556134306519
27-01-2026 09:55||NIFTY27JAN2624800PE,0.3807279319338368
27-01-2026 09:55||NIFTY27JAN2625000PE,0.3518828609125845
27-01-2026 09:55||NIFTY27JAN2625700CE,0.4037927508349848
27-01-2026 09:55||NIFTY27JAN2626000CE,0.5612018048075892
27-01-2026 09:55||NIFTY27JAN2626200CE,0.6655253892036891
27-01-2026 10:00||NIFTY27JAN2624000PE,0.7355594614312332
27-01-2026 10:00||NIFTY27JAN2625300CE,0.3041553986038926
27-01-2026 10:00||NIFTY27JAN2625400CE,0.3057953432139784
27-01-2026 10:00||NIFTY27JAN2625600CE,0.3585890701512195
27-01-2026 10:00||NIFTY27JAN2625800CE,0.4560756602936367
27-01-2026 10:00||NIFTY27JAN2626100CE,0.6130010174455774
27-01-2026 10:00||NIFTY27JAN2626400CE,0.7545702645249637
27-01-2026 10:00||NIFTY27JAN2626500CE,0.7962192067241447
27-01-2026 10:05||NIFTY27JAN2623800PE,0.8307798969647272
27-01-2026 10:05||NIFTY27JAN2623900PE,0.7808954386247163
27-01-2026 10:05||NIFTY27JAN2624100PE,0.6851333578278315
27-01-2026 10:05||NIFTY27JAN2626400CE,0.7669045192662818
27-01-2026 10:10||NIFTY27JAN2624200PE,0.6103080068436714
27-01-2026 10:10||NIFTY27JAN2624900PE,0.3049420033801673
27-01-2026 10:10||NIFTY27JAN2625300CE,0.3670632257102576
27-01-2026 10:10||NIFTY27JAN2625600CE,0.3879367403695539
27-01-2026 10:15||NIFTY27JAN2625800CE,0.4611886904539211
27-01-2026 10:20||NIFTY27JAN2623900PE,0.8284744008168118
27-01-2026 10:20||NIFTY27JAN2624500PE,0.5144045241457875
27-01-2026 10:20||NIFTY27JAN2624600PE,0.4640612226876995
27-01-2026 10:20||NIFTY27JAN2624800PE,0.3860673410429202
27-01-2026 10:20||NIFTY27JAN2625000PE,0.3301773191817198
27-01-2026 10:20||NIFTY27JAN2625400CE,0.2993406180749356
27-01-2026 10:20||NIFTY27JAN2625800CE,0.4391442741140648
27-01-2026 10:25||NIFTY27JAN2624600PE,0.4645209642243196
27-01-2026 10:25||NIFTY27JAN2624900PE,0.3845113038310803
27-01-2026 10:25||NIFTY27JAN2626000CE,0.5591121977238193
27-01-2026 10:25||NIFTY27JAN2626300CE,0.7168140558593619
27-01-2026 10:25||NIFTY27JAN2626400CE,0.7628212272635626
27-01-2026 10:30||NIFTY27JAN2624100PE,0.701578524704119
27-01-2026 10:30||NIFTY27JAN2624800PE,0.3694422387171343
27-01-2026 10:30||NIFTY27JAN2625400CE,0.3155226950087156
27-01-2026 10:30||NIFTY27JAN2625600CE,0.3749162423415437
27-01-2026 10:30||NIFTY27JAN2625900CE,0.5322973560248166
27-01-2026 10:30||NIFTY27JAN2626200CE,0.6950935617708663
27-01-2026 10:35||NIFTY27JAN2624300PE,0.5944114552935632
27-01-2026 10:35||NIFTY27JAN2624400PE,0.5395237989784304
27-01-2026 10:35||NIFTY27JAN2624800PE,0.380619366490094
27-01-2026 10:35||NIFTY27JAN2625200CE,0.2732410320790289
27-01-2026 10:35||NIFTY27JAN2625300CE,0.2853500269818887
27-01-2026 10:35||NIFTY27JAN2625700CE,0.4312491028488511
27-01-2026 10:40||NIFTY27JAN2624400PE,0.5106229113756577
27-01-2026 10:40||NIFTY27JAN2625200CE,0.2815654209758912
27-01-2026 10:40||NIFTY27JAN2625700CE,0.4572613292552146
27-01-2026 10:40||NIFTY27JAN2626100CE,0.6770514148371244
27-01-2026 10:40||NIFTY27JAN2626200CE,0.7287080548990842
27-01-2026 10:45||NIFTY27JAN2624000PE,0.7059193792019215
27-01-2026 10:45||NIFTY27JAN2624700PE,0.3559010199702596
27-01-2026 10:45||NIFTY27JAN2624900PE,0.3199238292906649
27-01-2026 10:45||NIFTY27JAN2625500CE,0.3919143311808022
27-01-2026 10:45||NIFTY27JAN2626200CE,0.7768911956816112
27-01-2026 10:45||NIFTY27JAN2626400CE,0.8691518974958501
27-01-2026 10:50||NIFTY27JAN2623900PE,0.7702700552606007
27-01-2026 10:50||NIFTY27JAN2624000PE,0.7148431369530726
27-01-2026 10:50||NIFTY27JAN2624600PE,0.3935338127590121
27-01-2026 10:50||NIFTY27JAN2625000PE,0.3732247173966166
27-01-2026 10:50||NIFTY27JAN2625200CE,0.3003320958629514
27-01-2026 10:50||NIFTY27JAN2625400CE,0.3691776192707769
27-01-2026 10:50||NIFTY27JAN2625700CE,0.5249681818885891
27-01-2026 10:55||NIFTY27JAN2623900PE,0.7571470531608869
27-01-2026 10:55||NIFTY27JAN2624400PE,0.4663876867400364
27-01-2026 10:55||NIFTY27JAN2624900PE,0.3473280288338936
27-01-2026 10:55||NIFTY27JAN2625000PE,0.3523890536850099
27-01-2026 10:55||NIFTY27JAN2625300CE,0.3485797617393566
27-01-2026 10:55||NIFTY27JAN2625400CE,0.3854748543703223
27-01-2026 10:55||NIFTY27JAN2625600CE,0.4848730875568302
27-01-2026 10:55||NIFTY27JAN2626400CE,0.9244616124374
27-01-2026 11:00||NIFTY27JAN2623800PE,0.8349604678752803
27-01-2026 11:00||NIFTY27JAN2623900PE,0.7683338319964688
27-01-2026 11:00||NIFTY27JAN2624300PE,0.5148797307820839
27-01-2026 11:00||NIFTY27JAN2625200CE,0.3358359553529518
27-01-2026 11:00||NIFTY27JAN2625300CE,0.3571944927775241
27-01-2026 11:00||NIFTY27JAN2625400CE,0.3957989396238052
27-01-2026 11:00||NIFTY27JAN2626300CE,0.8902210740383627
27-01-2026 11:05||NIFTY27JAN2623800PE,0.8180223893576655
27-01-2026 11:05||NIFTY27JAN2624100PE,0.667117573635937
27-01-2026 11:05||NIFTY27JAN2624200PE,0.6031597572286457
27-01-2026 11:05||NIFTY27JAN2624900PE,0.3085052783677178
27-01-2026 11:05||NIFTY27JAN2625300CE,0.3684238674134076
27-01-2026 11:05||NIFTY27JAN2625700CE,0.5449927577627824
27-01-2026 11:10||NIFTY27JAN2624200PE,0.6102287386331521
27-01-2026 11:10||NIFTY27JAN2624400PE,0.484971854794901
27-01-2026 11:10||NIFTY27JAN2624900PE,0.3010074538811561
27-01-2026 11:10||NIFTY27JAN2625300CE,0.3649173289026551
27-01-2026 11:10||NIFTY27JAN2625500CE,0.4341963422091081
27-01-2026 11:10||NIFTY27JAN2625800CE,0.6022170186113878
27-01-2026 11:10||NIFTY27JAN2626500CE,0.9962920885621128
27-01-2026 11:15||NIFTY27JAN2624300PE,0.5498538617922358
27-01-2026 11:15||NIFTY27JAN2625000PE,0.2893288445518432
27-01-2026 11:15||NIFTY27JAN2625100PE,0.2818143676234135
27-01-2026 11:15||NIFTY27JAN2626400CE,0.9353486592007548
27-01-2026 11:20||NIFTY27JAN2625300CE,0.3392897895324904
27-01-2026 11:20||NIFTY27JAN2626100CE,0.7598987777085559
27-01-2026 11:25||NIFTY27JAN2623800PE,0.8674427597160419
27-01-2026 11:25||NIFTY27JAN2624000PE,0.7564629041669259
27-01-2026 11:25||NIFTY27JAN2624200PE,0.6399730540236233
27-01-2026 11:25||NIFTY27JAN2624900PE,0.2887151609447593
27-01-2026 11:25||NIFTY27JAN2625600CE,0.4720346897366137
27-01-2026 11:25||NIFTY27JAN2626500CE,0.9890629051112366
27-01-2026 11:30||NIFTY27JAN2624200PE,0.6700547168067256
27-01-2026 11:30||NIFTY27JAN2625100PE,0.3219982212401249
27-01-2026 11:30||NIFTY27JAN2625600CE,0.4413646270678495
27-01-2026 11:30||NIFTY27JAN2625900CE,0.616451479765148
27-01-2026 11:30||NIFTY27JAN2626200CE,0.7979007703033284
27-01-2026 11:35||NIFTY27JAN2624000PE,0.7928833672900227
27-01-2026 11:35||NIFTY27JAN2624900PE,0.3055943599153662
27-01-2026 11:35||NIFTY27JAN2625200CE,0.3309923525873904
27-01-2026 11:40||NIFTY27JAN2623800PE,0.9321624256455132
27-01-2026 11:40||NIFTY27JAN2624000PE,0.8114711058116697
27-01-2026 11:40||NIFTY27JAN2626000CE,0.6479335459429243
27-01-2026 11:40||NIFTY27JAN2626300CE,0.8165674485909599
27-01-2026 11:45||NIFTY27JAN2624300PE,0.6599625740540391
27-01-2026 11:45||NIFTY27JAN2624400PE,0.5969070333622853
27-01-2026 11:45||NIFTY27JAN2624500PE,0.5383698679540386
27-01-2026 11:45||NIFTY27JAN2626100CE,0.6735682685716333
27-01-2026 11:45||NIFTY27JAN2626400CE,0.833024895141147
27-01-2026 11:50||NIFTY27JAN2624700PE,0.4126490101549319
27-01-2026 11:50||NIFTY27JAN2624900PE,0.3700071317350562
27-01-2026 11:50||NIFTY27JAN2625700CE,0.4725063719442841
27-01-2026 11:50||NIFTY27JAN2626000CE,0.6460814352012357
27-01-2026 11:55||NIFTY27JAN2623900PE,0.8890658016971126
27-01-2026 11:55||NIFTY27JAN2624000PE,0.8252135138474398
27-01-2026 11:55||NIFTY27JAN2624400PE,0.5561721389705773
27-01-2026 11:55||NIFTY27JAN2624500PE,0.4943435187827803
27-01-2026 11:55||NIFTY27JAN2624800PE,0.3607073564122062
27-01-2026 11:55||NIFTY27JAN2625200CE,0.3792930633672869
27-01-2026 11:55||NIFTY27JAN2625400CE,0.3784497455064076
27-01-2026 11:55||NIFTY27JAN2626500CE,0.9693652279020876
27-01-2026 12:00||NIFTY27JAN2624200PE,0.7019928762342637
27-01-2026 12:00||NIFTY27JAN2624300PE,0.6363815953331773
27-01-2026 12:00||NIFTY27JAN2624500PE,0.5103521151894366
27-01-2026 12:00||NIFTY27JAN2625100PE,0.3119551791986228
27-01-2026 12:00||NIFTY27JAN2625500CE,0.4021487212916844
27-01-2026 12:00||NIFTY27JAN2626100CE,0.7133619781034098
27-01-2026 12:00||NIFTY27JAN2626400CE,0.8856849794073117
27-01-2026 12:00||NIFTY27JAN2626500CE,0.9353668311285688
27-01-2026 12:05||NIFTY27JAN2624500PE,0.5308212404418571
27-01-2026 12:05||NIFTY27JAN2624700PE,0.4260425041111629
27-01-2026 12:05||NIFTY27JAN2625100PE,0.3474073652663549
27-01-2026 12:05||NIFTY27JAN2625900CE,0.5944887296157827
27-01-2026 12:05||NIFTY27JAN2626500CE,0.954435243760509
27-01-2026 12:10||NIFTY27JAN2624400PE,0.6038986411972403
27-01-2026 12:10||NIFTY27JAN2625700CE,0.4855575810444821
27-01-2026 12:10||NIFTY27JAN2626400CE,0.9070753814904136
27-01-2026 12:15||NIFTY27JAN2624500PE,0.5508877022251699
27-01-2026 12:15||NIFTY27JAN2624600PE,0.494870687583027
27-01-2026 12:15||NIFTY27JAN2626000CE,0.675231707715897
27-01-2026 12:15||NIFTY27JAN2626200CE,0.7932873384652263
27-01-2026 12:20||NIFTY27JAN2624000PE,0.8756217243541636
27-01-2026 12:20||NIFTY27JAN2624200PE,0.754084628668269
27-01-2026 12:20||NIFTY27JAN2625000PE,0.3016669046734808
27-01-2026 12:20||NIFTY27JAN2625300CE,0.3656844817193459
27-01-2026 12:20||NIFTY27JAN2625600CE,0.4488706047915582
27-01-2026 12:25||NIFTY27JAN2624100PE,0.8382730746219612
27-01-2026 12:25||NIFTY27JAN2624700PE,0.4608916978775996
27-01-2026 12:25||NIFTY27JAN2625400CE,0.3327547908905531
27-01-2026 12:25||NIFTY27JAN2625900CE,0.6231335235886472
27-01-2026 12:30||NIFTY27JAN2625300CE,0.3391974385499994
27-01-2026 12:35||NIFTY27JAN2624100PE,0.8446180994772008
27-01-2026 12:35||NIFTY27JAN2624400PE,0.6401966980779893
27-01-2026 12:35||NIFTY27JAN2624900PE,0.3845058342848343
27-01-2026 12:35||NIFTY27JAN2625100PE,0.3717292916512867
27-01-2026 12:35||NIFTY27JAN2625800CE,0.6010496747593871
27-01-2026 12:35||NIFTY27JAN2626100CE,0.7944048810433327
27-01-2026 12:40||NIFTY27JAN2624200PE,0.7761867696101761
27-01-2026 12:40||NIFTY27JAN2624700PE,0.4344922604022024
27-01-2026 12:40||NIFTY27JAN2624800PE,0.3917235042052926
27-01-2026 12:40||NIFTY27JAN2624900PE,0.3612460837639228
27-01-2026 12:40||NIFTY27JAN2625100PE,0.3633456592466805
27-01-2026 12:40||NIFTY27JAN2625200CE,0.3379639378938795
27-01-2026 12:40||NIFTY27JAN2625900CE,0.6815156237493076
27-01-2026 12:40||NIFTY27JAN2626000CE,0.746916324983472
27-01-2026 12:40||NIFTY27JAN2626300CE,0.9377728887095788
27-01-2026 12:45||NIFTY27JAN2625200CE,0.3052080811711073
27-01-2026 12:45||NIFTY27JAN2625700CE,0.5685401944655006
27-01-2026 12:45||NIFTY27JAN2625900CE,0.6978804609044668
27-01-2026 12:45||NIFTY27JAN2626200CE,0.8935507791612458
27-01-2026 12:50||NIFTY27JAN2624600PE,0.4776657470066605
27-01-2026 12:50||NIFTY27JAN2625000PE,0.2694115496370755
27-01-2026 12:50||NIFTY27JAN2625100PE,0.2240817313294418
27-01-2026 12:50||NIFTY27JAN2625900CE,0.7234530496091793
27-01-2026 12:50||NIFTY27JAN2626200CE,0.9201869818777728
27-01-2026 12:50||NIFTY27JAN2626500CE,1.098909149507075
27-01-2026 12:55||NIFTY27JAN2623900PE,1.0272012619411313
27-01-2026 12:55||NIFTY27JAN2624000PE,0.954683254968482
27-01-2026 12:55||NIFTY27JAN2625500CE,0.4473218688859713
27-01-2026 12:55||NIFTY27JAN2625600CE,0.510703803186517
27-01-2026 12:55||NIFTY27JAN2625800CE,0.6508455949904671
27-01-2026 12:55||NIFTY27JAN2626200CE,0.9178566034563388
27-01-2026 13:00||NIFTY27JAN2624100PE,0.8874217328023633
27-01-2026 13:00||NIFTY27JAN2624500PE,0.5885660347402819
27-01-2026 13:00||NIFTY27JAN2625400CE,0.3972497358651377
27-01-2026 13:00||NIFTY27JAN2626000CE,0.798369293958525
27-01-2026 13:05||NIFTY27JAN2623900PE,1.0367122839373517
27-01-2026 13:05||NIFTY27JAN2624500PE,0.5851073361020025
27-01-2026 13:05||NIFTY27JAN2624800PE,0.3914136398628762
27-01-2026 13:10||NIFTY27JAN2624200PE,0.8283413868847985
27-01-2026 13:10||NIFTY27JAN2624500PE,0.6085624990353456
27-01-2026 13:10||NIFTY27JAN2624600PE,0.5333116326765991
27-01-2026 13:10||NIFTY27JAN2624700PE,0.4683872088445612
27-01-2026 13:15||NIFTY27JAN2624400PE,0.6902401196245302
27-01-2026 13:15||NIFTY27JAN2625000PE,0.3130505906238887
27-01-2026 13:15||NIFTY27JAN2625200CE,0.3841146471130407
27-01-2026 13:15||NIFTY27JAN2626300CE,1.0553474761893218
27-01-2026 13:20||NIFTY27JAN2624000PE,1.0125035761081724
27-01-2026 13:20||NIFTY27JAN2624200PE,0.864916637017024
27-01-2026 13:20||NIFTY27JAN2624600PE,0.5352278474001324
27-01-2026 13:20||NIFTY27JAN2624900PE,0.3447230670408244
27-01-2026 13:20||NIFTY27JAN2625700CE,0.6292824302039914
27-01-2026 13:20||NIFTY27JAN2625900CE,0.7769163293358434
27-01-2026 13:25||NIFTY27JAN2623800PE,1.176914596302271
27-01-2026 13:25||NIFTY27JAN2625100PE,0.2756610180067519
27-01-2026 13:25||NIFTY27JAN2625700CE,0.6333152125282796
27-01-2026 13:30||NIFTY27JAN2624100PE,1.0096996809283774
27-01-2026 13:30||NIFTY27JAN2624300PE,0.8436864577843824
27-01-2026 13:30||NIFTY27JAN2625100PE,0.3479222138760183
27-01-2026 13:30||NIFTY27JAN2625400CE,0.429042027218507
27-01-2026 13:30||NIFTY27JAN2626300CE,1.101929615041397
27-01-2026 13:35||NIFTY27JAN2623900PE,1.1566222100065222
27-01-2026 13:35||NIFTY27JAN2624300PE,0.8427510334836992
27-01-2026 13:35||NIFTY27JAN2624400PE,0.7598581513908536
27-01-2026 13:35||NIFTY27JAN2624600PE,0.6133893554469064
27-01-2026 13:35||NIFTY27JAN2624800PE,0.52090615447124
27-01-2026 13:35||NIFTY27JAN2625300CE,0.3523261010656241
27-01-2026 13:35||NIFTY27JAN2625600CE,0.5801793034627685
27-01-2026 13:35||NIFTY27JAN2626000CE,0.90569650328662
27-01-2026 13:35||NIFTY27JAN2626200CE,1.0626487568336276
27-01-2026 13:35||NIFTY27JAN2626300CE,1.1389267672998953
27-01-2026 13:35||NIFTY27JAN2626400CE,1.2138772626650556
27-01-2026 13:40||NIFTY27JAN2625500CE,0.569813026040704
27-01-2026 13:40||NIFTY27JAN2626300CE,1.1978709400797518
27-01-2026 13:45||NIFTY27JAN2623800PE,1.239538917279058
27-01-2026 13:45||NIFTY27JAN2623900PE,1.1581833359665428
27-01-2026 13:45||NIFTY27JAN2624100PE,1.008444023079122
27-01-2026 13:45||NIFTY27JAN2624700PE,0.4782167277853407
27-01-2026 13:45||NIFTY27JAN2625300CE,0.4600206937007649
27-01-2026 13:45||NIFTY27JAN2625600CE,0.6615609014623184
27-01-2026 13:45||NIFTY27JAN2625700CE,0.7409253100862444
27-01-2026 13:45||NIFTY27JAN2625800CE,0.8230183646780636
27-01-2026 13:45||NIFTY27JAN2625900CE,0.9040916019618576
27-01-2026 13:45||NIFTY27JAN2626000CE,0.9834880809799516
27-01-2026 13:45||NIFTY27JAN2626300CE,1.224656034696956
27-01-2026 13:45||NIFTY27JAN2626400CE,1.294370347271847
27-01-2026 13:50||NIFTY27JAN2623900PE,1.2306890472177143
27-01-2026 13:50||NIFTY27JAN2624800PE,0.437688880877727
27-01-2026 13:50||NIFTY27JAN2625000PE,0.3556586985297458
27-01-2026 13:50||NIFTY27JAN2626200CE,1.175515435186028
27-01-2026 13:55||NIFTY27JAN2623800PE,1.315346951918871
27-01-2026 13:55||NIFTY27JAN2624000PE,1.1689208926108898
27-01-2026 13:55||NIFTY27JAN2624100PE,1.087137449164841
27-01-2026 13:55||NIFTY27JAN2624300PE,0.8929068321689547
27-01-2026 13:55||NIFTY27JAN2624400PE,0.7897949111856346
27-01-2026 13:55||NIFTY27JAN2624600PE,0.5828686388533043
27-01-2026 13:55||NIFTY27JAN2624900PE,0.3535705986588054
27-01-2026 13:55||NIFTY27JAN2625400CE,0.5183415763759984
27-01-2026 13:55||NIFTY27JAN2625700CE,0.7958883064772856
27-01-2026 14:00||NIFTY27JAN2623800PE,1.3745014810644651
27-01-2026 14:00||NIFTY27JAN2624300PE,0.9052442948185906
27-01-2026 14:00||NIFTY27JAN2624500PE,0.7024913088090478
27-01-2026 14:00||NIFTY27JAN2625000PE,0.4135483524202976
27-01-2026 14:00||NIFTY27JAN2625100PE,0.4500003924136825
27-01-2026 14:05||NIFTY27JAN2624000PE,1.1981718073322458
27-01-2026 14:05||NIFTY27JAN2624800PE,0.4064505075410401
27-01-2026 14:05||NIFTY27JAN2625400CE,0.5727487238569386
27-01-2026 14:05||NIFTY27JAN2625700CE,0.8729883682348974
27-01-2026 14:05||NIFTY27JAN2625800CE,0.9680179131564874
27-01-2026 14:05||NIFTY27JAN2626100CE,1.240093683987355
27-01-2026 14:05||NIFTY27JAN2626200CE,1.3227983940808363
27-01-2026 14:05||NIFTY27JAN2626400CE,1.490279953510728
27-01-2026 14:10||NIFTY27JAN2623900PE,1.3198547463352976
27-01-2026 14:10||NIFTY27JAN2624000PE,1.2302463667745334
27-01-2026 14:10||NIFTY27JAN2624600PE,0.6121338722822891
27-01-2026 14:10||NIFTY27JAN2625500CE,0.6636077995705633
27-01-2026 14:10||NIFTY27JAN2626000CE,1.1515787619356015
27-01-2026 14:10||NIFTY27JAN2626200CE,1.3296351941873232
27-01-2026 14:15||NIFTY27JAN2624000PE,1.277856804323125
27-01-2026 14:15||NIFTY27JAN2624400PE,0.8405089629058079
27-01-2026 14:15||NIFTY27JAN2624900PE,0.3612147627538711
27-01-2026 14:15||NIFTY27JAN2625600CE,0.7809695232506644
27-01-2026 14:15||NIFTY27JAN2625800CE,0.990664698945243
27-01-2026 14:20||NIFTY27JAN2624100PE,1.1853443946321862
27-01-2026 14:20||NIFTY27JAN2625500CE,0.693222798604479
27-01-2026 14:20||NIFTY27JAN2626000CE,1.1940411641507849
27-01-2026 14:20||NIFTY27JAN2626100CE,1.2960616782370995
27-01-2026 14:20||NIFTY27JAN2626500CE,1.710304910405439
27-01-2026 14:25||NIFTY27JAN2623800PE,1.555161926904414
27-01-2026 14:25||NIFTY27JAN2623900PE,1.4439065032281733
27-01-2026 14:25||NIFTY27JAN2624000PE,1.3424820389136898
27-01-2026 14:25||NIFTY27JAN2624200PE,1.1153238310735467
27-01-2026 14:25||NIFTY27JAN2624300PE,1.0026612327375668
27-01-2026 14:25||NIFTY27JAN2624800PE,0.4163718667049542
27-01-2026 14:25||NIFTY27JAN2624900PE,0.3122233181907609
27-01-2026 14:25||NIFTY27JAN2625000PE,0.2175409173245778
27-01-2026 14:25||NIFTY27JAN2625700CE,0.9497666851184864
27-01-2026 14:30||NIFTY27JAN2624000PE,1.415399817619054
27-01-2026 14:30||NIFTY27JAN2624200PE,1.1978488752761092
27-01-2026 14:30||NIFTY27JAN2624600PE,0.6883186869214213
27-01-2026 14:30||NIFTY27JAN2625100PE,0.2437482757448929
27-01-2026 14:30||NIFTY27JAN2626400CE,1.7658469360595987
27-01-2026 14:35||NIFTY27JAN2624000PE,1.4625507508385105
27-01-2026 14:35||NIFTY27JAN2624200PE,1.2511561365636683
27-01-2026 14:35||NIFTY27JAN2624900PE,0.3455639053587515
27-01-2026 14:35||NIFTY27JAN2625000PE,0.2276219150834287
27-01-2026 14:35||NIFTY27JAN2626200CE,1.5931319981209469
27-01-2026 14:40||NIFTY27JAN2624000PE,1.571174431487388
27-01-2026 14:40||NIFTY27JAN2624800PE,0.5463679495197163
27-01-2026 14:40||NIFTY27JAN2626200CE,1.526587695687026
27-01-2026 14:40||NIFTY27JAN2626400CE,1.7484657317338752
27-01-2026 14:45||NIFTY27JAN2624000PE,1.6267178637886444
27-01-2026 14:45||NIFTY27JAN2624200PE,1.4097572487807268
27-01-2026 14:45||NIFTY27JAN2624700PE,0.7285979021647147
27-01-2026 14:45||NIFTY27JAN2625400CE,0.5503966101854272
27-01-2026 14:45||NIFTY27JAN2626400CE,1.8237433567547
27-01-2026 14:45||NIFTY27JAN2626500CE,1.925824757374387
27-01-2026 14:50||NIFTY27JAN2623800PE,2.033337777354923
27-01-2026 14:50||NIFTY27JAN2624000PE,1.7681233433911074
27-01-2026 14:50||NIFTY27JAN2624200PE,1.5315446679274902
27-01-2026 14:50||NIFTY27JAN2624800PE,0.6274521083248931
27-01-2026 14:50||NIFTY27JAN2625200CE,0.3317817348410691
27-01-2026 14:50||NIFTY27JAN2625900CE,1.2355755328562863
27-01-2026 14:55||NIFTY27JAN2623800PE,2.1777864145319907
27-01-2026 14:55||NIFTY27JAN2624000PE,1.9599428972068655
27-01-2026 14:55||NIFTY27JAN2624800PE,0.7386063851893399
27-01-2026 14:55||NIFTY27JAN2625500CE,0.6764754513174148
27-01-2026 14:55||NIFTY27JAN2625800CE,1.1444870602593753
27-01-2026 14:55||NIFTY27JAN2626400CE,1.886701225337388
27-01-2026 15:00||NIFTY27JAN2624100PE,1.851498734731222
27-01-2026 15:00||NIFTY27JAN2624700PE,0.864630659840315
27-01-2026 15:00||NIFTY27JAN2625100PE,0.315911513768582
27-01-2026 15:00||NIFTY27JAN2625400CE,0.5903892889079687
27-01-2026 15:05||NIFTY27JAN2624000PE,2.157397020796369
27-01-2026 15:05||NIFTY27JAN2624100PE,1.9936762234940335
27-01-2026 15:05||NIFTY27JAN2624200PE,1.8287122276420305
27-01-2026 15:05||NIFTY27JAN2624500PE,1.2974316776679893
27-01-2026 15:05||NIFTY27JAN2626300CE,2.0438685913710057
27-01-2026 15:10||NIFTY27JAN2623900PE,2.5390928955901773
27-01-2026 15:10||NIFTY27JAN2624000PE,2.380530631379065
27-01-2026 15:10||NIFTY27JAN2624900PE,0.6055233600718514
27-01-2026 15:10||NIFTY27JAN2625400CE,0.6162695633344675
27-01-2026 15:10||NIFTY27JAN2625600CE,0.9887306295889108
27-01-2026 15:10||NIFTY27JAN2625800CE,1.3620548135063697
27-01-2026 15:10||NIFTY27JAN2626000CE,1.756111526679195
27-01-2026 15:15||NIFTY27JAN2625000PE,0.5076565756042243
27-01-2026 15:15||NIFTY27JAN2625900CE,1.7367708496580865
27-01-2026 15:15||NIFTY27JAN2626000CE,1.961709574137876
27-01-2026 15:15||NIFTY27JAN2626400CE,2.702292185652992
27-01-2026 15:20||NIFTY27JAN2623800PE,3.9305651208867767
27-01-2026 15:20||NIFTY27JAN2623900PE,3.696863064228248
27-01-2026 15:20||NIFTY27JAN2624900PE,0.947741803239087
27-01-2026 15:20||NIFTY27JAN2625500CE,0.9566174727318686
27-01-2026 15:20||NIFTY27JAN2626000CE,2.331432289836944
27-01-2026 15:20||NIFTY27JAN2626300CE,3.0532375626837696
27-01-2026 15:20||NIFTY27JAN2626400CE,3.308597965849456
27-01-2026 15:25||NIFTY27JAN2623800PE,5.594409350221983
27-01-2026 15:25||NIFTY27JAN2624900PE,1.450754174403328
27-01-2026 15:25||NIFTY27JAN2625100PE,0.6631113704154218
27-01-2026 15:25||NIFTY27JAN2626100CE,3.3720650591974706
27-01-2026 15:25||NIFTY27JAN2626300CE,3.9672122035357695
27-01-2026 15:25||NIFTY27JAN2626400CE,4.211736020990855
27-01-2026 15:25||NIFTY27JAN2626500CE,4.769233613964084
